{
"type": "FeatureCollection",
"name": "maakunnat_500m",
"crs": { "type": "name", "properties": { "name": "urn:ogc:def:crs:EPSG::3067" } },
"features": [
{ "type": "Feature", "properties": { "id": 1, "gml_id": 28061401, "natcode": "01", "namefin": "Uusimaa", "nameswe": "Nyland" }, "geometry": { "type": "MultiPolygon", "coordinates": [ [ [ [ 384970.196999969019089, 6644567.215999888256192 ], [ 376086.081999963033013, 6641461.91499967686832 ], [ 359153.318999966606498, 6633707.382998855784535 ], [ 343176.359000028343871, 6630628.240997115150094 ], [ 294490.014001868781634, 6618848.238974315114319 ], [ 266500.73100691131549, 6618119.392928333953023 ], [ 255142.398010932229226, 6616097.708895474672318 ], [ 265381.86900781863369, 6642262.094921662472188 ], [ 266642.639007630117703, 6651300.583923541009426 ], [ 265120.511008209083229, 6654410.383918909355998 ], [ 265203.537008301122114, 6659118.663918334059417 ], [ 266091.484008064027876, 6661666.309920352883637 ], [ 268704.93300723558059, 6662033.088927173987031 ], [ 268643.953007165924646, 6658136.551927619613707 ], [ 274387.242005598265678, 6658255.018940851092339 ], [ 276350.25600521301385, 6662951.308944314718246 ], [ 275228.754005535389297, 6666180.053941631689668 ], [ 276921.236005180689972, 6668826.83894476480782 ], [ 278790.122004781034775, 6669802.942948272451758 ], [ 280713.644004353962373, 6667824.97695198468864 ], [ 281519.049004208762199, 6668690.271953301504254 ], [ 281645.756004175869748, 6668057.071953578852117 ], [ 285913.262003432144411, 6668838.273960334248841 ], [ 288770.21800301852636, 6671180.924964225850999 ], [ 288747.559003035305068, 6672438.198964099399745 ], [ 289708.38300289446488, 6672149.323965415358543 ], [ 293413.231002430198714, 6674347.892969891428947 ], [ 293526.06400243495591, 6676460.99996988940984 ], [ 294855.188002290611621, 6678032.361971321515739 ], [ 296303.672002128325403, 6678078.161972913891077 ], [ 295628.371002188418061, 6676265.919972286559641 ], [ 298119.96200190653326, 6673665.521975034847856 ], [ 299125.388001821236685, 6675523.719975926913321 ], [ 304203.939001387509052, 6675869.043980413116515 ], [ 309001.264001071220264, 6678917.711983871646225 ], [ 311980.974000893358607, 6677569.527985842898488 ], [ 314278.738000779994763, 6678574.399987160228193 ], [ 313540.284000827930868, 6681791.095986646600068 ], [ 314298.047000792925246, 6682451.862987065687776 ], [ 311140.413000970613211, 6685137.3959850827232 ], [ 311715.885000940412283, 6685751.6059854272753 ], [ 311549.639000950672198, 6685930.145985318347812 ], [ 311590.682000948232599, 6685967.214985342696309 ], [ 311574.601000949391164, 6686021.911985332146287 ], [ 311594.767000948253553, 6686042.341985343024135 ], [ 312636.046000888221897, 6685266.043986010365188 ], [ 312741.828000887006056, 6686428.565986040048301 ], [ 313407.291000847588293, 6685196.410986474715173 ], [ 313660.967000843491405, 6687653.892986550927162 ], [ 316232.960000726801809, 6689799.415987933054566 ], [ 317054.174000686616637, 6688711.468988390639424 ], [ 319231.63200060086092, 6690169.648989434354007 ], [ 319813.052000587980729, 6693508.173989636823535 ], [ 319314.378000617434736, 6696972.812989320605993 ], [ 320907.257000557496212, 6697465.155990057624876 ], [ 321842.382000527752098, 6699055.424990436993539 ], [ 323127.585000483551994, 6698912.219990990124643 ], [ 323673.867000476690009, 6703557.928991128690541 ], [ 323117.104000500927214, 6705869.090990852564573 ], [ 318062.995000697730575, 6706087.887988482601941 ], [ 320774.234000598371495, 6710467.029989712871611 ], [ 326277.398000411456451, 6710299.978992030024529 ], [ 328244.54900036030449, 6712063.461992714554071 ], [ 327251.398000392713584, 6714638.872992316260934 ], [ 328002.562000373727642, 6715511.560992574319243 ], [ 327002.247000405797735, 6717531.524992178194225 ], [ 329370.406000341987237, 6717651.274993013590574 ], [ 331428.894000301253982, 6722861.158993607386947 ], [ 328533.194000376970507, 6724398.217992620542645 ], [ 330561.662000330863521, 6727772.869993259198964 ], [ 331530.806000308308285, 6728178.175993566401303 ], [ 333894.056000253534876, 6726289.781994298100471 ], [ 338216.00400017661741, 6726835.898995413444936 ], [ 340496.51100014091935, 6724901.413995943032205 ], [ 343233.493000106187537, 6724226.417996498756111 ], [ 345453.734000083059072, 6724683.954996893182397 ], [ 348814.749000052863266, 6723424.07099743373692 ], [ 348558.320000053499825, 6721608.136997404508293 ], [ 351205.054000032250769, 6717453.113997790962458 ], [ 352336.954000025813002, 6718035.072997928597033 ], [ 351726.813000030175317, 6719544.043997845612466 ], [ 354830.591000014799647, 6722516.942998199723661 ], [ 358173.251999999745749, 6720150.202998545952141 ], [ 357451.776000001700595, 6718512.486998481675982 ], [ 358726.218999996199273, 6715710.044998607598245 ], [ 365623.962999980081804, 6716265.580999126657844 ], [ 367281.817999978433363, 6719099.390999220311642 ], [ 366566.029999979771674, 6720982.547999174334109 ], [ 366879.952999980188906, 6724828.49999918602407 ], [ 369728.765999977418687, 6728123.904999340884387 ], [ 373774.102999974158593, 6725944.311999530531466 ], [ 376423.918999973218888, 6725649.76799963414669 ], [ 377798.347999973339029, 6726987.712999679148197 ], [ 378600.995999973209109, 6726288.339999704621732 ], [ 380321.142999973555561, 6728341.143999755382538 ], [ 381694.891999973799102, 6727570.348999791778624 ], [ 381699.597999973630067, 6726787.922999794594944 ], [ 381841.247999973827973, 6727594.906999798491597 ], [ 381927.012999973958358, 6726785.715999799780548 ], [ 384903.492999974929262, 6726773.31099986936897 ], [ 386372.15999997529434, 6727041.279999900609255 ], [ 387050.164999975939281, 6728218.215999914333224 ], [ 392674.161999978707172, 6729306.240000003948808 ], [ 393672.483999979274813, 6728679.59900001809001 ], [ 393798.276999979279935, 6727492.796000019647181 ], [ 396830.393999981402885, 6726575.163000052794814 ], [ 395415.211999980383553, 6730809.544000037945807 ], [ 401434.613999984168913, 6733488.904000093229115 ], [ 398860.171999982558191, 6734306.428000072948635 ], [ 397446.714999981923029, 6736041.630000060424209 ], [ 394576.167999980330933, 6732543.626000027172267 ], [ 394084.194999979925342, 6733721.41700002271682 ], [ 395974.250999981246423, 6737895.73600004427135 ], [ 399355.782999982940964, 6738403.41700007673353 ], [ 399519.499999983177986, 6739515.230000079609454 ], [ 396745.347999981779139, 6743091.577000051736832 ], [ 397258.444999982020818, 6744059.486000058241189 ], [ 401207.547999984468333, 6743917.343000093474984 ], [ 401508.471999984467402, 6745709.423000096343458 ], [ 402662.437999985122588, 6746389.452000103890896 ], [ 403206.299999985552859, 6742272.203000106848776 ], [ 406583.623999987088609, 6739083.470000124536455 ], [ 407242.577999987406656, 6736361.884000129066408 ], [ 408411.21699998807162, 6737335.588000132702291 ], [ 411827.687999989837408, 6736406.800000146962702 ], [ 414724.966999991156626, 6741021.656000156886876 ], [ 416961.359999992127996, 6740661.423000163398683 ], [ 418978.388999993156176, 6735649.515000165440142 ], [ 419174.129999993077945, 6730717.88200016412884 ], [ 424096.83899999485584, 6726998.039000171236694 ], [ 424425.80799999483861, 6727967.388000170700252 ], [ 426073.716999995231163, 6727890.470000173896551 ], [ 426214.651999995519873, 6729495.67000017222017 ], [ 427894.201999995915685, 6729156.008000175468624 ], [ 430325.257999996421859, 6732101.752000177279115 ], [ 431598.60299999685958, 6730923.0900001777336 ], [ 436218.262999997823499, 6731493.918000180274248 ], [ 437791.573999998217914, 6733477.421000178903341 ], [ 440828.432999998447485, 6733857.073000180535018 ], [ 441787.769999998505227, 6730507.19500018004328 ], [ 446949.952999999222811, 6731617.596000182442367 ], [ 451349.206999999296386, 6728185.149000180885196 ], [ 453151.056999999447726, 6728618.779000180773437 ], [ 457124.645999999600463, 6731439.294000182300806 ], [ 457664.843999999575317, 6732883.160000180825591 ], [ 456858.860999999684282, 6736092.07900018338114 ], [ 457981.670999999856576, 6734948.183000183664262 ], [ 459287.054999999818392, 6734961.069000183604658 ], [ 459666.285999999905471, 6736543.851000182330608 ], [ 461853.105999999912456, 6735059.488000184297562 ], [ 461712.679999999934807, 6733022.501000182703137 ], [ 463493.668999999877997, 6730906.749000181443989 ], [ 463855.764000000141095, 6726862.316000179387629 ], [ 465138.768999999854714, 6726002.733000179752707 ], [ 464312.69299999991199, 6725246.074000178836286 ], [ 468908.553999999945518, 6723888.272000179626048 ], [ 470378.370999999984633, 6722709.820000179111958 ], [ 471708.848999999987427, 6717995.298000177368522 ], [ 474758.047999999951571, 6717763.489000175148249 ], [ 475008.678999999945518, 6713299.021000173874199 ], [ 473067.660999999963678, 6713232.92600017413497 ], [ 471924.729999999923166, 6712054.7920001745224 ], [ 473171.241999999969266, 6710238.940000171773136 ], [ 471969.837, 6708710.146000172011554 ], [ 470921.4419999999227, 6708812.573000172153115 ], [ 470548.026000000012573, 6706898.26400017272681 ], [ 469660.842999999935273, 6706380.051000173203647 ], [ 472040.077999999979511, 6699096.736000168137252 ], [ 472052.984, 6697416.916000168770552 ], [ 471050.993999999889638, 6696805.354000167921185 ], [ 472528.211999999883119, 6694514.693000167608261 ], [ 475673.652, 6692068.282000166364014 ], [ 476843.465999999956694, 6682647.004000162705779 ], [ 480933.84599999996135, 6670541.515000157058239 ], [ 478409.458999999973457, 6669488.764000155963004 ], [ 471794.312000000150874, 6668616.332000155933201 ], [ 460716.452999999688473, 6656801.644000148400664 ], [ 454792.644999999611173, 6655944.768000149168074 ], [ 448432.690999999351334, 6653337.93600014783442 ], [ 445150.625999998825137, 6649234.044000145047903 ], [ 420778.51899999321904, 6644262.586000132374465 ], [ 397725.004999979457352, 6646526.022000043652952 ], [ 384970.196999969019089, 6644567.215999888256192 ] ] ] ] } },
{ "type": "Feature", "properties": { "id": 2, "gml_id": 28061492, "natcode": "15", "namefin": "Pohjanmaa", "nameswe": "Österbotten" }, "geometry": { "type": "MultiPolygon", "coordinates": [ [ [ [ 176308.585300979437307, 6880854.954252313822508 ], [ 172554.615382092481013, 6931029.856850196607411 ], [ 163787.670542703534011, 6972794.962071885354817 ], [ 156269.296757730073296, 7022279.562071002088487 ], [ 169981.509550987218972, 7039576.986048576422036 ], [ 186369.27336345682852, 7054850.130966996774077 ], [ 198787.698254650516901, 7057739.88852022588253 ], [ 228494.321103768772446, 7071590.599335503764451 ], [ 235982.345080579456408, 7071536.916469228453934 ], [ 247329.894054496922763, 7073840.815624927170575 ], [ 260193.075035457732156, 7089204.935744150541723 ], [ 265356.38703001831891, 7099969.983779510483146 ], [ 269757.207025762763806, 7106576.567807553336024 ], [ 291806.796010018326342, 7098121.703916073776782 ], [ 295341.144008354982361, 7090096.043928288854659 ], [ 297573.901007383305114, 7082651.379935524426401 ], [ 296048.421007841243409, 7079638.58793200366199 ], [ 299169.062006782973185, 7078795.50594006665051 ], [ 299396.658006685611326, 7077480.273940801620483 ], [ 299553.509006661945023, 7078697.0569410007447 ], [ 303549.675005549215712, 7079942.706949690356851 ], [ 310837.425003829062916, 7073823.974963463842869 ], [ 311691.634003674611449, 7074187.753964747302234 ], [ 311946.743003620649688, 7073515.89996518753469 ], [ 310968.427003803080879, 7073707.995963679626584 ], [ 314290.001003189128824, 7070565.494968768209219 ], [ 315735.400002992129885, 7073594.866970465518534 ], [ 318721.936002582777292, 7075736.622973995283246 ], [ 322073.107002161093988, 7075220.16597767546773 ], [ 322655.928002087865025, 7074189.190978318452835 ], [ 323479.108001999440603, 7074466.557979109697044 ], [ 324246.299001909676008, 7073110.667979901656508 ], [ 323810.8360019515967, 7072535.595979522913694 ], [ 324714.069001859053969, 7072647.811980354599655 ], [ 326421.512001718918327, 7077191.278981656767428 ], [ 338953.924000797152985, 7064950.881990367546678 ], [ 336906.316000896273181, 7062947.035989359021187 ], [ 334271.841001054795925, 7064707.526987810619175 ], [ 329782.695001350599341, 7061224.601984956301749 ], [ 329115.386001406586729, 7062081.245984438806772 ], [ 329396.562001379556023, 7061004.382984683848917 ], [ 328749.017001429921947, 7060805.422984211705625 ], [ 327871.084001504234038, 7061212.065983521752059 ], [ 326268.98000165441772, 7063096.641982146538794 ], [ 326019.04900166974403, 7061746.360981996171176 ], [ 325894.544001687259879, 7062825.040981844998896 ], [ 326293.538001652108505, 7063123.417982168495655 ], [ 326874.177001597359776, 7062612.726982668973505 ], [ 326832.996001604769845, 7063304.618982606567442 ], [ 325225.512001757859252, 7064128.179981209337711 ], [ 325926.953001677873544, 7061683.33898192178458 ], [ 324287.814001828315668, 7060552.915980542078614 ], [ 324769.358001772547141, 7059100.084981038235128 ], [ 324397.560001804959029, 7058447.330980736762285 ], [ 322684.579001985024661, 7059188.109979118220508 ], [ 325898.683001647412311, 7055701.02898215688765 ], [ 326772.708001574210357, 7056566.964982838369906 ], [ 327739.738001488964073, 7056046.811983624473214 ], [ 329258.997001373849344, 7057500.568984713405371 ], [ 330284.590001286647748, 7055339.625985524617136 ], [ 329412.709001346607693, 7054146.655984948389232 ], [ 329044.917001376859844, 7054532.601984666660428 ], [ 329010.342001374228857, 7053435.0669846823439 ], [ 330117.700001291523222, 7053663.603985466063023 ], [ 330048.196001288713887, 7051796.215985482558608 ], [ 333511.413001044886187, 7049104.025987816043198 ], [ 333399.799001012986992, 7038382.825988063588738 ], [ 335590.009000870923046, 7032471.17498944606632 ], [ 334929.075000905024353, 7032219.919989095069468 ], [ 331474.916001119301654, 7034711.749986999668181 ], [ 328212.792001371504739, 7039548.573984614573419 ], [ 328735.559001334826462, 7040236.047984968870878 ], [ 327811.153001416067127, 7042330.426984213292599 ], [ 326626.683001510915346, 7041894.340983321890235 ], [ 324276.543001730577089, 7043754.978981304913759 ], [ 321710.002001991611905, 7044241.501978942193091 ], [ 320481.677002139680553, 7046141.492977631278336 ], [ 316970.812002560123801, 7044669.400973916053772 ], [ 317418.234002498094924, 7044276.539974453859031 ], [ 313922.261002981103957, 7043392.786970273591578 ], [ 312123.965003221121151, 7039204.523968189954758 ], [ 311577.038003318710253, 7039987.780967370606959 ], [ 311977.390003241482191, 7038865.607968014664948 ], [ 310586.421003439289052, 7035650.361966309137642 ], [ 305543.670004327781498, 7030183.998958881013095 ], [ 303905.41500471852487, 7032729.781955732032657 ], [ 301450.174005285371095, 7031810.933951166458428 ], [ 301303.997005359968171, 7034144.763950601220131 ], [ 299869.864005728624761, 7033967.69094767421484 ], [ 299975.652005685609765, 7033122.157948003150523 ], [ 298653.251006050384603, 7033398.21394512988627 ], [ 298813.974005920696072, 7028712.223946087062359 ], [ 293907.490007471758872, 7031609.773934081196785 ], [ 294070.348007428343408, 7032109.138934423215687 ], [ 294852.321007165010087, 7031840.761936442926526 ], [ 294918.685007149411831, 7032107.939936568960547 ], [ 293423.040007662493736, 7032753.486932640895247 ], [ 293682.992007545835804, 7031538.49593351315707 ], [ 292894.487007820513099, 7031669.34593141824007 ], [ 293596.184007558913436, 7030815.545933402143419 ], [ 291368.44900835189037, 7030923.730927370488644 ], [ 289490.348009104491211, 7032056.374921728856862 ], [ 288889.008009330311324, 7031431.899920030497015 ], [ 288312.193009597249329, 7032435.277918056584895 ], [ 287295.236010020133108, 7032060.502914912067354 ], [ 286893.64301021641586, 7032727.12491347361356 ], [ 281448.327012761554215, 7029351.512894853018224 ], [ 286859.233010214404203, 7032165.546913479454815 ], [ 286850.811010180739686, 7030934.264913701452315 ], [ 287627.128009835490957, 7030654.004916255362332 ], [ 281940.235012460849248, 7028295.517897001467645 ], [ 283166.664011752989609, 7026079.555902083404362 ], [ 279776.352013481664471, 7024181.29888956900686 ], [ 279218.741013824415859, 7024817.955887132324278 ], [ 276824.892015117453411, 7021513.198877867311239 ], [ 279605.213013397762552, 7019630.153890069574118 ], [ 278802.500013814598788, 7018671.549887063913047 ], [ 280292.406012897612527, 7016464.128893596120179 ], [ 278459.142013888340443, 7015629.279886468313634 ], [ 277228.533014513202943, 7013258.263881960883737 ], [ 278858.545013599446975, 7014120.863888500258327 ], [ 279991.542012890800834, 7012005.071893544867635 ], [ 280852.19901244493667, 7012317.486896771006286 ], [ 279493.168013118207455, 7010865.843891880474985 ], [ 280969.637012302759103, 7010094.646897752769291 ], [ 280255.37701265362557, 7009446.345895202830434 ], [ 281203.037012101267464, 7007823.639899167232215 ], [ 279706.50901287002489, 7007401.816893591545522 ], [ 280400.454012481379323, 7006862.148896389640868 ], [ 280511.162012347020209, 7004769.323897316120565 ], [ 272253.875017341692001, 7004745.731861831620336 ], [ 263112.307024567679036, 7000488.762812332250178 ], [ 259699.805028087605024, 7001591.32578893750906 ], [ 254662.960033393814228, 6995871.730753999203444 ], [ 255057.309032561141066, 6992159.538759262301028 ], [ 253608.617034258000785, 6991101.564748212695122 ], [ 255108.000032258860301, 6989544.788761131465435 ], [ 254439.862033051525941, 6989336.046755966730416 ], [ 256447.387030403828248, 6986337.005773132666945 ], [ 257629.356028674548725, 6981390.479784333147109 ], [ 258270.678027975576697, 6981234.323788953013718 ], [ 257150.018029177852441, 6981158.077781003899872 ], [ 258524.272027700731996, 6981138.98179077077657 ], [ 258245.631027650815668, 6976811.0357909463346 ], [ 259019.430026804562658, 6976198.029796551913023 ], [ 258854.190026851458242, 6974613.235796182416379 ], [ 260010.17902548526763, 6971737.243805209174752 ], [ 255005.20303037497797, 6967040.635772583074868 ], [ 251241.627035118435742, 6969084.819741738960147 ], [ 251019.616035327431746, 6968303.129740353673697 ], [ 248342.023039077263093, 6969452.639716303907335 ], [ 248100.357039358583279, 6968891.891714482568204 ], [ 243468.319046795688337, 6971372.725667581893504 ], [ 243713.684046462643892, 6971934.432669693604112 ], [ 240654.014051919250051, 6973001.528635765425861 ], [ 240852.741051632241579, 6973512.01763756852597 ], [ 238086.329057119000936, 6975083.103603863157332 ], [ 238031.781057365878951, 6975947.386602400802076 ], [ 237332.47805874759797, 6975789.585593946278095 ], [ 236999.588059951609466, 6978926.288586784154177 ], [ 233983.387066946655978, 6981349.5785445952788 ], [ 233680.603067283402197, 6979445.865542456507683 ], [ 231505.650071876705624, 6976646.48851475585252 ], [ 231030.936071621952578, 6969614.390515817329288 ], [ 231637.866069341136608, 6965358.677529200911522 ], [ 233606.194064302952029, 6962292.144559369422495 ], [ 231363.016069045930635, 6960481.962530658580363 ], [ 231163.759069904917851, 6962505.466525634750724 ], [ 230098.637071850418579, 6959458.011513783596456 ], [ 226075.376081522321329, 6956548.454456123523414 ], [ 224374.099085560534149, 6953711.378432144410908 ], [ 222606.645090558682568, 6953265.493402854539454 ], [ 222360.690089979500044, 6948029.84940582793206 ], [ 223310.660087092255708, 6947484.255422684364021 ], [ 222504.420088795130141, 6944931.709412511438131 ], [ 218740.743097873055376, 6935882.545358906500041 ], [ 217058.599103545304388, 6936696.916326203383505 ], [ 218719.864097839221358, 6935511.96235906984657 ], [ 219029.558095955580939, 6932077.31636971514672 ], [ 218572.718096878728829, 6930195.210364194586873 ], [ 216976.293101498216856, 6928462.478337295353413 ], [ 218093.962097709008958, 6927685.121359162032604 ], [ 218706.199095305288211, 6925801.259372968226671 ], [ 221916.423085984308273, 6926284.112427540123463 ], [ 221718.688086395675782, 6925671.972425073385239 ], [ 223397.689081971650012, 6926552.537451233714819 ], [ 225167.371077006857377, 6925052.694480586796999 ], [ 225012.230077032989357, 6923315.253480304032564 ], [ 223713.354080166085623, 6922235.282461597584188 ], [ 224511.996078171243425, 6922641.797473478130996 ], [ 224659.874077450309414, 6921051.51847764942795 ], [ 223586.714078813733067, 6914542.364469045773149 ], [ 224364.947076783399098, 6914376.900481124408543 ], [ 224821.679075805528555, 6915201.469487020745873 ], [ 227107.297069994616322, 6913804.468521781265736 ], [ 226859.388070270535536, 6912234.256520007736981 ], [ 228071.129067032597959, 6909811.776539395563304 ], [ 225164.211073813843541, 6909650.510498527437449 ], [ 222606.082079589075875, 6906388.02346380520612 ], [ 224369.940074614074547, 6904024.451493312604725 ], [ 223708.692075735540129, 6901517.609486410394311 ], [ 222826.449077847064473, 6900965.131473755463958 ], [ 223144.816077259078156, 6902013.070477345958352 ], [ 222290.181079296860844, 6901278.795465144328773 ], [ 220952.133083091932349, 6902377.429442707449198 ], [ 220672.425082893227227, 6898182.982443540357053 ], [ 219644.029085405170918, 6896876.272428579628468 ], [ 220598.229081769008189, 6892319.176449734717607 ], [ 219279.874084878596477, 6890304.409431144595146 ], [ 220077.099082171742339, 6887919.970446986146271 ], [ 213658.470101292885374, 6889017.399334922432899 ], [ 208432.071118982566986, 6887784.273233104497194 ], [ 204486.297132539388258, 6882577.426155710592866 ], [ 200249.327150253462605, 6881206.405056394636631 ], [ 176308.585300979437307, 6880854.954252313822508 ] ] ] ] } },
{ "type": "Feature", "properties": { "id": 3, "gml_id": 28061464, "natcode": "11", "namefin": "Pohjois-Savo", "nameswe": "Norra Savolax" }, "geometry": { "type": "MultiPolygon", "coordinates": [ [ [ [ 536645.735000000335276, 6875330.708000235259533 ], [ 532199.282, 6879964.70500023663044 ], [ 533395.410000000032596, 6881512.358000237494707 ], [ 532084.149000000208616, 6882835.227000237442553 ], [ 533728.749000000068918, 6884152.912000237964094 ], [ 532635.254000000073574, 6885796.451000238768756 ], [ 533454.620000000111759, 6886325.843000239692628 ], [ 532588.841999999945983, 6887225.586000238545239 ], [ 533340.355000000097789, 6888140.306000240147114 ], [ 533069.157, 6889236.55900023970753 ], [ 531904.018000000040047, 6890293.023000238463283 ], [ 532883.421000000089407, 6891073.612000241875648 ], [ 531346.044000000227243, 6891823.902000240050256 ], [ 529357.444000000017695, 6891001.169000241905451 ], [ 528418.684, 6895470.201000242494047 ], [ 526062.924, 6900324.108000244945288 ], [ 527700.28200000023935, 6899560.883000243455172 ], [ 529295.508999999961816, 6899861.024000244215131 ], [ 525626.562999999965541, 6904890.354000245220959 ], [ 526723.716000000014901, 6905302.603000244125724 ], [ 526988.089999999967404, 6906364.419000244699419 ], [ 528870.91600000008475, 6905179.563000244088471 ], [ 530508.999000000068918, 6906671.46100024599582 ], [ 531444.72199999995064, 6905350.90700024459511 ], [ 533721.302999999956228, 6905695.082000246271491 ], [ 531974.601999999955297, 6907105.497000245377421 ], [ 532893.872000000090338, 6907771.429000246338546 ], [ 532501.981999999959953, 6908279.105000245384872 ], [ 533539.553000000072643, 6910202.34900024626404 ], [ 535897.899000000092201, 6911473.72300024703145 ], [ 534966.738000000244938, 6913595.84800024703145 ], [ 535761.747000000090338, 6915390.851000247523189 ], [ 535450.227000000071712, 6917662.627000249922276 ], [ 529548.17000000004191, 6924226.704000250436366 ], [ 523960.699000000138767, 6926720.155000251717865 ], [ 523683.026000000012573, 6928184.648000252433121 ], [ 519861.123000000079628, 6930550.853000252507627 ], [ 518710.73800000018673, 6933279.584000253118575 ], [ 517734.412999999942258, 6932478.908000253140926 ], [ 519025.149999999965075, 6931733.119000253267586 ], [ 518821.659000000043306, 6930779.303000252693892 ], [ 517892.705000000190921, 6930872.512000253424048 ], [ 518672.908, 6929515.493000251241028 ], [ 517400.240999999921769, 6929606.302000251598656 ], [ 515592.643000000040047, 6928346.987000252120197 ], [ 514639.030000000086147, 6925702.54800025280565 ], [ 513812.093000000051688, 6925769.997000250965357 ], [ 512923.607000000134576, 6927659.298000253736973 ], [ 511594.191000000049826, 6927678.736000251024961 ], [ 511379.565, 6925864.186000251211226 ], [ 510460.614999999932479, 6926185.998000249266624 ], [ 510883.214999999967404, 6927539.844000251963735 ], [ 509765.392000000167172, 6926570.933000253513455 ], [ 510084.371999999915715, 6924990.589000252075493 ], [ 508598.941, 6925350.612000252120197 ], [ 509136.197999999916647, 6925615.889000250957906 ], [ 508775.79100000008475, 6927236.868000253103673 ], [ 505874.645000000076834, 6930580.097000252455473 ], [ 505265.032000000181142, 6928189.74800025112927 ], [ 504172.212999999930616, 6928591.223000253550708 ], [ 503160.479, 6926689.347000252455473 ], [ 499852.824000000022352, 6926485.709000250324607 ], [ 498388.796999999962281, 6928647.666000251658261 ], [ 497304.550999999919441, 6927244.3850002521649 ], [ 498547.465000000025611, 6924789.184000252746046 ], [ 497645.943000000086613, 6923459.815000250004232 ], [ 493788.071000000170898, 6928274.445000254549086 ], [ 490591.832999999984168, 6924915.862000251188874 ], [ 491357.503000000084285, 6923541.20300024934113 ], [ 487638.622999999963213, 6921438.363000251352787 ], [ 483744.218, 6925844.391000250354409 ], [ 481068.066000000166241, 6924451.701000248081982 ], [ 472749.38, 6932102.256000252440572 ], [ 473405.906000000133645, 6933594.764000255614519 ], [ 475624.928000000072643, 6934545.664000255055726 ], [ 478038.127000000153203, 6939818.197000253945589 ], [ 479411.708000000042375, 6940469.437000256031752 ], [ 478249.797000000136904, 6941545.69000025652349 ], [ 479386.969000000040978, 6942287.987000254914165 ], [ 479045.266999999934342, 6945730.463000259362161 ], [ 477941.621000000042841, 6947050.701000257395208 ], [ 475927.648000000044703, 6954737.946000260300934 ], [ 471765.145000000076834, 6962221.130000262521207 ], [ 469319.035000000149012, 6961023.330000260844827 ], [ 469650.386000000056811, 6959854.299000262282789 ], [ 467122.200999999884516, 6957577.682000259868801 ], [ 460413.051999999792315, 6966402.046000264585018 ], [ 459791.963999999803491, 6966970.282000262290239 ], [ 458701.956999999762047, 6966221.441000264137983 ], [ 456941.819999999774154, 6968646.984000262804329 ], [ 458719.053999999770895, 6970465.058000264689326 ], [ 457557.241999999969266, 6971648.334000264294446 ], [ 452626.857999999541789, 6973610.366000264883041 ], [ 451260.40999999945052, 6978834.55200026743114 ], [ 453799.152999999525491, 6979248.592000265605748 ], [ 455575.113999999710359, 6980646.354000266641378 ], [ 460537.808999999775551, 6980747.209000266157091 ], [ 463064.891000000061467, 6977448.452000265941024 ], [ 466173.741999999852851, 6983933.961000266484916 ], [ 464006.478000000061002, 6983800.219000267796218 ], [ 460656.912999999767635, 6988709.902000267989933 ], [ 461507.933999999950174, 6990710.121000270359218 ], [ 466320.211000000010245, 6989673.18700027000159 ], [ 461785.332999999809545, 6993699.555000270716846 ], [ 459050.949999999778811, 6999249.871000272221863 ], [ 459206.464999999909196, 7000618.741000274196267 ], [ 457843.938999999780208, 7002246.838000272400677 ], [ 457140.422999999776948, 7009276.850000272504985 ], [ 459013.65199999982724, 7009603.220000273548067 ], [ 458600.907999999821186, 7012749.306000274606049 ], [ 456944.476999999722466, 7016484.555000273510814 ], [ 456401.475999999907799, 7022647.399000277742743 ], [ 453486.774999999615829, 7025455.932000279426575 ], [ 456090.704999999667052, 7031137.602000279352069 ], [ 458926.459999999729916, 7034751.371000281535089 ], [ 457055.197999999625608, 7036862.779000280424953 ], [ 459644.212999999814201, 7041765.529000284150243 ], [ 460032.115999999805354, 7049273.187000283971429 ], [ 464854.405999999959022, 7051516.751000284217298 ], [ 463830.205999999889173, 7063901.906000289134681 ], [ 463036.768999999796506, 7064302.960000285878778 ], [ 463790.05299999989802, 7064358.732000286690891 ], [ 462709.448999999905936, 7075683.706000288948417 ], [ 461527.866999999911059, 7078487.965000289492309 ], [ 468071.092999999877065, 7083870.106000292114913 ], [ 467546.346000000019558, 7084470.636000288650393 ], [ 469237.026999999885447, 7084830.775000291876495 ], [ 476771.702, 7091522.345000294037163 ], [ 476313.120000000053551, 7092992.43000029399991 ], [ 477428.320999999938067, 7093249.203000292181969 ], [ 477770.86099999997532, 7092445.144000292755663 ], [ 480320.507999999972526, 7094791.551000292412937 ], [ 493669.471000000252388, 7101140.705000293441117 ], [ 500614.566000000049826, 7096898.054000292904675 ], [ 512776.493000000191387, 7095851.907000293023884 ], [ 520501.903999999980442, 7093342.934000294655561 ], [ 520372.758999999961816, 7092151.439000294543803 ], [ 522017.636000000231434, 7090891.147000293247402 ], [ 524354.245, 7091504.882000293582678 ], [ 523400.532, 7092809.191000293940306 ], [ 526475.413999999989755, 7092278.192000295035541 ], [ 531899.222000000067055, 7088122.339000293053687 ], [ 532559.691000000108033, 7088605.513000291772187 ], [ 536558.014000000082888, 7087018.91200029104948 ], [ 543902.662000000360422, 7080507.429000288248062 ], [ 544756.827000000397675, 7080852.56400028988719 ], [ 552296.422000000718981, 7073096.138000288978219 ], [ 556526.998000001185574, 7066847.358000284992158 ], [ 559290.420000001438893, 7065338.115000284276903 ], [ 563043.244000001694076, 7060737.936000281944871 ], [ 567084.892000002204441, 7070427.845000278204679 ], [ 570334.146000002743676, 7067322.876000274904072 ], [ 572235.875000003026798, 7064255.755000272765756 ], [ 573713.24400000332389, 7063692.544000267982483 ], [ 576669.163000003900379, 7064582.590000262483954 ], [ 578370.940000004018657, 7063256.524000256322324 ], [ 579481.587000004365109, 7061760.171000251546502 ], [ 578505.918000003905036, 7060000.611000254750252 ], [ 579773.384000004269183, 7050707.589000250212848 ], [ 583722.088000005111098, 7048270.529000234790146 ], [ 582046.756000004825182, 7046851.673000241629779 ], [ 581341.856000004801899, 7047703.639000243507326 ], [ 579746.33100000442937, 7045333.582000249996781 ], [ 582201.515000005019829, 7039259.585000240243971 ], [ 583160.061000005225651, 7033824.738000233657658 ], [ 587931.854000006220303, 7030006.200000207871199 ], [ 587025.320000006118789, 7021459.577000212855637 ], [ 585561.800000005634502, 7019944.738000222481787 ], [ 586103.864000005880371, 7019517.881000218912959 ], [ 584435.457000005757436, 7018335.937000228092074 ], [ 585411.26900000567548, 7018396.286000223830342 ], [ 585657.22600000584498, 7017054.751000222750008 ], [ 582749.278000005404465, 7014517.587000234052539 ], [ 583454.881000005523674, 7013595.515000230632722 ], [ 581014.910000005038455, 7009316.947000240907073 ], [ 585462.344000006094575, 7007121.275000221095979 ], [ 592454.262000007322058, 6997369.501000173389912 ], [ 594040.00800000759773, 6993322.291000158526003 ], [ 603179.212000007508323, 6988433.798000036738813 ], [ 604768.447000007377937, 6985509.027000007219613 ], [ 600951.146000007982366, 6983125.650000073947012 ], [ 601294.018000008305535, 6982376.06400006916374 ], [ 600817.084000008064322, 6983041.679000076837838 ], [ 600004.690000008326024, 6982527.134000089019537 ], [ 599592.720000008470379, 6981070.662000096403062 ], [ 601032.27700000826735, 6980708.389000074006617 ], [ 601327.515000008279458, 6979098.636000068858266 ], [ 599687.828000008244999, 6978742.902000093832612 ], [ 598006.633000008529052, 6979998.462000113911927 ], [ 598462.317000008653849, 6977705.050000108778477 ], [ 599939.743000008631498, 6977092.184000089764595 ], [ 601727.993000008747913, 6973823.994000063277781 ], [ 602339.37800000840798, 6974126.680000054650009 ], [ 602254.596000008750707, 6973094.307000058703125 ], [ 606795.790000007837079, 6970125.148999970406294 ], [ 600253.627000009058975, 6965170.239000087603927 ], [ 599152.0470000092173, 6961878.448000103235245 ], [ 598490.720000009052455, 6961765.921000110916793 ], [ 596944.852000008802861, 6964221.214000129140913 ], [ 594217.13000000838656, 6965599.841000156477094 ], [ 593407.877000008244067, 6967411.828000161796808 ], [ 591179.25800000783056, 6968338.910000181756914 ], [ 590410.127000007545575, 6967702.932000186294317 ], [ 588917.51700000744313, 6965889.245000197552145 ], [ 589124.816000007558614, 6964415.961000193841755 ], [ 587637.092000007047318, 6961501.947000202722847 ], [ 585768.375000006635673, 6961786.60800021328032 ], [ 583873.47100000618957, 6960006.168000219389796 ], [ 583417.623000006307848, 6958121.11500022187829 ], [ 584040.305000006454065, 6956378.600000217556953 ], [ 587148.600000006961636, 6952676.30300020519644 ], [ 584774.076000006636605, 6949717.382000213488936 ], [ 583817.01600000646431, 6944444.673000215552747 ], [ 582049.399000006029382, 6943203.252000221982598 ], [ 583460.98400000622496, 6942754.805000216700137 ], [ 583387.675000006332994, 6942040.794000218622386 ], [ 581052.878000005846843, 6939796.348000226542354 ], [ 580138.827000005403534, 6941657.973000230267644 ], [ 578939.485000005108304, 6940197.837000232189894 ], [ 575737.472000004258007, 6940443.698000237345695 ], [ 575358.681000004056841, 6940004.235000239685178 ], [ 579429.532000005361624, 6938451.895000229589641 ], [ 578213.164000004995614, 6936202.403000231832266 ], [ 575836.253000004566275, 6938214.764000239782035 ], [ 571993.400000003399327, 6939024.957000244408846 ], [ 572696.739000003552064, 6938217.93400024343282 ], [ 571858.971000003512017, 6936881.921000244095922 ], [ 572478.558000003453344, 6934474.964000240899622 ], [ 571462.751000003423542, 6931625.822000242769718 ], [ 570451.739000003319234, 6930995.747000241652131 ], [ 571816.148000003537163, 6928974.000000240281224 ], [ 571276.910000003408641, 6926370.758000239729881 ], [ 566253.688000002526678, 6927747.872000247240067 ], [ 565855.256000002380461, 6926346.535000246018171 ], [ 566792.978000002563931, 6925766.875000244006515 ], [ 566963.21700000250712, 6924081.75900024548173 ], [ 564286.912000002223067, 6922039.77000024355948 ], [ 566390.959000002709217, 6920779.09700024407357 ], [ 566392.975000002537854, 6918650.857000243850052 ], [ 568769.984000002965331, 6916973.322000239044428 ], [ 568071.215000002877787, 6914370.703000240959227 ], [ 572321.766000003553927, 6914781.968000238761306 ], [ 574243.637000004062429, 6913833.239000233821571 ], [ 573723.136000004014932, 6911627.151000236161053 ], [ 574523.239000004134141, 6910310.585000230930746 ], [ 576839.35000000463333, 6909755.686000229790807 ], [ 576417.320000004721805, 6910514.968000230379403 ], [ 577702.241000005160458, 6910328.24700022675097 ], [ 579954.474000005517155, 6908020.568000220693648 ], [ 581040.960000005783513, 6907952.349000217393041 ], [ 582177.824000006308779, 6905205.876000215299428 ], [ 585905.795000007376075, 6901046.669000199995935 ], [ 586269.922000007587485, 6897984.796000199392438 ], [ 584864.057000007131137, 6898603.896000204607844 ], [ 584782.656000007060356, 6897640.055000205524266 ], [ 585960.522000007564202, 6896574.876000200398266 ], [ 585504.669000007444993, 6894755.692000200040638 ], [ 586161.654000007547438, 6893979.978000197559595 ], [ 584979.064000007230788, 6894111.000000202096999 ], [ 585012.721000007237308, 6892678.663000200875103 ], [ 584040.289000006858259, 6892824.633000205270946 ], [ 584631.090000007068738, 6891136.022000201977789 ], [ 581374.259000006131828, 6894141.672000213526189 ], [ 580868.755000005941838, 6895759.960000216029584 ], [ 580189.111000005737878, 6896275.52900021802634 ], [ 579310.08600000559818, 6895708.428000220097601 ], [ 578274.2610000052955, 6897539.476000220514834 ], [ 568587.990000003017485, 6899506.130000235512853 ], [ 567815.591000002808869, 6900724.033000238239765 ], [ 565726.236000002361834, 6900342.176000237464905 ], [ 565361.992000002297573, 6899207.83200023882091 ], [ 563758.347000002046116, 6898243.01200023945421 ], [ 561402.990000001736917, 6900174.115000239573419 ], [ 559313.846000001416542, 6899726.781000242568552 ], [ 558450.388000001432374, 6900732.767000240273774 ], [ 558458.793000001227483, 6899806.343000243417919 ], [ 557616.836000001407228, 6899889.70300024189055 ], [ 556772.753000001306646, 6900777.512000241316855 ], [ 555737.296000001137145, 6900573.013000241480768 ], [ 555068.568000001017936, 6901763.498000242747366 ], [ 554513.79200000106357, 6900833.998000241816044 ], [ 556805.28500000119675, 6897921.49500023946166 ], [ 553425.966000000946224, 6897475.152000241912901 ], [ 554475.728000001050532, 6896579.078000239096582 ], [ 553653.88900000101421, 6895827.222000240348279 ], [ 554258.970000000903383, 6895187.031000242568552 ], [ 553483.156000000890344, 6893580.75300023984164 ], [ 556354.164000001037493, 6887621.067000239156187 ], [ 554377.201000000932254, 6887208.25400023907423 ], [ 554728.644000000902452, 6885749.914000237360597 ], [ 553725.610000001150183, 6886489.964000238105655 ], [ 552973.862000000895932, 6885447.924000236205757 ], [ 551281.044000000809319, 6886298.867000238038599 ], [ 550855.522000000695698, 6885778.775000238791108 ], [ 552154.342000000760891, 6884170.22700023651123 ], [ 552203.519000000669621, 6881424.943000233732164 ], [ 549443.011000000755303, 6884360.739000237546861 ], [ 548420.613000000477768, 6883700.346000237390399 ], [ 549385.665000000735745, 6881071.772000236436725 ], [ 549009.392000000691041, 6879708.091000236570835 ], [ 546726.572000000509433, 6880293.490000236779451 ], [ 546806.917000000481494, 6878885.442000235430896 ], [ 545054.922000000369735, 6878834.651000236161053 ], [ 546402.167000000365078, 6876157.573000236414373 ], [ 545654.414000000455417, 6875206.721000234596431 ], [ 544569.488000000361353, 6876069.459000236354768 ], [ 541582.970000000204891, 6873070.75600023381412 ], [ 540250.909000000217929, 6874615.282000236213207 ], [ 536645.735000000335276, 6875330.708000235259533 ] ] ] ] } },
{ "type": "Feature", "properties": { "id": 4, "gml_id": 28061485, "natcode": "14", "namefin": "Etelä-Pohjanmaa", "nameswe": "Södra Österbotten" }, "geometry": { "type": "MultiPolygon", "coordinates": [ [ [ [ 357452.604000173509121, 7005219.79999703541398 ], [ 359118.039000152202789, 7005913.190997323021293 ], [ 362040.891000116360374, 7002146.911997802555561 ], [ 361718.323000120406505, 7003363.577997747808695 ], [ 364150.394000097294338, 7004163.58999807946384 ], [ 366694.959000075003132, 7001081.094998401589692 ], [ 364487.590000089956447, 6995842.523998162709177 ], [ 362458.797000108170323, 6995675.228997897356749 ], [ 362314.486000107368454, 6992188.165997894480824 ], [ 360809.635000122245401, 6991571.690997680649161 ], [ 360727.355000123614445, 6992213.186997664161026 ], [ 359139.141000141506083, 6992003.280997417867184 ], [ 359253.595000139262993, 6991051.344997441396117 ], [ 360712.309000123059377, 6991311.30399766843766 ], [ 360782.411000122083351, 6990767.35699768178165 ], [ 363308.969000098237302, 6992403.53099802788347 ], [ 363531.787000094191171, 6988666.618998074904084 ], [ 362733.110000101209152, 6988378.253997970372438 ], [ 363719.638000091013964, 6985900.89899811334908 ], [ 364930.083000081242062, 6986491.735998257994652 ], [ 365544.861000075528864, 6984345.115998338907957 ], [ 365064.470000076689757, 6979207.829998306930065 ], [ 369641.310000046738423, 6977920.937998784705997 ], [ 370238.793000043020584, 6976578.84799884352833 ], [ 370211.515000042039901, 6973788.009998846799135 ], [ 365848.291000068187714, 6972910.791998422704637 ], [ 365587.729000070481561, 6974440.919998387806118 ], [ 364378.617000078083947, 6971320.846998260356486 ], [ 365748.569000068120658, 6971945.261998414061964 ], [ 366385.98300006322097, 6970839.864998486824334 ], [ 367438.411000055726618, 6968979.446998603641987 ], [ 366553.96800006122794, 6968329.803998513147235 ], [ 368985.141000045812689, 6966149.979998761788011 ], [ 373036.312000023259316, 6953044.960999126546085 ], [ 376149.768000012729317, 6950563.472999337129295 ], [ 372408.822000024083536, 6947361.479999096132815 ], [ 371940.959000025410205, 6945869.657999063841999 ], [ 373837.705000018409919, 6945237.764999199658632 ], [ 375790.919000012683682, 6945737.598999326117337 ], [ 376036.578000011737458, 6944650.797999341972172 ], [ 374456.169000016176142, 6944293.591999244876206 ], [ 375019.395000013755634, 6941243.749999285675585 ], [ 373385.502000018837862, 6940934.12899917922914 ], [ 373827.940000016940758, 6939118.937999214045703 ], [ 372764.027000020607375, 6938861.348999141715467 ], [ 373352.833000017912127, 6936379.242999186739326 ], [ 372350.440000021248125, 6936799.62699911557138 ], [ 372926.09600001887884, 6935477.746999161317945 ], [ 371729.110000023152679, 6935540.941999075002968 ], [ 371544.405000023019966, 6932343.657999068498611 ], [ 370722.030000026337802, 6932039.31499900855124 ], [ 370066.87200002890313, 6932703.562998953275383 ], [ 369540.693000031227712, 6932630.989998911507428 ], [ 368727.975000035250559, 6933621.364998839795589 ], [ 368863.142000034335069, 6932549.386998854577541 ], [ 370410.90600002737483, 6931947.234998983331025 ], [ 368892.634000033896882, 6931756.760998860001564 ], [ 367232.016000041272491, 6929567.186998717486858 ], [ 366428.199000046530273, 6932105.354998632334173 ], [ 365851.935000049881637, 6931938.682998576201499 ], [ 366246.34600004798267, 6932750.552998614497483 ], [ 365005.786000054969918, 6931897.526998490095139 ], [ 364786.106000056839548, 6932843.804998463019729 ], [ 362354.744000073289499, 6932091.26899819355458 ], [ 362711.195000070380047, 6931135.256998240016401 ], [ 361940.333000075945165, 6930782.227998148649931 ], [ 363038.415000066626817, 6928736.443998288363218 ], [ 361808.755000074859709, 6926925.919998151250184 ], [ 355773.625000135391019, 6931079.203997261822224 ], [ 349973.078000209876336, 6923650.322996216826141 ], [ 350233.548000205075368, 6923119.683996277861297 ], [ 345455.368000287853647, 6918226.111995195038617 ], [ 342420.124000363051891, 6921488.959994298405945 ], [ 341008.872000400093384, 6921479.90099385753274 ], [ 340264.550000425660983, 6924128.953993573784828 ], [ 340194.410000436066184, 6928683.491993481293321 ], [ 340738.760000420792494, 6928959.926993659697473 ], [ 340216.677000441588461, 6931991.178993438370526 ], [ 338583.247000492643565, 6932174.939992856234312 ], [ 338489.747000489849597, 6929365.581992869265378 ], [ 336987.610000540385954, 6929367.885992298834026 ], [ 336977.916000549332239, 6933246.459992223419249 ], [ 335270.372000608535018, 6931504.253991559147835 ], [ 335908.272000581375323, 6930228.304991851560771 ], [ 335490.565000593778677, 6928824.016991704702377 ], [ 334454.585000637569465, 6930197.407991235144436 ], [ 327654.950000942975748, 6924153.086987970396876 ], [ 319415.59900151140755, 6925258.644982344470918 ], [ 319878.471001446945593, 6920000.355982916429639 ], [ 317757.498001634608954, 6921783.126981137320399 ], [ 316169.513001776183955, 6921054.178979793563485 ], [ 315029.680001889821142, 6921444.986978734843433 ], [ 312777.728002147283405, 6924272.214976387098432 ], [ 311899.599002244998701, 6923976.229975492693484 ], [ 312626.042002165457234, 6924448.708976223133504 ], [ 311807.830002266447991, 6925403.746975316666067 ], [ 311223.136002331797499, 6924891.074974715709686 ], [ 310740.236002394522075, 6925423.720974154770374 ], [ 310933.46700238250196, 6926894.948974282480776 ], [ 307589.745002806652337, 6925168.37397047970444 ], [ 306092.343002989888191, 6921653.44396882224828 ], [ 306947.197002861415967, 6921219.256969948299229 ], [ 306810.359002868295647, 6919850.311969867907465 ], [ 305248.121003098785877, 6919752.176967850886285 ], [ 305006.473003128427081, 6919039.781967578455806 ], [ 304456.899003224098124, 6919988.533966760151088 ], [ 303979.404003302915953, 6920210.886966084130108 ], [ 303741.573003340396099, 6920104.145965754985809 ], [ 304768.231003160763066, 6918555.856967295520008 ], [ 304153.954003242659383, 6917135.547966562211514 ], [ 287089.675007032230496, 6910900.346935349516571 ], [ 279286.735009881376754, 6911883.152913435362279 ], [ 271595.655013780575246, 6916623.957884746603668 ], [ 267353.550015829503536, 6905639.51986968703568 ], [ 266125.70301662402926, 6905726.574864028021693 ], [ 266138.843016592843924, 6905255.96986423432827 ], [ 265998.839016670186538, 6904948.015863676555455 ], [ 266161.96301655692514, 6904823.952864475548267 ], [ 266138.885016569169238, 6904760.938864388503134 ], [ 265885.536016752186697, 6905096.500863100402057 ], [ 266069.229016663273796, 6905769.243863753043115 ], [ 266590.992016332456842, 6905977.278866113163531 ], [ 266365.824016483267769, 6906075.510865038260818 ], [ 263397.611018446332309, 6904604.440851129591465 ], [ 255859.267023934022291, 6894485.532812832854688 ], [ 249538.893030320265098, 6894974.540769926272333 ], [ 244585.65503549418645, 6887072.980735529214144 ], [ 236801.933046090882272, 6882124.137667182832956 ], [ 225348.301068945263978, 6887071.5515261804685 ], [ 220077.099082171742339, 6887919.970446986146271 ], [ 219279.874084878596477, 6890304.409431144595146 ], [ 220598.229081769008189, 6892319.176449734717607 ], [ 219644.029085405170918, 6896876.272428579628468 ], [ 220672.425082893227227, 6898182.982443540357053 ], [ 220952.133083091932349, 6902377.429442707449198 ], [ 222290.181079296860844, 6901278.795465144328773 ], [ 223144.816077259078156, 6902013.070477345958352 ], [ 222826.449077847064473, 6900965.131473755463958 ], [ 223708.692075735540129, 6901517.609486410394311 ], [ 224369.940074614074547, 6904024.451493312604725 ], [ 222606.082079589075875, 6906388.02346380520612 ], [ 225164.211073813843541, 6909650.510498527437449 ], [ 228071.129067032597959, 6909811.776539395563304 ], [ 226859.388070270535536, 6912234.256520007736981 ], [ 227107.297069994616322, 6913804.468521781265736 ], [ 224821.679075805528555, 6915201.469487020745873 ], [ 224364.947076783399098, 6914376.900481124408543 ], [ 223586.714078813733067, 6914542.364469045773149 ], [ 224659.874077450309414, 6921051.51847764942795 ], [ 224511.996078171243425, 6922641.797473478130996 ], [ 223713.354080166085623, 6922235.282461597584188 ], [ 225012.230077032989357, 6923315.253480304032564 ], [ 225167.371077006857377, 6925052.694480586796999 ], [ 223397.689081971650012, 6926552.537451233714819 ], [ 221718.688086395675782, 6925671.972425073385239 ], [ 221916.423085984308273, 6926284.112427540123463 ], [ 218706.199095305288211, 6925801.259372968226671 ], [ 218093.962097709008958, 6927685.121359162032604 ], [ 216976.293101498216856, 6928462.478337295353413 ], [ 218572.718096878728829, 6930195.210364194586873 ], [ 219029.558095955580939, 6932077.31636971514672 ], [ 218719.864097839221358, 6935511.96235906984657 ], [ 217058.599103545304388, 6936696.916326203383505 ], [ 218740.743097873055376, 6935882.545358906500041 ], [ 222504.420088795130141, 6944931.709412511438131 ], [ 223310.660087092255708, 6947484.255422684364021 ], [ 222360.690089979500044, 6948029.84940582793206 ], [ 222606.645090558682568, 6953265.493402854539454 ], [ 224374.099085560534149, 6953711.378432144410908 ], [ 226075.376081522321329, 6956548.454456123523414 ], [ 230098.637071850418579, 6959458.011513783596456 ], [ 231163.759069904917851, 6962505.466525634750724 ], [ 231363.016069045930635, 6960481.962530658580363 ], [ 233606.194064302952029, 6962292.144559369422495 ], [ 231637.866069341136608, 6965358.677529200911522 ], [ 231030.936071621952578, 6969614.390515817329288 ], [ 231505.650071876705624, 6976646.48851475585252 ], [ 233680.603067283402197, 6979445.865542456507683 ], [ 234063.371066776977386, 6981416.466545621864498 ], [ 236999.588059951609466, 6978926.288586784154177 ], [ 237332.47805874759797, 6975789.585593946278095 ], [ 238031.781057365878951, 6975947.386602400802076 ], [ 238086.329057119000936, 6975083.103603863157332 ], [ 240852.741051632241579, 6973512.01763756852597 ], [ 240654.014051919250051, 6973001.528635765425861 ], [ 243713.684046462643892, 6971934.432669693604112 ], [ 243468.319046795688337, 6971372.725667581893504 ], [ 248100.357039358583279, 6968891.891714482568204 ], [ 248342.023039077263093, 6969452.639716303907335 ], [ 251019.616035327431746, 6968303.129740353673697 ], [ 251241.627035118435742, 6969084.819741738960147 ], [ 255005.20303037497797, 6967040.635772583074868 ], [ 260006.559025488095358, 6971727.660805190913379 ], [ 258854.190026851458242, 6974613.235796182416379 ], [ 259020.085026803746587, 6976196.141796556301415 ], [ 258245.631027650815668, 6976811.0357909463346 ], [ 258524.272027700731996, 6981138.98179077077657 ], [ 257735.274028510204516, 6980776.679785398766398 ], [ 257150.018029177852441, 6981158.077781003899872 ], [ 258270.678027975576697, 6981234.323788953013718 ], [ 257629.356028674548725, 6981390.479784333147109 ], [ 256447.387030403828248, 6986337.005773132666945 ], [ 254439.862033051525941, 6989336.046755966730416 ], [ 255108.000032258860301, 6989544.788761131465435 ], [ 253608.617034258000785, 6991101.564748212695122 ], [ 255057.309032561141066, 6992159.538759262301028 ], [ 254662.960033393814228, 6995871.730753999203444 ], [ 259699.805028087605024, 7001591.32578893750906 ], [ 263112.307024567679036, 7000488.762812332250178 ], [ 272253.875017341692001, 7004745.731861831620336 ], [ 280511.162012347020209, 7004769.323897316120565 ], [ 280400.454012481379323, 7006862.148896389640868 ], [ 279706.50901287002489, 7007401.816893591545522 ], [ 281203.037012101267464, 7007823.639899167232215 ], [ 280255.37701265362557, 7009446.345895202830434 ], [ 280969.637012302759103, 7010094.646897752769291 ], [ 279493.168013118207455, 7010865.843891880474985 ], [ 280852.19901244493667, 7012317.486896771006286 ], [ 279991.542012890800834, 7012005.071893544867635 ], [ 278858.545013599446975, 7014120.863888500258327 ], [ 277228.533014513202943, 7013258.263881960883737 ], [ 278459.142013888340443, 7015629.279886468313634 ], [ 280292.406012897612527, 7016464.128893596120179 ], [ 278802.500013814598788, 7018671.549887063913047 ], [ 279605.213013397762552, 7019630.153890069574118 ], [ 276824.892015117453411, 7021513.198877867311239 ], [ 279218.741013824415859, 7024817.955887132324278 ], [ 279776.352013481664471, 7024181.29888956900686 ], [ 283166.664011752989609, 7026079.555902083404362 ], [ 281940.235012460849248, 7028295.517897001467645 ], [ 287627.128009835490957, 7030654.004916255362332 ], [ 286850.811010180739686, 7030934.264913701452315 ], [ 286859.233010214404203, 7032165.546913479454815 ], [ 281562.954012690926902, 7029107.94589535612613 ], [ 281448.327012761554215, 7029351.512894853018224 ], [ 286893.64301021641586, 7032727.12491347361356 ], [ 287295.236010020133108, 7032060.502914912067354 ], [ 288312.193009597249329, 7032435.277918056584895 ], [ 288889.008009330311324, 7031431.899920030497015 ], [ 289490.348009104491211, 7032056.374921728856862 ], [ 291368.44900835189037, 7030923.730927370488644 ], [ 293596.184007558913436, 7030815.545933402143419 ], [ 292894.487007820513099, 7031669.34593141824007 ], [ 293682.992007545835804, 7031538.49593351315707 ], [ 293423.040007662493736, 7032753.486932640895247 ], [ 294918.685007149411831, 7032107.939936568960547 ], [ 293907.490007471758872, 7031609.773934081196785 ], [ 298813.974005920696072, 7028712.223946087062359 ], [ 298653.251006050384603, 7033398.21394512988627 ], [ 299975.652005685609765, 7033122.157948003150523 ], [ 299869.864005728624761, 7033967.69094767421484 ], [ 301303.997005359968171, 7034144.763950601220131 ], [ 301450.174005285371095, 7031810.933951166458428 ], [ 303905.41500471852487, 7032729.781955732032657 ], [ 305543.670004327781498, 7030183.998958881013095 ], [ 310586.421003439289052, 7035650.361966309137642 ], [ 311977.390003241482191, 7038865.607968014664948 ], [ 311577.038003318710253, 7039987.780967370606959 ], [ 312123.965003221121151, 7039204.523968189954758 ], [ 313922.261002981103957, 7043392.786970273591578 ], [ 317418.234002498094924, 7044276.539974453859031 ], [ 316970.812002560123801, 7044669.400973916053772 ], [ 320481.677002139680553, 7046141.492977631278336 ], [ 321710.002001991611905, 7044241.501978942193091 ], [ 324276.543001730577089, 7043754.978981304913759 ], [ 326626.683001510915346, 7041894.340983321890235 ], [ 327811.153001416067127, 7042330.426984213292599 ], [ 328735.559001334826462, 7040236.047984968870878 ], [ 328212.792001371504739, 7039548.573984614573419 ], [ 331474.916001119301654, 7034711.749986999668181 ], [ 334929.075000905024353, 7032219.919989095069468 ], [ 338234.806000719720032, 7024550.771990939974785 ], [ 341196.855000590614509, 7021532.895992281846702 ], [ 340572.242000615573488, 7021945.816992019303143 ], [ 340852.761000603903085, 7021568.774992140009999 ], [ 340963.803000598447397, 7021032.48299219738692 ], [ 341263.062000586010981, 7020550.899992327205837 ], [ 340951.480000599985942, 7021517.254992183297873 ], [ 342213.667000551009551, 7020314.542992706410587 ], [ 350315.927000316325575, 7018971.809995329007506 ], [ 354228.049000234750565, 7016186.626996301114559 ], [ 357842.96700017421972, 7012259.633997056633234 ], [ 360769.9960001334548, 7007607.465997580438852 ], [ 358715.103000157396309, 7006026.685997256077826 ], [ 357888.67400016868487, 7006642.601997104473412 ], [ 357452.604000173509121, 7005219.79999703541398 ] ] ] ] } },
{ "type": "Feature", "properties": { "id": 5, "gml_id": 28061436, "natcode": "07", "namefin": "Päijät-Häme", "nameswe": "Päijät-Häme" }, "geometry": { "type": "MultiPolygon", "coordinates": [ [ [ [ 403654.91399998642737, 6775615.024000116623938 ], [ 406219.540999987686519, 6778344.355000135488808 ], [ 405156.49699998711003, 6780097.253000129014254 ], [ 406265.349999987869523, 6781833.238000134006143 ], [ 406876.251999988046009, 6781524.026000138372183 ], [ 406887.854999987932388, 6781560.881000137887895 ], [ 405867.246999987517484, 6783645.054000133648515 ], [ 406254.973999987705611, 6785736.917000137269497 ], [ 403320.792999986326322, 6788855.695000116713345 ], [ 403543.833999986643903, 6790950.972000120207667 ], [ 397906.07099998393096, 6792789.636000068858266 ], [ 394254.45099998236401, 6791800.027000025846064 ], [ 393510.74299998220522, 6796819.551000013947487 ], [ 391280.958999981521629, 6795343.083999978378415 ], [ 389631.155999981157947, 6797443.8519999505952 ], [ 388570.141999980842229, 6796523.808999929577112 ], [ 388683.642999980947934, 6799573.076999929733574 ], [ 387131.0129999811179, 6804231.442999897524714 ], [ 388582.935999981826171, 6810889.309999925084412 ], [ 385870.677999982028268, 6814943.998999861069024 ], [ 386004.132999982219189, 6817676.615999867208302 ], [ 391802.691999982576817, 6814673.846999984234571 ], [ 397666.373999984702095, 6816267.577000066637993 ], [ 397647.598999984795228, 6817412.642000067047775 ], [ 399743.649999985645991, 6816920.095000089146197 ], [ 401279.602999986149371, 6815341.56400010548532 ], [ 403235.970999987155665, 6817418.420000121928751 ], [ 407094.352999988710508, 6816685.91500014718622 ], [ 408166.305999989272095, 6817487.321000154130161 ], [ 416789.251999992644414, 6818020.264000187627971 ], [ 420849.832999994163401, 6834306.836000203154981 ], [ 420678.768999994266778, 6839096.004000201821327 ], [ 422444.098999994748738, 6839447.602000206708908 ], [ 424147.160999995248858, 6838653.711000208742917 ], [ 426355.356999995710794, 6839397.129000212997198 ], [ 429396.289999996661209, 6843255.003000216558576 ], [ 430659.472999996854924, 6843507.212000217288733 ], [ 433840.888999997463543, 6841932.132000219076872 ], [ 434292.468999997654464, 6841321.446000221185386 ], [ 433490.140999997383915, 6840569.122000218369067 ], [ 434977.031999997561797, 6839710.960000219754875 ], [ 438323.7929999983171, 6848889.962000222876668 ], [ 439659.784999998228159, 6850292.188000225462019 ], [ 439110.804999998246785, 6852598.036000225692987 ], [ 441120.188999998499639, 6851806.954000227153301 ], [ 439968.398999998345971, 6848097.527000224217772 ], [ 442340.866999998688698, 6848493.54800022393465 ], [ 443243.182999998738524, 6851337.41100022662431 ], [ 443372.643999998865183, 6850333.753000225871801 ], [ 446359.613999999011867, 6847818.87400022521615 ], [ 446853.857999999192543, 6844372.174000224098563 ], [ 447976.80699999909848, 6843436.993000226095319 ], [ 449557.644999999320135, 6843991.913000223226845 ], [ 449947.340999999432825, 6845396.169000223278999 ], [ 450465.772999999404419, 6844546.246000225655735 ], [ 451556.574999999487773, 6839883.764000223018229 ], [ 450788.378999999375083, 6838039.88200022187084 ], [ 453805.621999999450054, 6834141.123000221326947 ], [ 454267.838999999512453, 6832099.924000220373273 ], [ 455502.858999999531079, 6831695.75700022187084 ], [ 457185.448999999673106, 6835460.267000221647322 ], [ 461163.432999999844469, 6834489.704000220634043 ], [ 462028.368999999831431, 6836146.618000220507383 ], [ 462369.096999999892432, 6835397.181000221520662 ], [ 462936.10799999977462, 6835813.406000223010778 ], [ 463667.431999999796972, 6834237.336000223644078 ], [ 462860.601999999838881, 6832871.343000221066177 ], [ 463685.216999999945983, 6830957.649000220932066 ], [ 463869.65300000004936, 6826687.856000217609107 ], [ 462903.649999999790452, 6827425.985000220127404 ], [ 460774.128999999782536, 6827600.957000219263136 ], [ 462078.031000000017229, 6826295.094000216573477 ], [ 462309.718, 6823880.006000217050314 ], [ 463011.712999999872409, 6823832.934000217355788 ], [ 462365.922999999893364, 6821469.42200021725148 ], [ 461087.749999999883585, 6821383.39400021545589 ], [ 461426.683000000019092, 6819659.947000216692686 ], [ 461618.019999999960419, 6819494.705000216141343 ], [ 463245.955999999772757, 6819355.090000214986503 ], [ 463787.641999999817926, 6821422.007000215351582 ], [ 463914.281999999890104, 6819722.905000215396285 ], [ 464922.932999999902677, 6819995.92200021725148 ], [ 465301.355999999912456, 6819144.388000216335058 ], [ 464555.223999999987427, 6818309.985000214539468 ], [ 463761.88499999983469, 6819441.22000021673739 ], [ 463751.146999999938998, 6818866.559000215493143 ], [ 461093.234999999927823, 6819255.167000216431916 ], [ 461162.102999999828171, 6820267.351000215858221 ], [ 460412.716999999829568, 6820345.144000217318535 ], [ 460788.592999999877065, 6819327.27100021764636 ], [ 459283.459999999729916, 6819805.728000215254724 ], [ 460706.013999999850057, 6818976.29000021610409 ], [ 462334.642999999807216, 6814715.02100021392107 ], [ 459668.485999999742489, 6812746.969000211916864 ], [ 463668.833999999857042, 6807388.991000210866332 ], [ 461802.177000000025146, 6803925.679000209085643 ], [ 463557.49499999982072, 6804291.840000211261213 ], [ 463637.270999999949709, 6802705.980000209063292 ], [ 467854.783, 6798804.094000207260251 ], [ 472325.839999999967404, 6798856.638000207953155 ], [ 470248.1919999999227, 6801720.622000209055841 ], [ 471350.142999999865424, 6802116.070000210776925 ], [ 473767.971000000252388, 6800111.095000207424164 ], [ 472325.839999999967404, 6798856.638000207953155 ], [ 473923.354000000108499, 6793440.713000207208097 ], [ 470177.065000000176951, 6792185.891000205650926 ], [ 469145.491999999911059, 6790937.143000205047429 ], [ 469471.633999999903608, 6789352.947000205516815 ], [ 467575.574000000080559, 6786743.199000205844641 ], [ 466960.136999999929685, 6783898.546000203117728 ], [ 464915.468999999808148, 6782309.267000200226903 ], [ 460749.753999999957159, 6781163.187000200152397 ], [ 460650.40099999983795, 6779663.392000200226903 ], [ 458816.046999999729451, 6777568.221000199206173 ], [ 459920.869999999762513, 6774748.230000198818743 ], [ 462858.502999999851454, 6774862.660000200383365 ], [ 459438.236999999731779, 6767467.520000196062028 ], [ 460305.90099999983795, 6764308.610000195913017 ], [ 464644.093999999982771, 6763019.167000195011497 ], [ 465145.037999999825843, 6765472.885000194422901 ], [ 466245.389999999897555, 6766072.753000195138156 ], [ 468807.261999999929685, 6764267.998000195249915 ], [ 470413.309, 6764845.280000195838511 ], [ 473201.283999999926891, 6763979.851000194437802 ], [ 472702.897, 6761851.299000190570951 ], [ 473791.3080000000773, 6759904.572000191546977 ], [ 473780.671999999904074, 6757763.53700019326061 ], [ 475133.689000000013039, 6756122.97800019569695 ], [ 475300.042999999946915, 6749934.250000189989805 ], [ 474944.967999999877065, 6748601.080000190064311 ], [ 470677.391999999934342, 6748823.118000188842416 ], [ 473441.096000000194181, 6745133.436000186949968 ], [ 470952.495999999984633, 6743806.242000185884535 ], [ 471327.147999999986496, 6743280.358000186271966 ], [ 470232.036999999894761, 6742485.658000186085701 ], [ 469346.381999999866821, 6742887.558000185526907 ], [ 466331.823999999964144, 6741511.910000186413527 ], [ 467154.548999999940861, 6738367.895000184886158 ], [ 465591.335999999777414, 6737198.921000183559954 ], [ 465911.764999999839347, 6736341.402000183239579 ], [ 461690.03899999987334, 6734992.072000183165073 ], [ 459666.285999999905471, 6736543.851000182330608 ], [ 459287.054999999818392, 6734961.069000183604658 ], [ 457981.670999999856576, 6734948.183000183664262 ], [ 456858.860999999684282, 6736092.07900018338114 ], [ 457664.843999999575317, 6732883.160000180825591 ], [ 457124.645999999600463, 6731439.294000182300806 ], [ 453151.056999999447726, 6728618.779000180773437 ], [ 451349.206999999296386, 6728185.149000180885196 ], [ 446949.952999999222811, 6731617.596000182442367 ], [ 441787.769999998505227, 6730507.19500018004328 ], [ 440828.432999998447485, 6733857.073000180535018 ], [ 437791.573999998217914, 6733477.421000178903341 ], [ 436218.262999997823499, 6731493.918000180274248 ], [ 431598.60299999685958, 6730923.0900001777336 ], [ 430325.257999996421859, 6732101.752000177279115 ], [ 427894.201999995915685, 6729156.008000175468624 ], [ 426214.651999995519873, 6729495.67000017222017 ], [ 426073.716999995231163, 6727890.470000173896551 ], [ 424425.80799999483861, 6727967.388000170700252 ], [ 424096.83899999485584, 6726998.039000171236694 ], [ 419174.129999993077945, 6730717.88200016412884 ], [ 418978.388999993156176, 6735649.515000165440142 ], [ 416961.359999992127996, 6740661.423000163398683 ], [ 414724.966999991156626, 6741021.656000156886876 ], [ 411827.687999989837408, 6736406.800000146962702 ], [ 408411.21699998807162, 6737335.588000132702291 ], [ 407242.577999987406656, 6736361.884000129066408 ], [ 406583.623999987088609, 6739083.470000124536455 ], [ 403206.299999985552859, 6742272.203000106848776 ], [ 402662.437999985122588, 6746389.452000103890896 ], [ 401508.471999984467402, 6745709.423000096343458 ], [ 401207.547999984468333, 6743917.343000093474984 ], [ 397796.922999982198235, 6743800.509000062942505 ], [ 396257.423999981430825, 6744498.902000045403838 ], [ 395563.437999981106259, 6746410.365000041201711 ], [ 395899.083999981288798, 6748183.530000044032931 ], [ 397255.642999982228503, 6749246.667000059038401 ], [ 396647.599999981932342, 6755267.635000051930547 ], [ 392003.32599997962825, 6756401.466999993659556 ], [ 393110.599999980302528, 6760136.66900001000613 ], [ 395004.196999981475528, 6762771.998000032268465 ], [ 394430.118999981146771, 6763576.979000027291477 ], [ 394975.495999981416389, 6764131.437000035308301 ], [ 394940.493999981496017, 6764241.725000033155084 ], [ 393299.334999980696011, 6763686.486000013537705 ], [ 393266.77099998074118, 6764872.554000010713935 ], [ 394486.315999981306959, 6766298.737000028602779 ], [ 393495.323999980988447, 6767837.51500001642853 ], [ 395087.360999981872737, 6769919.849000034853816 ], [ 402770.859999985783361, 6772609.557000110857189 ], [ 403654.91399998642737, 6775615.024000116623938 ] ] ] ] } },
{ "type": "Feature", "properties": { "id": 6, "gml_id": 28061499, "natcode": "16", "namefin": "Keski-Pohjanmaa", "nameswe": "Mellersta Österbotten" }, "geometry": { "type": "MultiPolygon", "coordinates": [ [ [ [ 340750.47600080340635, 7098151.826990469358861 ], [ 340968.614000798552297, 7100252.630990530364215 ], [ 342455.490000729390886, 7100658.218991228379309 ], [ 345493.164000594988465, 7097481.225992596708238 ], [ 347245.603000531787984, 7097841.198993261903524 ], [ 348747.168000479810871, 7096776.961993815377355 ], [ 349457.172000459395349, 7097729.999994039535522 ], [ 350088.247000438859686, 7096884.496994261629879 ], [ 350445.907000429229811, 7097384.950994367711246 ], [ 347177.587000543309841, 7102426.283993160352111 ], [ 350033.73800045333337, 7104470.793994131498039 ], [ 349324.436000481131487, 7107651.576993842609227 ], [ 350244.854000451625325, 7107263.179994159378111 ], [ 350327.223000449535903, 7107487.771994183771312 ], [ 349513.421000475995243, 7108116.751993905752897 ], [ 351822.166000408877153, 7109127.616994633339345 ], [ 352365.436000396963209, 7111141.975994772277772 ], [ 357922.837000264727976, 7108191.109996264800429 ], [ 358152.18200025317492, 7101509.764996378682554 ], [ 358781.56600024108775, 7101014.892996520735323 ], [ 358172.708000252372585, 7100943.511996390298009 ], [ 360532.37000020686537, 7095901.056996920146048 ], [ 359765.745000218506902, 7095384.066996774636209 ], [ 360553.336000206472818, 7095855.79399692453444 ], [ 361789.550000185146928, 7093196.536997175775468 ], [ 363590.023000160057563, 7092515.934997491538525 ], [ 364807.017000140855089, 7086218.88499772362411 ], [ 366522.02200012083631, 7084521.519997982308269 ], [ 373373.218000063498039, 7081763.975998789072037 ], [ 379448.130000028584618, 7064635.838999315164983 ], [ 382135.540000018896535, 7060132.247999485582113 ], [ 391822.979999999981374, 7052793.190999889746308 ], [ 402107.618999993777834, 7038128.975000110454857 ], [ 395339.008999995945487, 7035351.219999986700714 ], [ 388595.831000001169741, 7027489.372999805957079 ], [ 389814.313999998907093, 7018219.868999854661524 ], [ 387296.023000001674518, 7017190.733999770134687 ], [ 387878.205000000831205, 7015986.846999791450799 ], [ 387123.571000001742505, 7015642.183999763801694 ], [ 387535.842000000819098, 7011924.633999784477055 ], [ 385696.266000002331566, 7003990.698999722488225 ], [ 387722.499999999534339, 7002395.288999799638987 ], [ 375623.274000027915463, 7005527.283999186940491 ], [ 366787.925000074377749, 7001300.582998408935964 ], [ 364150.394000097294338, 7004163.58999807946384 ], [ 361718.323000120406505, 7003363.577997747808695 ], [ 362040.891000116360374, 7002146.911997802555561 ], [ 359118.039000152202789, 7005913.190997323021293 ], [ 357452.604000173509121, 7005219.79999703541398 ], [ 357888.67400016868487, 7006642.601997104473412 ], [ 358715.103000157396309, 7006026.685997256077826 ], [ 360769.9960001334548, 7007607.465997580438852 ], [ 354228.049000234750565, 7016186.626996301114559 ], [ 349846.653000327176414, 7019135.166995203122497 ], [ 342213.667000551009551, 7020314.542992706410587 ], [ 340951.480000599985942, 7021517.254992183297873 ], [ 341263.062000586010981, 7020550.899992327205837 ], [ 340572.242000615573488, 7021945.816992019303143 ], [ 341196.855000590614509, 7021532.895992281846702 ], [ 338234.806000719720032, 7024550.771990939974785 ], [ 334929.075000905024353, 7032219.919989095069468 ], [ 335590.009000870923046, 7032471.17498944606632 ], [ 333399.799001012986992, 7038382.825988063588738 ], [ 333511.413001044886187, 7049104.025987816043198 ], [ 330048.196001288713887, 7051796.215985482558608 ], [ 330117.700001291523222, 7053663.603985466063023 ], [ 329010.342001374228857, 7053435.0669846823439 ], [ 329044.917001376859844, 7054532.601984666660428 ], [ 329412.709001346607693, 7054146.655984948389232 ], [ 330284.590001286647748, 7055339.625985524617136 ], [ 329258.997001373849344, 7057500.568984713405371 ], [ 327739.738001488964073, 7056046.811983624473214 ], [ 326772.708001574210357, 7056566.964982838369906 ], [ 325898.683001647412311, 7055701.02898215688765 ], [ 322684.579001985024661, 7059188.109979118220508 ], [ 324397.560001804959029, 7058447.330980736762285 ], [ 324769.358001772547141, 7059100.084981038235128 ], [ 324287.814001828315668, 7060552.915980542078614 ], [ 325926.953001677873544, 7061683.33898192178458 ], [ 325225.512001757859252, 7064128.179981209337711 ], [ 326832.996001604769845, 7063304.618982606567442 ], [ 326874.177001597359776, 7062612.726982668973505 ], [ 326293.538001652108505, 7063123.417982168495655 ], [ 326211.218001659552101, 7063102.573982099071145 ], [ 325894.544001687259879, 7062825.040981844998896 ], [ 325880.618001687340438, 7062627.708981839939952 ], [ 326050.192001670540776, 7062407.150981994345784 ], [ 325923.29500168049708, 7062115.797981900162995 ], [ 326019.04900166974403, 7061746.360981996171176 ], [ 326268.98000165441772, 7063096.641982146538794 ], [ 328749.017001429921947, 7060805.422984211705625 ], [ 329396.562001379556023, 7061004.382984683848917 ], [ 329115.386001406586729, 7062081.245984438806772 ], [ 329782.695001350599341, 7061224.601984956301749 ], [ 334271.841001054795925, 7064707.526987810619175 ], [ 336906.316000896273181, 7062947.035989359021187 ], [ 338953.924000797152985, 7064950.881990367546678 ], [ 326421.512001718918327, 7077191.278981656767428 ], [ 324714.069001859053969, 7072647.811980354599655 ], [ 323810.8360019515967, 7072535.595979522913694 ], [ 324246.299001909676008, 7073110.667979901656508 ], [ 323479.108001999440603, 7074466.557979109697044 ], [ 322655.928002087865025, 7074189.190978318452835 ], [ 322073.107002161093988, 7075220.16597767546773 ], [ 318721.936002582777292, 7075736.622973995283246 ], [ 315735.400002992129885, 7073594.866970465518534 ], [ 314290.001003189128824, 7070565.494968768209219 ], [ 310968.427003803080879, 7073707.995963679626584 ], [ 311946.743003620649688, 7073515.89996518753469 ], [ 311691.634003674611449, 7074187.753964747302234 ], [ 310837.425003829062916, 7073823.974963463842869 ], [ 303549.675005549215712, 7079942.706949690356851 ], [ 299553.509006661945023, 7078697.0569410007447 ], [ 299396.658006685611326, 7077480.273940801620483 ], [ 299169.062006782973185, 7078795.50594006665051 ], [ 296048.421007841243409, 7079638.58793200366199 ], [ 297573.901007383305114, 7082651.379935524426401 ], [ 295341.144008354982361, 7090096.043928288854659 ], [ 291806.796010018326342, 7098121.703916073776782 ], [ 269757.207025762763806, 7106576.567807553336024 ], [ 274172.346021937322803, 7111851.831833148375154 ], [ 278585.305018518585712, 7115370.584856390021741 ], [ 284571.616014583501965, 7119157.507883716374636 ], [ 294973.467009399784729, 7123760.035921019501984 ], [ 329149.773001667461358, 7113662.295982372015715 ], [ 335973.546001099050045, 7105699.699987614527345 ], [ 339081.286000891181175, 7098673.057989601045847 ], [ 339837.410000853706151, 7099518.145989974960685 ], [ 340750.47600080340635, 7098151.826990469358861 ] ] ] ] } },
{ "type": "Feature", "properties": { "id": 7, "gml_id": 28061429, "natcode": "06", "namefin": "Pirkanmaa", "nameswe": "Birkaland" }, "geometry": { "type": "MultiPolygon", "coordinates": [ [ [ [ 282345.247005700482987, 6774309.420943128876388 ], [ 281989.75100582302548, 6776068.560942153446376 ], [ 284595.879005210939795, 6777710.316947303712368 ], [ 284104.677005351812113, 6779172.320946155115962 ], [ 280812.362006164854392, 6777713.989939373917878 ], [ 279796.938006476731971, 6779300.945936856791377 ], [ 283028.141005671699531, 6782373.993943558074534 ], [ 281499.521006088354625, 6783426.57894013915211 ], [ 281836.706006023450755, 6784748.205940708518028 ], [ 280639.540006362251006, 6785440.992937944829464 ], [ 280405.737006510025822, 6789563.085936840623617 ], [ 282591.859005906851962, 6789184.159941773861647 ], [ 281540.300006254110485, 6792662.838939003646374 ], [ 278407.536007210146636, 6794586.991931308992207 ], [ 278967.265007045469247, 6794937.030932641588151 ], [ 277639.413007486786228, 6796110.484929133206606 ], [ 277026.749007669975981, 6795429.569927654229105 ], [ 275778.98900810739724, 6796200.478924206458032 ], [ 275752.320008099894039, 6795513.142924248240888 ], [ 275729.376008125022054, 6796223.64892406668514 ], [ 272987.479009156464599, 6797581.889916019514203 ], [ 269837.62101043749135, 6797766.907906142063439 ], [ 269685.548010483733378, 6797147.794905771501362 ], [ 269444.745010607875884, 6797787.647904844023287 ], [ 266428.884012000169605, 6798044.508894305676222 ], [ 266595.422011947026476, 6798822.111894729547203 ], [ 265481.475012530805543, 6799810.809890383854508 ], [ 266309.476012138882652, 6800319.533893337473273 ], [ 264979.83901295386022, 6804276.80788738001138 ], [ 262460.69301446119789, 6807729.304876365698874 ], [ 264251.781013515312225, 6808859.504883368499577 ], [ 262883.624014516593888, 6814780.764876203611493 ], [ 263748.308014037960675, 6815011.692879726178944 ], [ 263236.792014432954602, 6817580.909876918420196 ], [ 260519.592016110545956, 6818727.522864756174386 ], [ 256997.596018836193252, 6825762.391845530830324 ], [ 265331.352013844531029, 6831822.258881714195013 ], [ 266364.911013256525621, 6831101.28488602116704 ], [ 268789.560012106026988, 6833466.062894633971155 ], [ 268959.881012097583152, 6835580.477894760668278 ], [ 271736.938010849815328, 6837141.47190417535603 ], [ 270186.019011725788005, 6841924.131897727958858 ], [ 272349.673010662663728, 6839794.224905667826533 ], [ 273597.561010194302071, 6842067.541909287683666 ], [ 273339.148010397446342, 6845099.772907826118171 ], [ 271945.637011027021799, 6845525.214903079904616 ], [ 271623.297011122223921, 6843948.920902316458523 ], [ 269965.465011880616657, 6843325.256896612234414 ], [ 269719.357012054882944, 6844869.150895359925926 ], [ 271356.438011284102686, 6845135.284901133738458 ], [ 270115.518011917127296, 6846446.198896435089409 ], [ 269867.738012095564045, 6848072.768895152024925 ], [ 272006.132011087436695, 6848218.053902701474726 ], [ 271788.801011286559515, 6851214.378901291638613 ], [ 272629.757010943896603, 6852498.62090390175581 ], [ 273953.067010353261139, 6852257.370908359065652 ], [ 274554.448010141262785, 6853710.30691000726074 ], [ 276214.687009480316192, 6854403.168915066868067 ], [ 277644.238008918240666, 6854132.245919384993613 ], [ 280289.516008124337532, 6860650.003925704397261 ], [ 277336.635009340010583, 6865243.443916420452297 ], [ 276268.010009751655161, 6864631.833913259208202 ], [ 275792.774009986547753, 6865943.374911506660283 ], [ 278572.568008909176569, 6866949.81691977288574 ], [ 278323.469009034335613, 6868086.652918835170567 ], [ 275910.320010035997257, 6869265.812911214306951 ], [ 276134.26200998557033, 6870717.74691163841635 ], [ 275506.662010263768025, 6871139.648909538984299 ], [ 276101.535010003484786, 6870868.972911505028605 ], [ 276267.698009954823647, 6871570.626911890693009 ], [ 275315.915010395227, 6872758.946908584795892 ], [ 273437.134011245216243, 6872987.262902205809951 ], [ 272598.826011676574126, 6874051.205899015069008 ], [ 271747.796012178412639, 6876503.156895358115435 ], [ 272284.096011964371428, 6877936.502896985039115 ], [ 270517.334012876613997, 6878421.85189026221633 ], [ 270870.515012744348496, 6879789.087891277857125 ], [ 270167.683013135625515, 6880374.059888417832553 ], [ 269335.936013497470412, 6878164.906885704025626 ], [ 269594.721013423695695, 6879865.756886295042932 ], [ 268102.557014267658815, 6880171.550880155526102 ], [ 265533.982015909277834, 6882440.353868389502168 ], [ 266470.516015314671677, 6882122.777872646227479 ], [ 270056.750013417680748, 6886111.287886520847678 ], [ 273732.129011591663584, 6887419.03090001270175 ], [ 273668.660011585336179, 6886339.900900030508637 ], [ 274445.33701126370579, 6887671.761902462691069 ], [ 279531.322009111929219, 6888121.0049187252298 ], [ 279725.246009322814643, 6898573.054917356930673 ], [ 284575.913007604773156, 6900287.773930643685162 ], [ 283629.203007964300923, 6901946.888927882537246 ], [ 284420.523007723037153, 6903162.064929781481624 ], [ 284029.158007959136739, 6907503.803928039968014 ], [ 283105.073008287581615, 6907642.597925499081612 ], [ 283701.69600816629827, 6911326.951926516368985 ], [ 287089.675007032230496, 6910900.346935349516571 ], [ 304153.954003242659383, 6917135.547966562211514 ], [ 304768.231003160763066, 6918555.856967295520008 ], [ 303741.573003340396099, 6920104.145965754985809 ], [ 305006.473003128427081, 6919039.781967578455806 ], [ 305248.121003098785877, 6919752.176967850886285 ], [ 306810.359002868295647, 6919850.311969867907465 ], [ 306947.197002861415967, 6921219.256969948299229 ], [ 306092.343002989888191, 6921653.44396882224828 ], [ 307589.745002806652337, 6925168.37397047970444 ], [ 310933.46700238250196, 6926894.948974282480776 ], [ 310740.236002394522075, 6925423.720974154770374 ], [ 311223.136002331797499, 6924891.074974715709686 ], [ 311807.830002266447991, 6925403.746975316666067 ], [ 312626.042002165457234, 6924448.708976223133504 ], [ 311899.599002244998701, 6923976.229975492693484 ], [ 312777.728002147283405, 6924272.214976387098432 ], [ 315029.680001889821142, 6921444.986978734843433 ], [ 316169.513001776183955, 6921054.178979793563485 ], [ 317757.498001634608954, 6921783.126981137320399 ], [ 319878.471001446945593, 6920000.355982916429639 ], [ 319415.59900151140755, 6925258.644982344470918 ], [ 327654.950000942975748, 6924153.086987970396876 ], [ 334454.585000637569465, 6930197.407991235144436 ], [ 335490.565000593778677, 6928824.016991704702377 ], [ 335908.272000581375323, 6930228.304991851560771 ], [ 335270.372000608535018, 6931504.253991559147835 ], [ 336977.916000549332239, 6933246.459992223419249 ], [ 336987.610000540385954, 6929367.885992298834026 ], [ 338489.747000489849597, 6929365.581992869265378 ], [ 338583.247000492643565, 6932174.939992856234312 ], [ 340216.677000441588461, 6931991.178993438370526 ], [ 340738.760000420792494, 6928959.926993659697473 ], [ 340194.410000436066184, 6928683.491993481293321 ], [ 340264.550000425660983, 6924128.953993573784828 ], [ 341008.872000400093384, 6921479.90099385753274 ], [ 342420.124000363051891, 6921488.959994298405945 ], [ 344617.7910003081779, 6919777.66999495215714 ], [ 346056.939000272424892, 6915798.033995375968516 ], [ 345310.441000285209157, 6913850.233995207585394 ], [ 346935.619000249076635, 6910860.519995646551251 ], [ 348370.354000223102048, 6910688.401995982974768 ], [ 348523.117000217782333, 6908389.530996038578451 ], [ 351710.68900016596308, 6905570.865996720269322 ], [ 357328.096000100602396, 6905317.169997661374509 ], [ 358081.421000094094779, 6906175.400997762568295 ], [ 359167.866000080248341, 6898883.989997947588563 ], [ 361261.513000062666833, 6895753.213998220860958 ], [ 362517.825000054319389, 6895281.639998365193605 ], [ 364624.779000041889958, 6896018.316998582333326 ], [ 364473.547000042279251, 6895084.274998568929732 ], [ 365085.743000039248727, 6895738.501998627558351 ], [ 365790.448000034899451, 6893751.988998699001968 ], [ 366669.055000031017698, 6894420.94299877807498 ], [ 366021.274000034783967, 6896110.714998714625835 ], [ 369833.761000019323546, 6898651.913999024778605 ], [ 369900.905000019352883, 6899482.689999029040337 ], [ 373010.02200000884477, 6897256.554999245330691 ], [ 376031.42200000048615, 6890616.889999430626631 ], [ 378632.477999995695427, 6889221.974999560974538 ], [ 377970.784999995492399, 6882214.957999537698925 ], [ 379937.16799999284558, 6881504.272999622859061 ], [ 381259.132999991124962, 6878840.603999680839479 ], [ 378854.956999993417412, 6876669.717999584041536 ], [ 375397.615999998932239, 6875632.580999420024455 ], [ 374214.179000000352971, 6872285.808999361470342 ], [ 373248.856000002240762, 6871152.843999306671321 ], [ 371925.45700000540819, 6871183.600999228656292 ], [ 371935.277000005124137, 6869930.721999229863286 ], [ 371015.001000007672701, 6870175.876999171450734 ], [ 369984.957000009715557, 6866558.108999109826982 ], [ 371431.610000005632173, 6866831.229999204166234 ], [ 374551.641999998013489, 6863913.867999395355582 ], [ 377251.303999993077014, 6861118.052999530918896 ], [ 380386.065999988641124, 6855472.740999667905271 ], [ 382603.600999987102114, 6854078.719999746419489 ], [ 382792.602999986615032, 6852840.964999753050506 ], [ 384448.978999985847622, 6852282.600999806076288 ], [ 384662.457999985374045, 6848746.619999812915921 ], [ 382424.265999986382667, 6849846.714999744668603 ], [ 381289.287999987485819, 6851299.762999705038965 ], [ 381511.687999987450894, 6852455.644999710842967 ], [ 379980.074999988486525, 6851710.508999655023217 ], [ 381011.803999986790586, 6844948.989999700337648 ], [ 380243.860999986995012, 6842149.360999673604965 ], [ 381842.331999985734001, 6840101.338999732397497 ], [ 383156.816999985137954, 6841675.403999773785472 ], [ 386462.798999983991962, 6839646.978999868035316 ], [ 384140.797999984584749, 6838254.769999803975224 ], [ 384986.644999984069727, 6837218.869999829679728 ], [ 388128.706999983638525, 6836701.79599990695715 ], [ 389654.584999983606394, 6834836.83599994238466 ], [ 391889.347999983932823, 6834729.063999984413385 ], [ 391322.584999984130263, 6835905.028999974019825 ], [ 392203.594999984139577, 6838191.196999989449978 ], [ 389680.958999984199181, 6843238.392999939620495 ], [ 392079.217999984626658, 6848643.009999983943999 ], [ 392620.215999984764494, 6847430.598999995738268 ], [ 392165.454999984591268, 6845608.665999988093972 ], [ 393184.911999984586146, 6844853.006000004708767 ], [ 394520.625999984913506, 6845861.520000024698675 ], [ 393349.721999984933063, 6848921.249000007286668 ], [ 393915.865999985020608, 6849315.627000017091632 ], [ 392467.485999984841328, 6850973.605999990366399 ], [ 393433.928999984986149, 6852102.657000007107854 ], [ 404379.538999988348223, 6845367.213000135496259 ], [ 405897.510999988997355, 6846140.97300014551729 ], [ 406764.974999989150092, 6844964.333000151440501 ], [ 408300.14899998990586, 6846351.928000161424279 ], [ 408328.952999989734963, 6844931.096000161021948 ], [ 413202.983999991731253, 6844044.747000184841454 ], [ 413979.944999991857912, 6843292.710000185295939 ], [ 415096.054999992484227, 6844360.878000189550221 ], [ 416140.771999992954079, 6848058.914000195451081 ], [ 422729.75199999473989, 6850493.619000210426748 ], [ 420875.218999994220212, 6848689.333000205457211 ], [ 420849.832999994163401, 6834306.836000203154981 ], [ 416789.251999992644414, 6818020.264000187627971 ], [ 408166.305999989272095, 6817487.321000154130161 ], [ 407094.352999988710508, 6816685.91500014718622 ], [ 403235.970999987155665, 6817418.420000121928751 ], [ 401279.602999986149371, 6815341.56400010548532 ], [ 399743.649999985645991, 6816920.095000089146197 ], [ 397647.598999984795228, 6817412.642000067047775 ], [ 397666.373999984702095, 6816267.577000066637993 ], [ 391802.691999982576817, 6814673.846999984234571 ], [ 386004.132999982219189, 6817676.615999867208302 ], [ 385870.677999982028268, 6814943.998999861069024 ], [ 388582.935999981826171, 6810889.309999925084412 ], [ 387131.0129999811179, 6804231.442999897524714 ], [ 388408.585999981150962, 6800863.470999927259982 ], [ 386366.997999980580062, 6797800.045999879948795 ], [ 386994.351999980630353, 6796629.663999896496534 ], [ 384242.719999980472494, 6795249.108999830670655 ], [ 380450.434999980963767, 6794647.226999717764556 ], [ 378562.45199998258613, 6800257.090999647974968 ], [ 377133.014999982726295, 6795284.16199960000813 ], [ 376058.448999983840622, 6796167.416999554261565 ], [ 374904.408999984851107, 6795841.096999504603446 ], [ 370837.089999990537763, 6797290.833999295718968 ], [ 370046.92699999245815, 6799056.214999247342348 ], [ 363150.567000010167249, 6795503.691998761147261 ], [ 360463.849000020301901, 6793064.361998524516821 ], [ 355220.851000048802234, 6791759.834997953847051 ], [ 354164.609000056923833, 6792565.666997812688351 ], [ 352746.008000066271052, 6790185.79799763392657 ], [ 354722.346000049612485, 6787120.110997910611331 ], [ 351025.032000075560063, 6782647.870997427031398 ], [ 345989.535000127216335, 6782107.874996579252183 ], [ 346053.63600012450479, 6779868.107996608130634 ], [ 344416.946000146097504, 6780513.188996284268796 ], [ 341703.171000184258446, 6779586.654995711520314 ], [ 340421.126000206160825, 6780308.138995403423905 ], [ 334398.237000323249958, 6776655.879993793554604 ], [ 329803.666000444733072, 6775181.017992247827351 ], [ 328788.443000478670001, 6776117.177991840988398 ], [ 326521.471000554331113, 6775318.647990928962827 ], [ 324952.5590006087441, 6773513.091990273445845 ], [ 327451.427000515104737, 6772682.169991369359195 ], [ 326711.239000533882063, 6769836.393991116434336 ], [ 330716.575000409269705, 6770991.816992649808526 ], [ 331332.852000388549641, 6769259.208992895670235 ], [ 327809.408000489813276, 6767047.811991618014872 ], [ 329708.154000425594859, 6764708.251992386765778 ], [ 330233.488000404497143, 6761682.661992628127337 ], [ 328775.254000444198027, 6760206.70999211538583 ], [ 326640.619000526494347, 6765809.731991164386272 ], [ 325149.65000058314763, 6766777.4479905012995 ], [ 323463.672000648453832, 6766309.016989738680422 ], [ 323623.191000645514578, 6767593.424989783205092 ], [ 322286.219000704004429, 6768255.123989119194448 ], [ 317182.141000956995413, 6767787.183986308984458 ], [ 315314.119001058861613, 6765828.432985193096101 ], [ 314632.612001104396768, 6766585.962984716519713 ], [ 315466.184001054964028, 6767123.127985247410834 ], [ 314357.692001127055846, 6767768.106984492391348 ], [ 314249.425001131487079, 6767211.175984437577426 ], [ 312992.338001217285637, 6767669.364983544684947 ], [ 312361.052001254982315, 6766349.073983135633171 ], [ 311314.874001334188506, 6767087.991982329636812 ], [ 308931.534001517225988, 6766582.698980459943414 ], [ 308118.064001581573393, 6765933.472979802638292 ], [ 308494.589001541782636, 6764536.372980183921754 ], [ 309138.891001485171728, 6763860.092980747111142 ], [ 309314.005001471261494, 6763861.078980887308717 ], [ 309463.864001458860002, 6763795.671981012448668 ], [ 309927.681001420132816, 6763409.52998139988631 ], [ 310032.702001410943922, 6763231.653981489129364 ], [ 310060.109001408214681, 6763088.401981517672539 ], [ 310043.903001408907585, 6762987.175981507636607 ], [ 310070.757001406571362, 6762921.978981532156467 ], [ 310065.293001406884287, 6762909.936981528997421 ], [ 307570.452001622063108, 6764814.667979381047189 ], [ 305769.924001783598214, 6764568.325977780856192 ], [ 303420.561002054659184, 6769865.450975228101015 ], [ 301507.591002262546681, 6769407.845973235554993 ], [ 298399.621002657921053, 6770859.892969560809433 ], [ 298162.298002674826421, 6769269.791969378478825 ], [ 294311.009003223967738, 6768899.465964362025261 ], [ 292700.967003488680348, 6769465.530962002463639 ], [ 291954.114003649563529, 6772407.675960632041097 ], [ 286947.939004609477706, 6772659.638952292501926 ], [ 284781.103005072567612, 6771831.92894833534956 ], [ 282345.247005700482987, 6774309.420943128876388 ] ] ] ] } },
{ "type": "Feature", "properties": { "id": 8, "gml_id": 28061478, "natcode": "13", "namefin": "Keski-Suomi", "nameswe": "Mellersta Finland" }, "geometry": { "type": "MultiPolygon", "coordinates": [ [ [ [ 473405.906000000133645, 6933594.764000255614519 ], [ 472749.38, 6932102.256000252440572 ], [ 473225.979999999981374, 6931352.909000253304839 ], [ 481068.066000000166241, 6924451.701000248081982 ], [ 483744.218, 6925844.391000250354409 ], [ 484991.471000000019558, 6924674.438000249676406 ], [ 484414.150000000023283, 6923815.706000251695514 ], [ 484800.65200000006007, 6921786.013000249862671 ], [ 483489.125999999931082, 6919208.534000250510871 ], [ 488625.39000000001397, 6913268.467000246979296 ], [ 482860.031999999948312, 6912308.661000246182084 ], [ 483094.784000000043306, 6910948.373000245541334 ], [ 482484.620000000111759, 6910650.180000246502459 ], [ 483572.479999999923166, 6908502.157000243663788 ], [ 479807.431999999913387, 6907101.252000246196985 ], [ 480932.374000000127126, 6905804.228000245057046 ], [ 480504.004000000015367, 6904149.524000243283808 ], [ 481220.243000000191387, 6900851.178000242449343 ], [ 482292.713000000221655, 6900101.976000242866576 ], [ 481935.341999999945983, 6898394.919000241905451 ], [ 480593.077000000223052, 6897782.865000242367387 ], [ 479931.242000000202097, 6898421.003000242635608 ], [ 479577.271000000066124, 6900192.985000245273113 ], [ 478796.989999999932479, 6899852.017000242136419 ], [ 476326.768999999912921, 6903855.307000244967639 ], [ 474657.346000000019558, 6902943.142000243999064 ], [ 474934.941, 6902012.120000242255628 ], [ 472899.369000000180677, 6901802.592000242322683 ], [ 473816.014000000082888, 6899782.215000245720148 ], [ 472359.217999999935273, 6898543.210000242106616 ], [ 471792.582, 6898924.923000244423747 ], [ 471298.36099999997532, 6897778.593000244349241 ], [ 470628.009000000194646, 6899529.397000244818628 ], [ 469557.945, 6898702.825000242330134 ], [ 469558.74800000002142, 6897473.622000244446099 ], [ 466979.331999999878462, 6897413.496000242419541 ], [ 465137.751000000047497, 6895843.056000241078436 ], [ 464464.103, 6896781.870000241324306 ], [ 459342.96799999976065, 6887632.550000239163637 ], [ 469313.863999999943189, 6871316.53400023560971 ], [ 465072.045000000100117, 6868875.069000232964754 ], [ 465475.934999999881256, 6863281.595000231638551 ], [ 464468.087999999930616, 6860960.471000229939818 ], [ 467301.631, 6861310.393000230193138 ], [ 466918.69499999989057, 6859910.45800023060292 ], [ 467850.328999999910593, 6858083.905000229366124 ], [ 466646.517, 6852939.704000229015946 ], [ 469723.415999999968335, 6851621.010000226087868 ], [ 475162.571000000054482, 6841206.497000223957002 ], [ 474311.49800000002142, 6832730.575000219978392 ], [ 467013.912999999942258, 6836218.060000221244991 ], [ 466484.142999999865424, 6834020.246000222861767 ], [ 465488.270999999949709, 6833626.566000221297145 ], [ 465787.563000000023749, 6832233.063000220805407 ], [ 463664.515999999886844, 6830753.345000218600035 ], [ 462860.601999999838881, 6832871.343000221066177 ], [ 463667.431999999796972, 6834237.336000223644078 ], [ 462028.368999999831431, 6836146.618000220507383 ], [ 461163.432999999844469, 6834489.704000220634043 ], [ 457185.448999999673106, 6835460.267000221647322 ], [ 455502.858999999531079, 6831695.75700022187084 ], [ 454267.838999999512453, 6832099.924000220373273 ], [ 453805.621999999450054, 6834141.123000221326947 ], [ 450788.378999999375083, 6838039.88200022187084 ], [ 451426.629999999480788, 6842146.49700022675097 ], [ 450510.163999999407679, 6842845.331000223755836 ], [ 449947.340999999432825, 6845396.169000223278999 ], [ 449344.157999999355525, 6843793.949000224471092 ], [ 447976.80699999909848, 6843436.993000226095319 ], [ 446853.857999999192543, 6844372.174000224098563 ], [ 446359.613999999011867, 6847818.87400022521615 ], [ 443372.643999998865183, 6850333.753000225871801 ], [ 443239.060999998822808, 6851339.284000226296484 ], [ 442340.866999998688698, 6848493.54800022393465 ], [ 439745.441999998292886, 6848204.736000223085284 ], [ 441120.188999998499639, 6851806.954000227153301 ], [ 439110.804999998246785, 6852598.036000225692987 ], [ 439659.784999998228159, 6850292.188000225462019 ], [ 438323.7929999983171, 6848889.962000222876668 ], [ 434977.031999997561797, 6839710.960000219754875 ], [ 433490.140999997383915, 6840569.122000218369067 ], [ 434292.468999997654464, 6841321.446000221185386 ], [ 433840.888999997463543, 6841932.132000219076872 ], [ 430659.472999996854924, 6843507.212000217288733 ], [ 429396.289999996661209, 6843255.003000216558576 ], [ 426355.356999995710794, 6839397.129000212997198 ], [ 424147.160999995248858, 6838653.711000208742917 ], [ 422444.098999994748738, 6839447.602000206708908 ], [ 420678.768999994266778, 6839096.004000201821327 ], [ 420875.218999994220212, 6848689.333000205457211 ], [ 422729.75199999473989, 6850493.619000210426748 ], [ 416140.771999992954079, 6848058.914000195451081 ], [ 415096.054999992484227, 6844360.878000189550221 ], [ 413979.944999991857912, 6843292.710000185295939 ], [ 413202.983999991731253, 6844044.747000184841454 ], [ 408328.952999989734963, 6844931.096000161021948 ], [ 408300.14899998990586, 6846351.928000161424279 ], [ 406764.974999989150092, 6844964.333000151440501 ], [ 405897.510999988997355, 6846140.97300014551729 ], [ 404379.538999988348223, 6845367.213000135496259 ], [ 393433.928999984986149, 6852102.657000007107854 ], [ 392467.485999984841328, 6850973.605999990366399 ], [ 393915.865999985020608, 6849315.627000017091632 ], [ 393349.721999984933063, 6848921.249000007286668 ], [ 394520.625999984913506, 6845861.520000024698675 ], [ 393184.911999984586146, 6844853.006000004708767 ], [ 392165.454999984591268, 6845608.665999988093972 ], [ 392620.215999984764494, 6847430.598999995738268 ], [ 392079.217999984626658, 6848643.009999983943999 ], [ 389680.958999984199181, 6843238.392999939620495 ], [ 392203.594999984139577, 6838191.196999989449978 ], [ 391322.584999984130263, 6835905.028999974019825 ], [ 391889.347999983932823, 6834729.063999984413385 ], [ 389654.584999983606394, 6834836.83599994238466 ], [ 388128.706999983638525, 6836701.79599990695715 ], [ 384986.644999984069727, 6837218.869999829679728 ], [ 384140.797999984584749, 6838254.769999803975224 ], [ 386462.798999983991962, 6839646.978999868035316 ], [ 383156.816999985137954, 6841675.403999773785472 ], [ 381842.331999985734001, 6840101.338999732397497 ], [ 380243.860999986995012, 6842149.360999673604965 ], [ 381011.803999986790586, 6844948.989999700337648 ], [ 379980.074999988486525, 6851710.508999655023217 ], [ 381511.687999987450894, 6852455.644999710842967 ], [ 381289.287999987485819, 6851299.762999705038965 ], [ 382424.265999986382667, 6849846.714999744668603 ], [ 384662.457999985374045, 6848746.619999812915921 ], [ 384448.978999985847622, 6852282.600999806076288 ], [ 382792.602999986615032, 6852840.964999753050506 ], [ 382603.600999987102114, 6854078.719999746419489 ], [ 380386.065999988641124, 6855472.740999667905271 ], [ 377251.303999993077014, 6861118.052999530918896 ], [ 374551.641999998013489, 6863913.867999395355582 ], [ 371431.610000005632173, 6866831.229999204166234 ], [ 369984.957000009715557, 6866558.108999109826982 ], [ 371015.001000007672701, 6870175.876999171450734 ], [ 371935.277000005124137, 6869930.721999229863286 ], [ 371925.45700000540819, 6871183.600999228656292 ], [ 373248.856000002240762, 6871152.843999306671321 ], [ 374214.179000000352971, 6872285.808999361470342 ], [ 375397.615999998932239, 6875632.580999420024455 ], [ 378854.956999993417412, 6876669.717999584041536 ], [ 381259.132999991124962, 6878840.603999680839479 ], [ 379937.16799999284558, 6881504.272999622859061 ], [ 377970.784999995492399, 6882214.957999537698925 ], [ 378632.477999995695427, 6889221.974999560974538 ], [ 376031.42200000048615, 6890616.889999430626631 ], [ 373010.02200000884477, 6897256.554999245330691 ], [ 369900.905000019352883, 6899482.689999029040337 ], [ 369833.761000019323546, 6898651.913999024778605 ], [ 366021.274000034783967, 6896110.714998714625835 ], [ 366669.055000031017698, 6894420.94299877807498 ], [ 365805.526000034762546, 6893751.850998701527715 ], [ 365003.688000039197505, 6894486.500998622737825 ], [ 365870.177000034833327, 6894746.719998704269528 ], [ 365085.743000039248727, 6895738.501998627558351 ], [ 364473.547000042279251, 6895084.274998568929732 ], [ 364624.779000041889958, 6896018.316998582333326 ], [ 362517.825000054319389, 6895281.639998365193605 ], [ 361261.513000062666833, 6895753.213998220860958 ], [ 359167.866000080248341, 6898883.989997947588563 ], [ 358081.421000094094779, 6906175.400997762568295 ], [ 357328.096000100602396, 6905317.169997661374509 ], [ 351710.68900016596308, 6905570.865996720269322 ], [ 348523.117000217782333, 6908389.530996038578451 ], [ 348370.354000223102048, 6910688.401995982974768 ], [ 346935.619000249076635, 6910860.519995646551251 ], [ 345310.441000285209157, 6913850.233995207585394 ], [ 346056.939000272424892, 6915798.033995375968516 ], [ 345455.368000287853647, 6918226.111995195038617 ], [ 350233.548000205075368, 6923119.683996277861297 ], [ 349973.078000209876336, 6923650.322996216826141 ], [ 355773.625000135391019, 6931079.203997261822224 ], [ 361808.755000074859709, 6926925.919998151250184 ], [ 363038.415000066626817, 6928736.443998288363218 ], [ 361940.333000075945165, 6930782.227998148649931 ], [ 362711.195000070380047, 6931135.256998240016401 ], [ 362354.744000073289499, 6932091.26899819355458 ], [ 364786.106000056839548, 6932843.804998463019729 ], [ 365005.786000054969918, 6931897.526998490095139 ], [ 366246.34600004798267, 6932750.552998614497483 ], [ 365851.935000049881637, 6931938.682998576201499 ], [ 366428.199000046530273, 6932105.354998632334173 ], [ 367232.016000041272491, 6929567.186998717486858 ], [ 368892.634000033896882, 6931756.760998860001564 ], [ 370410.90600002737483, 6931947.234998983331025 ], [ 368863.142000034335069, 6932549.386998854577541 ], [ 368727.975000035250559, 6933621.364998839795589 ], [ 370722.030000026337802, 6932039.31499900855124 ], [ 371544.405000023019966, 6932343.657999068498611 ], [ 371729.110000023152679, 6935540.941999075002968 ], [ 372926.09600001887884, 6935477.746999161317945 ], [ 372350.440000021248125, 6936799.62699911557138 ], [ 373352.833000017912127, 6936379.242999186739326 ], [ 372764.027000020607375, 6938861.348999141715467 ], [ 373827.940000016940758, 6939118.937999214045703 ], [ 373385.502000018837862, 6940934.12899917922914 ], [ 375019.395000013755634, 6941243.749999285675585 ], [ 374456.169000016176142, 6944293.591999244876206 ], [ 376036.578000011737458, 6944650.797999341972172 ], [ 375790.919000012683682, 6945737.598999326117337 ], [ 373837.705000018409919, 6945237.764999199658632 ], [ 371940.959000025410205, 6945869.657999063841999 ], [ 372408.822000024083536, 6947361.479999096132815 ], [ 376149.768000012729317, 6950563.472999337129295 ], [ 373036.312000023259316, 6953044.960999126546085 ], [ 368985.141000045812689, 6966149.979998761788011 ], [ 366553.96800006122794, 6968329.803998513147235 ], [ 367438.411000055726618, 6968979.446998603641987 ], [ 366385.98300006322097, 6970839.864998486824334 ], [ 365748.569000068120658, 6971945.261998414061964 ], [ 364378.617000078083947, 6971320.846998260356486 ], [ 365587.729000070481561, 6974440.919998387806118 ], [ 365848.291000068187714, 6972910.791998422704637 ], [ 370211.515000042039901, 6973788.009998846799135 ], [ 370238.793000043020584, 6976578.84799884352833 ], [ 369641.310000046738423, 6977920.937998784705997 ], [ 365064.470000076689757, 6979207.829998306930065 ], [ 365544.861000075528864, 6984345.115998338907957 ], [ 364930.083000081242062, 6986491.735998257994652 ], [ 363719.638000091013964, 6985900.89899811334908 ], [ 362733.110000101209152, 6988378.253997970372438 ], [ 363531.787000094191171, 6988666.618998074904084 ], [ 363308.969000098237302, 6992403.53099802788347 ], [ 360782.411000122083351, 6990767.35699768178165 ], [ 360712.309000123059377, 6991311.30399766843766 ], [ 359253.595000139262993, 6991051.344997441396117 ], [ 359139.141000141506083, 6992003.280997417867184 ], [ 360727.355000123614445, 6992213.186997664161026 ], [ 360809.635000122245401, 6991571.690997680649161 ], [ 362314.486000107368454, 6992188.165997894480824 ], [ 362458.797000108170323, 6995675.228997897356749 ], [ 364487.590000089956447, 6995842.523998162709177 ], [ 366587.823000075935852, 7001523.819998386316001 ], [ 375621.73400002787821, 7005526.975999185815454 ], [ 387722.499999999534339, 7002395.288999799638987 ], [ 385696.266000002331566, 7003990.698999722488225 ], [ 387535.842000000819098, 7011924.633999784477055 ], [ 387123.571000001742505, 7015642.183999763801694 ], [ 387878.205000000831205, 7015986.846999791450799 ], [ 387296.023000001674518, 7017190.733999770134687 ], [ 389814.313999998907093, 7018219.868999854661524 ], [ 388595.831000001169741, 7027489.372999805957079 ], [ 395339.008999995945487, 7035351.219999986700714 ], [ 404408.485999993572477, 7039073.207000140100718 ], [ 406132.926999993738718, 7043053.435000160709023 ], [ 407657.21699999406701, 7050922.609000174328685 ], [ 413282.132999994559214, 7054997.821000217460096 ], [ 424479.197999996307772, 7045853.195000261999667 ], [ 427435.426999996881932, 7044777.46500026807189 ], [ 435231.600999998045154, 7044182.940000275149941 ], [ 439004.418999998539221, 7042516.975000278092921 ], [ 440697.492999998736195, 7041240.938000279478729 ], [ 444765.299999999289867, 7035052.776000279001892 ], [ 449842.27099999942584, 7033796.643000282347202 ], [ 457055.197999999625608, 7036862.779000280424953 ], [ 458926.459999999729916, 7034751.371000281535089 ], [ 456090.704999999667052, 7031137.602000279352069 ], [ 453486.774999999615829, 7025455.932000279426575 ], [ 456401.475999999907799, 7022647.399000277742743 ], [ 456944.476999999722466, 7016484.555000273510814 ], [ 458600.907999999821186, 7012749.306000274606049 ], [ 459013.65199999982724, 7009603.220000273548067 ], [ 457140.422999999776948, 7009276.850000272504985 ], [ 457843.938999999780208, 7002246.838000272400677 ], [ 459206.464999999909196, 7000618.741000274196267 ], [ 459050.949999999778811, 6999249.871000272221863 ], [ 461785.332999999809545, 6993699.555000270716846 ], [ 466320.211000000010245, 6989673.18700027000159 ], [ 461507.933999999950174, 6990710.121000270359218 ], [ 460656.912999999767635, 6988709.902000267989933 ], [ 464006.478000000061002, 6983800.219000267796218 ], [ 466173.741999999852851, 6983933.961000266484916 ], [ 463064.891000000061467, 6977448.452000265941024 ], [ 460537.808999999775551, 6980747.209000266157091 ], [ 455575.113999999710359, 6980646.354000266641378 ], [ 453799.152999999525491, 6979248.592000265605748 ], [ 451260.40999999945052, 6978834.55200026743114 ], [ 452626.857999999541789, 6973610.366000264883041 ], [ 457557.241999999969266, 6971648.334000264294446 ], [ 458719.053999999770895, 6970465.058000264689326 ], [ 456941.819999999774154, 6968646.984000262804329 ], [ 458701.956999999762047, 6966221.441000264137983 ], [ 459791.963999999803491, 6966970.282000262290239 ], [ 460413.051999999792315, 6966402.046000264585018 ], [ 467122.200999999884516, 6957577.682000259868801 ], [ 469650.386000000056811, 6959854.299000262282789 ], [ 469319.035000000149012, 6961023.330000260844827 ], [ 471765.145000000076834, 6962221.130000262521207 ], [ 475927.648000000044703, 6954737.946000260300934 ], [ 477941.621000000042841, 6947050.701000257395208 ], [ 479045.266999999934342, 6945730.463000259362161 ], [ 479386.969000000040978, 6942287.987000254914165 ], [ 478249.797000000136904, 6941545.69000025652349 ], [ 479411.708000000042375, 6940469.437000256031752 ], [ 478038.127000000153203, 6939818.197000253945589 ], [ 477181.940000000118744, 6936869.617000254802406 ], [ 475184.148999999975786, 6934035.833000254817307 ], [ 473405.906000000133645, 6933594.764000255614519 ] ] ] ] } },
{ "type": "Feature", "properties": { "id": 9, "gml_id": 28061443, "natcode": "08", "namefin": "Kymenlaakso", "nameswe": "Kymmenedalen" }, "geometry": { "type": "MultiPolygon", "coordinates": [ [ [ [ 540002.000000000349246, 6695252.900000168010592 ], [ 525299.199999999953434, 6676362.900000158697367 ], [ 516246.399999999965075, 6673743.70000015757978 ], [ 486952.319999999948777, 6673729.399000159464777 ], [ 480933.84599999996135, 6670541.515000157058239 ], [ 476843.465999999956694, 6682647.004000162705779 ], [ 475673.652, 6692068.282000166364014 ], [ 472528.211999999883119, 6694514.693000167608261 ], [ 471050.993999999889638, 6696805.354000167921185 ], [ 472052.984, 6697416.916000168770552 ], [ 472040.077999999979511, 6699096.736000168137252 ], [ 469660.842999999935273, 6706380.051000173203647 ], [ 470548.026000000012573, 6706898.26400017272681 ], [ 470921.4419999999227, 6708812.573000172153115 ], [ 471969.837, 6708710.146000172011554 ], [ 473171.241999999969266, 6710238.940000171773136 ], [ 471924.729999999923166, 6712054.7920001745224 ], [ 473067.660999999963678, 6713232.92600017413497 ], [ 475008.678999999945518, 6713299.021000173874199 ], [ 474758.047999999951571, 6717763.489000175148249 ], [ 471708.848999999987427, 6717995.298000177368522 ], [ 470378.370999999984633, 6722709.820000179111958 ], [ 468908.553999999945518, 6723888.272000179626048 ], [ 464312.69299999991199, 6725246.074000178836286 ], [ 465138.768999999854714, 6726002.733000179752707 ], [ 463855.764000000141095, 6726862.316000179387629 ], [ 463493.668999999877997, 6730906.749000181443989 ], [ 461712.679999999934807, 6733022.501000182703137 ], [ 462080.754999999888241, 6735494.704000184312463 ], [ 465911.764999999839347, 6736341.402000183239579 ], [ 465591.335999999777414, 6737198.921000183559954 ], [ 467154.548999999940861, 6738367.895000184886158 ], [ 466331.823999999964144, 6741511.910000186413527 ], [ 469346.381999999866821, 6742887.558000185526907 ], [ 470232.036999999894761, 6742485.658000186085701 ], [ 471327.147999999986496, 6743280.358000186271966 ], [ 470952.495999999984633, 6743806.242000185884535 ], [ 473441.096000000194181, 6745133.436000186949968 ], [ 470884.000000000116415, 6749225.094000189565122 ], [ 474584.056999999971595, 6748529.41100019030273 ], [ 475300.042999999946915, 6749934.250000189989805 ], [ 475133.689000000013039, 6756122.97800019569695 ], [ 473780.671999999904074, 6757763.53700019326061 ], [ 473791.3080000000773, 6759904.572000191546977 ], [ 472702.897, 6761851.299000190570951 ], [ 473201.283999999926891, 6763979.851000194437802 ], [ 470413.309, 6764845.280000195838511 ], [ 468807.261999999929685, 6764267.998000195249915 ], [ 466245.389999999897555, 6766072.753000195138156 ], [ 465145.037999999825843, 6765472.885000194422901 ], [ 464644.093999999982771, 6763019.167000195011497 ], [ 463802.717999999935273, 6762988.198000194504857 ], [ 462918.196999999985565, 6763877.352000192739069 ], [ 462424.869999999878928, 6763375.743000193499029 ], [ 461383.963999999745283, 6764434.969000195153058 ], [ 460305.90099999983795, 6764308.610000195913017 ], [ 459438.236999999731779, 6767467.520000196062028 ], [ 462858.502999999851454, 6774862.660000200383365 ], [ 459920.869999999762513, 6774748.230000198818743 ], [ 458816.046999999729451, 6777568.221000199206173 ], [ 460650.40099999983795, 6779663.392000200226903 ], [ 460749.753999999957159, 6781163.187000200152397 ], [ 464915.468999999808148, 6782309.267000200226903 ], [ 466960.136999999929685, 6783898.546000203117728 ], [ 467575.574000000080559, 6786743.199000205844641 ], [ 469471.633999999903608, 6789352.947000205516815 ], [ 469145.491999999911059, 6790937.143000205047429 ], [ 470177.065000000176951, 6792185.891000205650926 ], [ 475459.180999999924097, 6793784.328000206500292 ], [ 476496.81, 6793001.912000206299126 ], [ 480126.493999999947846, 6795433.211000207811594 ], [ 482347.688000000023749, 6789964.480000204406679 ], [ 480120.974999999976717, 6787463.908000202849507 ], [ 481801.401000000012573, 6785877.968000203371048 ], [ 486331.738000000012107, 6788397.578000205568969 ], [ 488170.26, 6792888.265000206418335 ], [ 493633.327000000164844, 6794561.122000205330551 ], [ 494140.351999999955297, 6789797.867000206373632 ], [ 496243.414000000047963, 6786187.178000204265118 ], [ 495275.032000000064727, 6783192.165000200271606 ], [ 501677.656000000075437, 6779725.218000202439725 ], [ 505183.82999999995809, 6780093.989000201225281 ], [ 506504.587, 6781106.384000201709569 ], [ 511075.037000000011176, 6780901.79500020109117 ], [ 511753.6830000000773, 6778711.194000200368464 ], [ 509524.512999999918975, 6774712.099000200629234 ], [ 511507.115, 6774308.073000200092793 ], [ 512322.995, 6772856.065000197850168 ], [ 509979.247000000032131, 6772385.843000199645758 ], [ 508250.35999999998603, 6770683.023000197485089 ], [ 507931.809999999939464, 6768132.456000197678804 ], [ 508620.449999999953434, 6765887.471000197343528 ], [ 507631.866000000038184, 6763970.443000194616616 ], [ 509303.800999999919441, 6762576.617000194266438 ], [ 510632.954000000259839, 6763574.221000195480883 ], [ 511802.49800000002142, 6761505.465000195428729 ], [ 511865.790000000037253, 6759443.801000191830099 ], [ 513081.493999999947846, 6759824.753000192344189 ], [ 513436.95599999994738, 6759229.396000193431973 ], [ 509751.462999999988824, 6757281.968000192195177 ], [ 508176.99800000002142, 6757588.536000193096697 ], [ 507007.859, 6759106.81400019209832 ], [ 506555.544000000110827, 6758785.742000191472471 ], [ 507372.924999999930151, 6757364.722000191919506 ], [ 511567.200000000186265, 6752118.794000189751387 ], [ 520230.099999999976717, 6749366.643000189214945 ], [ 524630.074999999953434, 6742888.895000187680125 ], [ 527469.947999999974854, 6740530.869000186212361 ], [ 532977.917000000365078, 6741313.207000187598169 ], [ 536909.932000000146218, 6740884.321000186726451 ], [ 538858.650000000372529, 6740202.11700018402189 ], [ 539642.06000000028871, 6736586.393000185489655 ], [ 540945.537000000360422, 6736020.135000184178352 ], [ 543214.169000000343658, 6737352.694000182673335 ], [ 546303.696000000461936, 6737021.315000184811652 ], [ 549252.63500000082422, 6729295.48100018221885 ], [ 552035.72500000090804, 6728188.901000179350376 ], [ 551997.136000000871718, 6726091.217000178061426 ], [ 554172.439000001060776, 6726329.726000179536641 ], [ 545950.700000000419095, 6716129.900000177323818 ], [ 546467.40000000060536, 6714232.800000173971057 ], [ 542496.900000000372529, 6711086.90000017452985 ], [ 542651.900000000256114, 6708203.400000172667205 ], [ 541149.100000000325963, 6701892.400000169873238 ], [ 537811.900000000139698, 6699895.700000169686973 ], [ 540002.000000000349246, 6695252.900000168010592 ] ] ] ] } },
{ "type": "Feature", "properties": { "id": 10, "gml_id": 28061450, "natcode": "09", "namefin": "Etelä-Karjala", "nameswe": "Södra Karelen" }, "geometry": { "type": "MultiPolygon", "coordinates": [ [ [ [ 608698.741000019013882, 6785463.502999980933964 ], [ 605322.700000017881393, 6781243.500000029802322 ], [ 601406.600000016042031, 6780101.1000000750646 ], [ 598002.600000014528632, 6777691.700000104494393 ], [ 597291.900000014109537, 6774531.200000110082328 ], [ 592557.900000011781231, 6768951.300000136718154 ], [ 591135.70000001124572, 6761612.900000143796206 ], [ 589647.600000010686927, 6758294.400000148452818 ], [ 582565.600000007427298, 6758970.000000169500709 ], [ 580454.200000006705523, 6755423.500000173225999 ], [ 579445.400000006426126, 6755136.200000175274909 ], [ 572577.700000004144385, 6747292.10000018030405 ], [ 571941.000000004190952, 6747683.200000179931521 ], [ 566459.400000003050081, 6739212.10000018030405 ], [ 563951.200000002398156, 6738701.200000180862844 ], [ 561910.200000001932494, 6734459.800000180490315 ], [ 554172.439000001060776, 6726329.726000179536641 ], [ 551997.136000000871718, 6726091.217000178061426 ], [ 552035.72500000090804, 6728188.901000179350376 ], [ 549252.63500000082422, 6729295.48100018221885 ], [ 546303.696000000461936, 6737021.315000184811652 ], [ 543214.169000000343658, 6737352.694000182673335 ], [ 540945.537000000360422, 6736020.135000184178352 ], [ 539642.06000000028871, 6736586.393000185489655 ], [ 538858.650000000372529, 6740202.11700018402189 ], [ 536909.932000000146218, 6740884.321000186726451 ], [ 532977.917000000365078, 6741313.207000187598169 ], [ 527469.947999999974854, 6740530.869000186212361 ], [ 524630.074999999953434, 6742888.895000187680125 ], [ 520230.099999999976717, 6749366.643000189214945 ], [ 511567.200000000186265, 6752118.794000189751387 ], [ 506555.544000000110827, 6758785.742000191472471 ], [ 507204.179999999934807, 6759038.94200019352138 ], [ 508176.99800000002142, 6757588.536000193096697 ], [ 509751.462999999988824, 6757281.968000192195177 ], [ 513436.95599999994738, 6759229.396000193431973 ], [ 513081.493999999947846, 6759824.753000192344189 ], [ 511865.790000000037253, 6759443.801000191830099 ], [ 511802.49800000002142, 6761505.465000195428729 ], [ 510632.954000000259839, 6763574.221000195480883 ], [ 509303.800999999919441, 6762576.617000194266438 ], [ 507631.866000000038184, 6763970.443000194616616 ], [ 508620.449999999953434, 6765887.471000197343528 ], [ 507931.809999999939464, 6768132.456000197678804 ], [ 508250.35999999998603, 6770683.023000197485089 ], [ 509979.247000000032131, 6772385.843000199645758 ], [ 512322.995, 6772856.065000197850168 ], [ 511507.115, 6774308.073000200092793 ], [ 509524.512999999918975, 6774712.099000200629234 ], [ 511753.6830000000773, 6778711.194000200368464 ], [ 511075.037000000011176, 6780901.79500020109117 ], [ 514478.960000000079162, 6781264.768000203184783 ], [ 516240.837000000057742, 6782563.949000201188028 ], [ 516999.317000000039116, 6781533.218000203371048 ], [ 519122.690000000060536, 6782170.068000201135874 ], [ 519285.789000000222586, 6784554.955000202171504 ], [ 520842.24, 6785377.226000203751028 ], [ 519557.334999999962747, 6789502.137000205926597 ], [ 520099.707000000227708, 6790484.939000206068158 ], [ 523251.535000000149012, 6790453.971000204794109 ], [ 523073.983, 6793120.781000207178295 ], [ 527218.910999999963678, 6792945.67900020442903 ], [ 529178.633000000147149, 6791501.481000206433237 ], [ 530951.386000000056811, 6792241.171000205911696 ], [ 531974.53000000002794, 6794215.601000206544995 ], [ 529091.23499999998603, 6795122.902000205591321 ], [ 529856.413000000058673, 6796728.052000206895173 ], [ 531337.628000000142492, 6795584.031000208109617 ], [ 531709.761000000173226, 6797554.230000207200646 ], [ 532630.915000000153668, 6797239.289000207558274 ], [ 533116.689999999944121, 6798225.568000208586454 ], [ 531517.468, 6798541.860000209882855 ], [ 531862.06900000013411, 6801157.26200021058321 ], [ 534601.92000000027474, 6801263.335000209510326 ], [ 537266.521000000066124, 6799720.605000208131969 ], [ 540382.265000000130385, 6799672.642000208608806 ], [ 542379.233000000356697, 6803375.64800021238625 ], [ 545772.871000000624917, 6802211.036000211723149 ], [ 549805.424000000930391, 6802171.894000210799277 ], [ 556679.658000001334585, 6802850.843000208958983 ], [ 567034.551000002771616, 6805765.330000206828117 ], [ 567647.605000002891757, 6805338.011000204831362 ], [ 567322.732000002870336, 6806203.054000207222998 ], [ 568668.682000003173016, 6807035.426000205799937 ], [ 569794.608000003383495, 6809923.955000204965472 ], [ 571512.413000003900379, 6809889.789000205695629 ], [ 572218.613000003970228, 6812335.400000205263495 ], [ 576045.059000005014241, 6814506.16900020185858 ], [ 575596.635000004782341, 6817590.723000203259289 ], [ 576626.611000005155802, 6820614.718000204302371 ], [ 577874.710000005550683, 6819246.883000199683011 ], [ 579323.121000005980022, 6820886.440000199712813 ], [ 581202.267000006511807, 6819220.707000194117427 ], [ 581149.841000006650575, 6816953.893000192008913 ], [ 584191.599000007729046, 6816762.32900018338114 ], [ 584644.836000007926486, 6815998.289000183343887 ], [ 587879.61000000895001, 6816711.621000172570348 ], [ 587853.116000009118579, 6815685.200000171549618 ], [ 591585.069000010495074, 6817815.570000155828893 ], [ 595424.324000012478791, 6817314.914000132121146 ], [ 595438.864000012283213, 6819265.775000133551657 ], [ 596561.602000012644567, 6820001.675000122748315 ], [ 596731.398000012733974, 6823965.841000121086836 ], [ 600339.558000014279969, 6822975.738000089302659 ], [ 603980.674000015715137, 6824572.058000048622489 ], [ 608945.766000016941689, 6823948.262999971397221 ], [ 617951.04800001566764, 6827182.423999746330082 ], [ 620151.249000014620833, 6827002.31099967379123 ], [ 621766.329000012949109, 6831432.380999606102705 ], [ 627331.158000003779307, 6837973.340999331325293 ], [ 634302.974999983445741, 6841586.112998845055699 ], [ 635242.405999978189357, 6845880.072998753748834 ], [ 664812.095999539131299, 6863040.772992761805654 ], [ 665420.368999522528611, 6861728.460992561653256 ], [ 661777.199999634409323, 6857830.899993870407343 ], [ 660308.299999680137262, 6851791.399994394741952 ], [ 649267.499999879160896, 6838999.399997024796903 ], [ 648917.399999884655699, 6836796.599997097626328 ], [ 646123.099999915342778, 6833057.199997563846409 ], [ 645503.499999922700226, 6829981.499997667968273 ], [ 638767.599999971687794, 6821300.99999850615859 ], [ 632895.899999995017424, 6820123.89999900944531 ], [ 633391.599999994388781, 6816728.599998978897929 ], [ 624207.900000014924444, 6803706.399999533779919 ], [ 620362.300000018673018, 6795006.699999691918492 ], [ 608698.741000019013882, 6785463.502999980933964 ] ] ] ] } },
{ "type": "Feature", "properties": { "id": 11, "gml_id": 28061415, "natcode": "04", "namefin": "Satakunta", "nameswe": "Satakunta" }, "geometry": { "type": "MultiPolygon", "coordinates": [ [ [ [ 243395.267026217392413, 6763918.680791228078306 ], [ 239132.528030333021889, 6761341.811763031408191 ], [ 240679.381028642441379, 6760583.735774454660714 ], [ 239108.513030325353611, 6760946.921763059683144 ], [ 237353.478032026963774, 6758228.768751432187855 ], [ 235893.980034065432847, 6761936.978738012723625 ], [ 228110.67204458580818, 6762167.035669039934874 ], [ 228833.851043651869986, 6763402.796675166115165 ], [ 226279.671048119314946, 6767397.541646704077721 ], [ 226929.747047512151767, 6770748.484650836326182 ], [ 225561.264049753313884, 6770766.96363652125001 ], [ 224395.722051904653199, 6771976.605622946284711 ], [ 223143.301054045616183, 6771506.928609368391335 ], [ 221420.72105773590738, 6774809.711586446501315 ], [ 219404.678061917598825, 6776165.462560493499041 ], [ 220620.120059738226701, 6777643.014574171043932 ], [ 217953.195065217907541, 6777847.971540211699903 ], [ 216672.581067848252133, 6777106.398523953743279 ], [ 217247.151066328398883, 6775621.35053317155689 ], [ 215425.51107010722626, 6774335.589509851299226 ], [ 213233.294075312558562, 6774810.806478158570826 ], [ 211671.977079007774591, 6774130.13145571667701 ], [ 209784.748085321392864, 6780488.865418399684131 ], [ 207975.208089751540683, 6778177.042391727678478 ], [ 208415.439087905280758, 6775582.759402456693351 ], [ 206435.889093622099608, 6776003.886368515901268 ], [ 201697.544108169327956, 6775310.986282967962325 ], [ 201646.886108648672234, 6776383.045280302874744 ], [ 199100.38811812736094, 6778656.149225626140833 ], [ 198821.075120133697055, 6781791.057214451953769 ], [ 195400.95813431206625, 6785026.313133765012026 ], [ 193847.46814166312106, 6787633.758092464879155 ], [ 164982.27932617161423, 6793620.870103914290667 ], [ 177305.373269529954996, 6849902.345409877598286 ], [ 176308.056300984171685, 6880854.946252292022109 ], [ 200249.327150253462605, 6881206.405056394636631 ], [ 204486.297132539388258, 6882577.426155710592866 ], [ 208432.071118982566986, 6887784.273233104497194 ], [ 213658.470101292885374, 6889017.399334922432899 ], [ 222946.328074795252178, 6887833.805490991100669 ], [ 236801.933046090882272, 6882124.137667182832956 ], [ 244585.65503549418645, 6887072.980735529214144 ], [ 249538.893030320265098, 6894974.540769926272333 ], [ 255859.267023934022291, 6894485.532812832854688 ], [ 263397.611018446332309, 6904604.440851129591465 ], [ 266365.824016483267769, 6906075.510865038260818 ], [ 266590.992016332456842, 6905977.278866113163531 ], [ 266069.229016663273796, 6905769.243863753043115 ], [ 265885.536016752186697, 6905096.500863100402057 ], [ 266138.885016569169238, 6904760.938864388503134 ], [ 266125.70301662402926, 6905726.574864028021693 ], [ 267353.550015829503536, 6905639.51986968703568 ], [ 271595.655013780575246, 6916623.957884746603668 ], [ 279286.735009881376754, 6911883.152913435362279 ], [ 283701.69600816629827, 6911326.951926516368985 ], [ 283105.073008287581615, 6907642.597925499081612 ], [ 284029.158007959136739, 6907503.803928039968014 ], [ 284420.523007723037153, 6903162.064929781481624 ], [ 283629.203007964300923, 6901946.888927882537246 ], [ 284575.913007604773156, 6900287.773930643685162 ], [ 279725.246009322814643, 6898573.054917356930673 ], [ 279531.322009111929219, 6888121.0049187252298 ], [ 274445.33701126370579, 6887671.761902462691069 ], [ 273668.660011585336179, 6886339.900900030508637 ], [ 273732.129011591663584, 6887419.03090001270175 ], [ 270056.750013417680748, 6886111.287886520847678 ], [ 266470.516015314671677, 6882122.777872646227479 ], [ 265533.982015909277834, 6882440.353868389502168 ], [ 268102.557014267658815, 6880171.550880155526102 ], [ 269594.721013423695695, 6879865.756886295042932 ], [ 269335.936013497470412, 6878164.906885704025626 ], [ 270167.683013135625515, 6880374.059888417832553 ], [ 270870.515012744348496, 6879789.087891277857125 ], [ 270517.334012876613997, 6878421.85189026221633 ], [ 272284.096011964371428, 6877936.502896985039115 ], [ 271747.796012178412639, 6876503.156895358115435 ], [ 272598.826011676574126, 6874051.205899015069008 ], [ 273437.134011245216243, 6872987.262902205809951 ], [ 275315.915010395227, 6872758.946908584795892 ], [ 276267.698009954823647, 6871570.626911890693009 ], [ 276101.535010003484786, 6870868.972911505028605 ], [ 275506.662010263768025, 6871139.648909538984299 ], [ 276134.26200998557033, 6870717.74691163841635 ], [ 275910.320010035997257, 6869265.812911214306951 ], [ 278323.469009034335613, 6868086.652918835170567 ], [ 278572.568008909176569, 6866949.81691977288574 ], [ 275792.774009986547753, 6865943.374911506660283 ], [ 276268.010009751655161, 6864631.833913259208202 ], [ 277336.635009340010583, 6865243.443916420452297 ], [ 280289.516008124337532, 6860650.003925704397261 ], [ 277644.238008918240666, 6854132.245919384993613 ], [ 276214.687009480316192, 6854403.168915066868067 ], [ 274554.448010141262785, 6853710.30691000726074 ], [ 273953.067010353261139, 6852257.370908359065652 ], [ 272629.757010943896603, 6852498.62090390175581 ], [ 271788.801011286559515, 6851214.378901291638613 ], [ 272006.132011087436695, 6848218.053902701474726 ], [ 269867.738012095564045, 6848072.768895152024925 ], [ 270115.518011917127296, 6846446.198896435089409 ], [ 271356.438011284102686, 6845135.284901133738458 ], [ 269719.357012054882944, 6844869.150895359925926 ], [ 269965.465011880616657, 6843325.256896612234414 ], [ 271623.297011122223921, 6843948.920902316458523 ], [ 271945.637011027021799, 6845525.214903079904616 ], [ 273339.148010397446342, 6845099.772907826118171 ], [ 273597.561010194302071, 6842067.541909287683666 ], [ 272349.673010662663728, 6839794.224905667826533 ], [ 270186.019011725788005, 6841924.131897727958858 ], [ 271736.938010849815328, 6837141.47190417535603 ], [ 268959.881012097583152, 6835580.477894760668278 ], [ 268789.560012106026988, 6833466.062894633971155 ], [ 266364.911013256525621, 6831101.28488602116704 ], [ 265331.352013844531029, 6831822.258881714195013 ], [ 256997.596018836193252, 6825762.391845530830324 ], [ 260519.592016110545956, 6818727.522864756174386 ], [ 263236.792014432954602, 6817580.909876918420196 ], [ 263748.308014037960675, 6815011.692879726178944 ], [ 262883.624014516593888, 6814780.764876203611493 ], [ 264251.781013515312225, 6808859.504883368499577 ], [ 262460.69301446119789, 6807729.304876365698874 ], [ 264979.83901295386022, 6804276.80788738001138 ], [ 266309.476012138882652, 6800319.533893337473273 ], [ 265481.475012530805543, 6799810.809890383854508 ], [ 266595.422011947026476, 6798822.111894729547203 ], [ 266428.884012000169605, 6798044.508894305676222 ], [ 269444.745010607875884, 6797787.647904844023287 ], [ 269685.548010483733378, 6797147.794905771501362 ], [ 269837.62101043749135, 6797766.907906142063439 ], [ 272987.479009156464599, 6797581.889916019514203 ], [ 275729.376008125022054, 6796223.64892406668514 ], [ 275752.320008099894039, 6795513.142924248240888 ], [ 275778.98900810739724, 6796200.478924206458032 ], [ 277026.749007669975981, 6795429.569927654229105 ], [ 277639.413007486786228, 6796110.484929133206606 ], [ 278967.265007045469247, 6794937.030932641588151 ], [ 278407.536007210146636, 6794586.991931308992207 ], [ 281540.300006254110485, 6792662.838939003646374 ], [ 282591.859005906851962, 6789184.159941773861647 ], [ 280405.737006510025822, 6789563.085936840623617 ], [ 280639.540006362251006, 6785440.992937944829464 ], [ 281836.706006023450755, 6784748.205940708518028 ], [ 281499.521006088354625, 6783426.57894013915211 ], [ 283028.141005671699531, 6782373.993943558074534 ], [ 279796.938006476731971, 6779300.945936856791377 ], [ 280812.362006164854392, 6777713.989939373917878 ], [ 284104.677005351812113, 6779172.320946155115962 ], [ 284595.879005210939795, 6777710.316947303712368 ], [ 281989.75100582302548, 6776068.560942153446376 ], [ 282284.543005714658648, 6774233.850943008437753 ], [ 280586.879006166011095, 6774590.815939286723733 ], [ 280280.578006270807236, 6775704.286938451230526 ], [ 277798.592006999591831, 6776360.623932532966137 ], [ 277125.650007276795805, 6779584.803930379450321 ], [ 274959.607008022372611, 6781270.39892447181046 ], [ 274390.900008155906107, 6778778.427923340350389 ], [ 275333.035007785656489, 6776639.632926223799586 ], [ 274526.321008008555509, 6774665.244924393482506 ], [ 273655.580008309974801, 6774712.739922004751861 ], [ 273551.44500834151404, 6774521.152921749278903 ], [ 274550.846007949556224, 6772578.650924804620445 ], [ 273760.975008137756959, 6769282.365923216566443 ], [ 272558.460008582333103, 6770135.184919722378254 ], [ 270377.589009355462622, 6768605.489913608878851 ], [ 267926.190010343794711, 6768451.661905943416059 ], [ 260942.911013742268551, 6769767.251880294643342 ], [ 257779.8210154910048, 6768440.942867345176637 ], [ 259307.93601449514972, 6766063.502874574624002 ], [ 257988.576015355589334, 6768207.415868328884244 ], [ 260345.137013951403787, 6766888.471878633834422 ], [ 259054.160014693246922, 6767314.07587316352874 ], [ 260943.870013512554578, 6764023.988881790079176 ], [ 257436.007015571201919, 6765638.90186664275825 ], [ 253750.171017902059248, 6764949.583849693648517 ], [ 253288.330018245644169, 6765457.192847246304154 ], [ 253619.902017989719752, 6764925.652849063277245 ], [ 248896.201021433313144, 6764077.796824513934553 ], [ 245986.112023759778822, 6762519.343808152712882 ], [ 243395.267026217392413, 6763918.680791228078306 ] ] ] ] } },
{ "type": "Feature", "properties": { "id": 12, "gml_id": 28061422, "natcode": "05", "namefin": "Kanta-Häme", "nameswe": "Egentliga Tavastland" }, "geometry": { "type": "MultiPolygon", "coordinates": [ [ [ [ 307570.452001622063108, 6764814.667979381047189 ], [ 310070.757001406571362, 6762921.978981532156467 ], [ 310043.903001408907585, 6762987.175981507636607 ], [ 310060.109001408214681, 6763088.401981517672539 ], [ 310032.702001410943922, 6763231.653981489129364 ], [ 309927.681001420132816, 6763409.52998139988631 ], [ 309463.864001458860002, 6763795.671981012448668 ], [ 309314.005001471261494, 6763861.078980887308717 ], [ 309138.891001485171728, 6763860.092980747111142 ], [ 308494.589001541782636, 6764536.372980183921754 ], [ 308118.064001581573393, 6765933.472979802638292 ], [ 308931.534001517225988, 6766582.698980459943414 ], [ 311314.874001334188506, 6767087.991982329636812 ], [ 312361.052001254982315, 6766349.073983135633171 ], [ 312992.338001217285637, 6767669.364983544684947 ], [ 314249.425001131487079, 6767211.175984437577426 ], [ 314357.692001127055846, 6767768.106984492391348 ], [ 315466.184001054964028, 6767123.127985247410834 ], [ 314632.612001104396768, 6766585.962984716519713 ], [ 315314.119001058861613, 6765828.432985193096101 ], [ 317182.141000956995413, 6767787.183986308984458 ], [ 322286.219000704004429, 6768255.123989119194448 ], [ 323623.191000645514578, 6767593.424989783205092 ], [ 323463.672000648453832, 6766309.016989738680422 ], [ 325149.65000058314763, 6766777.4479905012995 ], [ 326640.619000526494347, 6765809.731991164386272 ], [ 328775.254000444198027, 6760206.70999211538583 ], [ 330233.488000404497143, 6761682.661992628127337 ], [ 329708.154000425594859, 6764708.251992386765778 ], [ 327809.408000489813276, 6767047.811991618014872 ], [ 331332.852000388549641, 6769259.208992895670235 ], [ 330716.575000409269705, 6770991.816992649808526 ], [ 326711.239000533882063, 6769836.393991116434336 ], [ 327451.427000515104737, 6772682.169991369359195 ], [ 324952.5590006087441, 6773513.091990273445845 ], [ 326521.471000554331113, 6775318.647990928962827 ], [ 328788.443000478670001, 6776117.177991840988398 ], [ 329803.666000444733072, 6775181.017992247827351 ], [ 334398.237000323249958, 6776655.879993793554604 ], [ 340421.126000206160825, 6780308.138995403423905 ], [ 341703.171000184258446, 6779586.654995711520314 ], [ 344416.946000146097504, 6780513.188996284268796 ], [ 346053.63600012450479, 6779868.107996608130634 ], [ 345989.535000127216335, 6782107.874996579252183 ], [ 351025.032000075560063, 6782647.870997427031398 ], [ 354722.346000049612485, 6787120.110997910611331 ], [ 352746.008000066271052, 6790185.79799763392657 ], [ 354164.609000056923833, 6792565.666997812688351 ], [ 355220.851000048802234, 6791759.834997953847051 ], [ 360463.849000020301901, 6793064.361998524516821 ], [ 363150.567000010167249, 6795503.691998761147261 ], [ 370046.92699999245815, 6799056.214999247342348 ], [ 370837.089999990537763, 6797290.833999295718968 ], [ 374904.408999984851107, 6795841.096999504603446 ], [ 376058.448999983840622, 6796167.416999554261565 ], [ 377133.014999982726295, 6795284.16199960000813 ], [ 378562.45199998258613, 6800257.090999647974968 ], [ 380450.434999980963767, 6794647.226999717764556 ], [ 384242.719999980472494, 6795249.108999830670655 ], [ 386994.351999980630353, 6796629.663999896496534 ], [ 386366.997999980580062, 6797800.045999879948795 ], [ 388341.314999981084839, 6800758.639999924227595 ], [ 388570.141999980842229, 6796523.808999929577112 ], [ 389631.155999981157947, 6797443.8519999505952 ], [ 391280.958999981521629, 6795343.083999978378415 ], [ 393510.74299998220522, 6796819.551000013947487 ], [ 394254.45099998236401, 6791800.027000025846064 ], [ 397906.07099998393096, 6792789.636000068858266 ], [ 403543.833999986643903, 6790950.972000120207667 ], [ 403320.792999986326322, 6788855.695000116713345 ], [ 406254.973999987705611, 6785736.917000137269497 ], [ 405867.246999987517484, 6783645.054000133648515 ], [ 406884.649999988090713, 6781539.391000137664378 ], [ 406265.349999987869523, 6781833.238000134006143 ], [ 405044.236999987042509, 6779655.38200012780726 ], [ 406219.540999987686519, 6778344.355000135488808 ], [ 403654.91399998642737, 6775615.024000116623938 ], [ 402770.859999985783361, 6772609.557000110857189 ], [ 395087.360999981872737, 6769919.849000034853816 ], [ 393495.323999980988447, 6767837.51500001642853 ], [ 394143.295999981171917, 6766455.976000024937093 ], [ 394409.066999981179833, 6766567.474000026471913 ], [ 394486.315999981306959, 6766298.737000028602779 ], [ 393266.77099998074118, 6764872.554000010713935 ], [ 393299.334999980696011, 6763686.486000013537705 ], [ 394940.493999981496017, 6764241.725000033155084 ], [ 394430.118999981146771, 6763576.979000027291477 ], [ 395004.196999981475528, 6762771.998000032268465 ], [ 393110.599999980302528, 6760136.66900001000613 ], [ 392003.32599997962825, 6756401.466999993659556 ], [ 396647.599999981932342, 6755267.635000051930547 ], [ 397255.642999982228503, 6749246.667000059038401 ], [ 396066.649999981513247, 6748728.847000046633184 ], [ 395563.437999981106259, 6746410.365000041201711 ], [ 396257.423999981430825, 6744498.902000045403838 ], [ 397258.444999982020818, 6744059.486000058241189 ], [ 396745.347999981779139, 6743091.577000051736832 ], [ 399519.499999983177986, 6739515.230000079609454 ], [ 399090.275999982899521, 6738234.52500007301569 ], [ 395974.250999981246423, 6737895.73600004427135 ], [ 394197.816999979841057, 6733442.017000022344291 ], [ 394576.167999980330933, 6732543.626000027172267 ], [ 397446.714999981923029, 6736041.630000060424209 ], [ 398860.171999982558191, 6734306.428000072948635 ], [ 401434.613999984168913, 6733488.904000093229115 ], [ 395415.211999980383553, 6730809.544000037945807 ], [ 396830.393999981402885, 6726575.163000052794814 ], [ 393798.276999979279935, 6727492.796000019647181 ], [ 393672.483999979274813, 6728679.59900001809001 ], [ 392674.161999978707172, 6729306.240000003948808 ], [ 387050.164999975939281, 6728218.215999914333224 ], [ 386372.15999997529434, 6727041.279999900609255 ], [ 384903.492999974929262, 6726773.31099986936897 ], [ 381927.012999973958358, 6726785.715999799780548 ], [ 381841.247999973827973, 6727594.906999798491597 ], [ 381699.597999973630067, 6726787.922999794594944 ], [ 381694.891999973799102, 6727570.348999791778624 ], [ 380321.142999973555561, 6728341.143999755382538 ], [ 378600.995999973209109, 6726288.339999704621732 ], [ 377798.347999973339029, 6726987.712999679148197 ], [ 376423.918999973218888, 6725649.76799963414669 ], [ 373774.102999974158593, 6725944.311999530531466 ], [ 369728.765999977418687, 6728123.904999340884387 ], [ 366879.952999980188906, 6724828.49999918602407 ], [ 366566.029999979771674, 6720982.547999174334109 ], [ 367281.817999978433363, 6719099.390999220311642 ], [ 365623.962999980081804, 6716265.580999126657844 ], [ 358726.218999996199273, 6715710.044998607598245 ], [ 357451.776000001700595, 6718512.486998481675982 ], [ 358173.251999999745749, 6720150.202998545952141 ], [ 354830.591000014799647, 6722516.942998199723661 ], [ 351726.813000030175317, 6719544.043997845612466 ], [ 352336.954000025813002, 6718035.072997928597033 ], [ 351205.054000032250769, 6717453.113997790962458 ], [ 348558.320000053499825, 6721608.136997404508293 ], [ 348814.749000052863266, 6723424.07099743373692 ], [ 345453.734000083059072, 6724683.954996893182397 ], [ 343233.493000106187537, 6724226.417996498756111 ], [ 340496.51100014091935, 6724901.413995943032205 ], [ 338216.00400017661741, 6726835.898995413444936 ], [ 333892.098000253550708, 6726290.149994297884405 ], [ 331526.720000308239833, 6728179.265993566252291 ], [ 329812.242000349680893, 6727795.914993011392653 ], [ 324827.716000499553047, 6728977.77399112097919 ], [ 322154.105000594630837, 6728390.795989961363375 ], [ 320440.783000668103341, 6729830.607989111915231 ], [ 318783.129000739136245, 6729183.270988279953599 ], [ 318244.135000769165345, 6730715.346987953409553 ], [ 318787.478000748320483, 6732082.176988209597766 ], [ 311144.787001189193688, 6734830.62398340832442 ], [ 310693.381001227302477, 6736424.061983022838831 ], [ 309159.559001342742704, 6737515.968981835059822 ], [ 309356.333001337596215, 6739351.567981912754476 ], [ 308607.988001396879554, 6739889.216981309466064 ], [ 306157.023001596564427, 6739987.47397927660495 ], [ 300011.493002178263851, 6736954.311973500996828 ], [ 297095.789002532837912, 6738029.937970146536827 ], [ 296901.866002542432398, 6736363.868970026262105 ], [ 290626.557003535679542, 6743768.628961066715419 ], [ 293354.429003153461963, 6748524.561964609660208 ], [ 295059.644002909888513, 6749230.719966847449541 ], [ 290386.608003660861868, 6750853.005960097536445 ], [ 290311.612003736547194, 6755994.396959532983601 ], [ 291432.640003554872237, 6756923.149961164221168 ], [ 297451.456002649385482, 6756204.327969381585717 ], [ 296908.444002753531095, 6759624.338968479074538 ], [ 298970.779002482886426, 6759335.115970992483199 ], [ 299521.293002431979403, 6761311.406971502117813 ], [ 299342.653002472128719, 6763417.688971165567636 ], [ 297313.565002744377125, 6764512.085968649946153 ], [ 294311.009003223967738, 6768899.465964362025261 ], [ 298162.298002674826421, 6769269.791969378478825 ], [ 298399.621002657921053, 6770859.892969560809433 ], [ 301507.591002262546681, 6769407.845973235554993 ], [ 303420.561002054659184, 6769865.450975228101015 ], [ 305769.924001783598214, 6764568.325977780856192 ], [ 307570.452001622063108, 6764814.667979381047189 ] ] ] ] } },
{ "type": "Feature", "properties": { "id": 13, "gml_id": 28061471, "natcode": "12", "namefin": "Pohjois-Karjala", "nameswe": "Norra Karelen" }, "geometry": { "type": "MultiPolygon", "coordinates": [ [ [ [ 599895.119000011356547, 6903886.845000098459423 ], [ 598055.18100001104176, 6904986.291000118479133 ], [ 596589.617000010446645, 6903739.485000132583082 ], [ 595927.682000010274351, 6904998.276000138372183 ], [ 592905.561000009416603, 6906415.375000161118805 ], [ 592289.706000009435229, 6908130.639000168070197 ], [ 590936.648000009008683, 6907357.790000174194574 ], [ 590719.665000008884817, 6903621.690000176429749 ], [ 593308.936000009649433, 6898932.266000157222152 ], [ 592579.053000009502284, 6898281.328000163659453 ], [ 590376.916000008815899, 6899571.399000179022551 ], [ 589169.83900000853464, 6901596.014000187627971 ], [ 588474.989000007975847, 6900270.072000188753009 ], [ 586255.473000007448718, 6901934.997000199742615 ], [ 585905.795000007376075, 6901046.669000199995935 ], [ 582177.824000006308779, 6905205.876000215299428 ], [ 581040.960000005783513, 6907952.349000217393041 ], [ 579954.474000005517155, 6908020.568000220693648 ], [ 577702.241000005160458, 6910328.24700022675097 ], [ 576417.320000004721805, 6910514.968000230379403 ], [ 576839.35000000463333, 6909755.686000229790807 ], [ 574523.239000004134141, 6910310.585000230930746 ], [ 573723.136000004014932, 6911627.151000236161053 ], [ 574243.637000004062429, 6913833.239000233821571 ], [ 572321.766000003553927, 6914781.968000238761306 ], [ 568071.215000002877787, 6914370.703000240959227 ], [ 568769.984000002965331, 6916973.322000239044428 ], [ 566392.975000002537854, 6918650.857000243850052 ], [ 566390.959000002709217, 6920779.09700024407357 ], [ 564286.912000002223067, 6922039.77000024355948 ], [ 566963.21700000250712, 6924081.75900024548173 ], [ 566792.978000002563931, 6925766.875000244006515 ], [ 565855.256000002380461, 6926346.535000246018171 ], [ 566253.688000002526678, 6927747.872000247240067 ], [ 571276.910000003408641, 6926370.758000239729881 ], [ 571816.148000003537163, 6928974.000000240281224 ], [ 570451.739000003319234, 6930995.747000241652131 ], [ 571462.751000003423542, 6931625.822000242769718 ], [ 572478.558000003453344, 6934474.964000240899622 ], [ 571858.971000003512017, 6936881.921000244095922 ], [ 572696.739000003552064, 6938217.93400024343282 ], [ 571993.400000003399327, 6939024.957000244408846 ], [ 575836.253000004566275, 6938214.764000239782035 ], [ 578213.164000004995614, 6936202.403000231832266 ], [ 579429.532000005361624, 6938451.895000229589641 ], [ 575358.681000004056841, 6940004.235000239685178 ], [ 575737.472000004258007, 6940443.698000237345695 ], [ 578939.485000005108304, 6940197.837000232189894 ], [ 580138.827000005403534, 6941657.973000230267644 ], [ 581052.878000005846843, 6939796.348000226542354 ], [ 583387.675000006332994, 6942040.794000218622386 ], [ 583460.98400000622496, 6942754.805000216700137 ], [ 582049.399000006029382, 6943203.252000221982598 ], [ 583817.01600000646431, 6944444.673000215552747 ], [ 584774.076000006636605, 6949717.382000213488936 ], [ 587148.600000006961636, 6952676.30300020519644 ], [ 584040.305000006454065, 6956378.600000217556953 ], [ 583417.623000006307848, 6958121.11500022187829 ], [ 583873.47100000618957, 6960006.168000219389796 ], [ 585768.375000006635673, 6961786.60800021328032 ], [ 587637.092000007047318, 6961501.947000202722847 ], [ 589124.816000007558614, 6964415.961000193841755 ], [ 588917.51700000744313, 6965889.245000197552145 ], [ 590410.127000007545575, 6967702.932000186294317 ], [ 591179.25800000783056, 6968338.910000181756914 ], [ 593407.877000008244067, 6967411.828000161796808 ], [ 594217.13000000838656, 6965599.841000156477094 ], [ 596944.852000008802861, 6964221.214000129140913 ], [ 598490.720000009052455, 6961765.921000110916793 ], [ 599152.0470000092173, 6961878.448000103235245 ], [ 600253.627000009058975, 6965170.239000087603927 ], [ 606795.790000007837079, 6970125.148999970406294 ], [ 602254.596000008750707, 6973094.307000058703125 ], [ 602339.37800000840798, 6974126.680000054650009 ], [ 601727.993000008747913, 6973823.994000063277781 ], [ 599939.743000008631498, 6977092.184000089764595 ], [ 598462.317000008653849, 6977705.050000108778477 ], [ 598006.633000008529052, 6979998.462000113911927 ], [ 599687.828000008244999, 6978742.902000093832612 ], [ 601327.515000008279458, 6979098.636000068858266 ], [ 601032.27700000826735, 6980708.389000074006617 ], [ 599592.720000008470379, 6981070.662000096403062 ], [ 600004.690000008326024, 6982527.134000089019537 ], [ 600817.084000008064322, 6983041.679000076837838 ], [ 601294.018000008305535, 6982376.06400006916374 ], [ 600951.146000007982366, 6983125.650000073947012 ], [ 604768.447000007377937, 6985509.027000007219613 ], [ 603179.212000007508323, 6988433.798000036738813 ], [ 594041.452000007615425, 6993320.909000160172582 ], [ 592454.262000007322058, 6997369.501000173389912 ], [ 585462.344000006094575, 7007121.275000221095979 ], [ 581014.910000005038455, 7009316.947000240907073 ], [ 583454.881000005523674, 7013595.515000230632722 ], [ 582749.278000005404465, 7014517.587000234052539 ], [ 585657.22600000584498, 7017054.751000222750008 ], [ 585411.26900000567548, 7018396.286000223830342 ], [ 584435.457000005757436, 7018335.937000228092074 ], [ 586103.864000005880371, 7019517.881000218912959 ], [ 585561.800000005634502, 7019944.738000222481787 ], [ 587025.320000006118789, 7021459.577000212855637 ], [ 587931.854000006220303, 7030006.200000207871199 ], [ 583160.061000005225651, 7033824.738000233657658 ], [ 582201.515000005019829, 7039259.585000240243971 ], [ 579746.33100000442937, 7045333.582000249996781 ], [ 581341.856000004801899, 7047703.639000243507326 ], [ 582046.756000004825182, 7046851.673000241629779 ], [ 583722.088000005111098, 7048270.529000234790146 ], [ 579773.384000004269183, 7050707.589000250212848 ], [ 578505.918000003905036, 7060000.611000254750252 ], [ 579481.587000004365109, 7061760.171000251546502 ], [ 576669.163000003900379, 7064582.590000262483954 ], [ 573713.24400000332389, 7063692.544000267982483 ], [ 572235.875000003026798, 7064255.755000272765756 ], [ 570334.146000002743676, 7067322.876000274904072 ], [ 567084.892000002204441, 7070427.845000278204679 ], [ 572444.276000002864748, 7082072.231000274419785 ], [ 571733.694000002928078, 7083473.339000274427235 ], [ 573709.114000003319234, 7084778.258000272326171 ], [ 592736.49800000526011, 7080090.684000168927014 ], [ 612288.959999990300275, 7082433.636999716982245 ], [ 631746.054999894928187, 7086294.299998203292489 ], [ 634339.732999877771363, 7071800.543997933156788 ], [ 637169.833999848808162, 7066938.584997534751892 ], [ 641783.329999777721241, 7072207.862996652722359 ], [ 646600.399999681860209, 7073377.199995524249971 ], [ 651426.599999564932659, 7068103.299994186498225 ], [ 651898.799999553477392, 7066651.699994055554271 ], [ 660849.799999233800918, 7057333.199990638531744 ], [ 661678.999999201041646, 7054772.199990293011069 ], [ 668169.599998840596527, 7050819.299986713565886 ], [ 673586.399998469045386, 7042313.499983136542141 ], [ 689109.099996605073102, 7036337.399966690689325 ], [ 692471.199996041832492, 7032425.799961946904659 ], [ 696768.699995149741881, 7031240.499954651109874 ], [ 699334.399994612438604, 7026068.799950271844864 ], [ 701443.499994063517079, 7025693.299945916980505 ], [ 705736.499992849654518, 7022358.199936407618225 ], [ 708041.499992091674358, 7021485.19993058219552 ], [ 709075.799991767271422, 7019574.699928080663085 ], [ 713082.099990262649953, 7016942.599916730076075 ], [ 715478.999989586183801, 7004750.199911472387612 ], [ 720217.999987405608408, 7001115.299895443953574 ], [ 721727.39998668350745, 6998658.399890177883208 ], [ 723675.199985589366406, 6998113.799882328137755 ], [ 725739.499984408728778, 6996131.599873897619545 ], [ 725161.499984863912687, 6994058.499877071008086 ], [ 727936.099983103806153, 6993156.299864639528096 ], [ 732907.699979956494644, 6983723.599842528812587 ], [ 727123.799984679324552, 6970806.699875160120428 ], [ 727784.199984327424318, 6969418.699872626923025 ], [ 726378.299985196441412, 6969426.299878807738423 ], [ 724098.099986935500056, 6958659.899891041219234 ], [ 724041.899987135780975, 6954173.299892384558916 ], [ 722685.39998786826618, 6953366.699897703714669 ], [ 717382.199990765424445, 6936831.899918891489506 ], [ 715527.699991491390392, 6936175.199924406595528 ], [ 714731.099991912371479, 6930793.89992753136903 ], [ 713490.599992351373658, 6930279.099930914118886 ], [ 704158.899995172279887, 6917526.199953192844987 ], [ 705197.199994942988269, 6916976.099951300770044 ], [ 704369.499995170626789, 6914483.099953128956258 ], [ 702317.699995606555603, 6914882.399956754408777 ], [ 697744.299996521207504, 6910157.49996442720294 ], [ 697697.699996540904976, 6909076.899964583106339 ], [ 693447.099997249315493, 6903008.299970696680248 ], [ 690160.499997673090547, 6902823.899974501691759 ], [ 688811.799997846246697, 6900501.0999760562554 ], [ 689275.399997806176543, 6898838.69997566845268 ], [ 687760.799997997120954, 6895195.499977389350533 ], [ 680121.499998732819222, 6882589.499984323047101 ], [ 675609.899999043554999, 6876488.999987429007888 ], [ 673302.39999917219393, 6874635.49998876452446 ], [ 673773.699999155243859, 6872486.199988566339016 ], [ 673198.799999187584035, 6871339.999988904222846 ], [ 671812.699999253964052, 6871121.599989615380764 ], [ 668745.999999395571649, 6866400.699991137720644 ], [ 667845.399999430053867, 6866197.799991524778306 ], [ 668004.799999426468275, 6865193.099991476163268 ], [ 665420.368999522528611, 6861728.460992561653256 ], [ 664812.095999539131299, 6863040.772992761805654 ], [ 663361.033999583800323, 6862325.428993283770978 ], [ 635242.405999978189357, 6845880.072998753748834 ], [ 635786.098999975249171, 6847461.630998702719808 ], [ 639246.31499995617196, 6850340.189998351037502 ], [ 641081.446999942767434, 6853884.636998124420643 ], [ 641672.677999936742708, 6857092.907998039387167 ], [ 641527.645999936619774, 6859027.667998047545552 ], [ 640241.787999944528565, 6860913.260998195037246 ], [ 641850.717999932705425, 6862018.777997994795442 ], [ 637321.820999959483743, 6867290.203998487442732 ], [ 637292.455999958678149, 6869786.780998483300209 ], [ 639420.600999943329953, 6874464.817998231388628 ], [ 634288.532999970135279, 6879602.46599873714149 ], [ 634572.869999968446791, 6880204.699998709373176 ], [ 631243.587999982060865, 6880984.982998985797167 ], [ 628458.239999989862554, 6885658.009999173693359 ], [ 625230.643999995198101, 6898987.176999349147081 ], [ 626271.813999991747551, 6902900.183999279513955 ], [ 624342.661999996053055, 6904369.478999386541545 ], [ 619516.589000003179535, 6913557.644999612122774 ], [ 618710.230000003241003, 6919377.759999638423324 ], [ 617168.754000004963018, 6921653.407999697141349 ], [ 615224.055000006803311, 6922708.651999766007066 ], [ 613814.468000008026138, 6920980.451999811455607 ], [ 612342.09500000893604, 6921457.93799985665828 ], [ 611859.179000009316951, 6920812.618999870494008 ], [ 612983.104000009014271, 6917245.062999839894474 ], [ 611774.10700000973884, 6915695.609999875538051 ], [ 612308.451000009663403, 6913049.133999861776829 ], [ 610061.359000010881573, 6912362.890999920666218 ], [ 608193.986000011209399, 6914136.636999960057437 ], [ 605757.717000011703931, 6911626.959000008180737 ], [ 603838.969000011566095, 6912774.996000042185187 ], [ 602936.750000011525117, 6910351.613000056706369 ], [ 601615.629000011482276, 6910193.314000075682998 ], [ 600273.419000011286698, 6908692.132000091485679 ], [ 601110.363000011304393, 6909118.579000080935657 ], [ 602373.814000011654571, 6907911.488000063225627 ], [ 601761.09400001168251, 6907553.240000072866678 ], [ 601026.75800001132302, 6908263.057000082917511 ], [ 600391.455000011366792, 6907544.063000091351569 ], [ 601243.225000011501834, 6906545.714000078849494 ], [ 599895.119000011356547, 6903886.845000098459423 ] ] ] ] } },
{ "type": "Feature", "properties": { "id": 14, "gml_id": 28061513, "natcode": "18", "namefin": "Kainuu", "nameswe": "Kajanaland" }, "geometry": { "type": "MultiPolygon", "coordinates": [ [ [ [ 505840.129000000073574, 7095995.977000293321908 ], [ 500614.566000000049826, 7096898.054000292904675 ], [ 489315.435999999986961, 7103395.36900029424578 ], [ 489133.02700000006007, 7110577.958000296726823 ], [ 488582.814000000187661, 7110316.42700029630214 ], [ 489129.119999999937136, 7110807.551000296138227 ], [ 488732.510000000067521, 7126901.274000300094485 ], [ 487816.577999999921303, 7128077.876000300049782 ], [ 490994.220000000030268, 7131145.336000301875174 ], [ 494599.232999999949243, 7130621.624000299721956 ], [ 494865.438000000081956, 7131783.287000299431384 ], [ 496423.331000000063796, 7131771.428000301122665 ], [ 496215.343999999982771, 7132865.006000300869346 ], [ 497180.609000000171363, 7133462.036000302061439 ], [ 498262.020000000076834, 7129968.158000300638378 ], [ 502052.410000000032596, 7128720.126000300049782 ], [ 509082.060999999986961, 7131608.553000300191343 ], [ 509265.866999999969266, 7136019.588000300340354 ], [ 512243.82100000011269, 7140597.139000304974616 ], [ 510938.137999999918975, 7143855.856000303290784 ], [ 508665.757999999914318, 7146167.429000303149223 ], [ 508904.711000000184868, 7147829.831000303849578 ], [ 509880.061999999918044, 7149855.804000302217901 ], [ 511141.632999999972526, 7150625.985000303946435 ], [ 510995.157, 7151443.407000303268433 ], [ 511922.995999999926426, 7151030.324000302702188 ], [ 514247.804, 7152972.912000303156674 ], [ 516682.058000000019092, 7158345.653000303544104 ], [ 519019.143999999971129, 7160802.920000304467976 ], [ 518132.404999999969732, 7161356.85700030438602 ], [ 518617.409999999974389, 7162081.620000306516886 ], [ 516732.191000000049826, 7163577.434000306762755 ], [ 517567.034999999974389, 7164444.986000304110348 ], [ 512412.235000000044238, 7166670.123000306077302 ], [ 512747.200000000011642, 7170702.686000309884548 ], [ 511308.554999999934807, 7174984.742000307887793 ], [ 512374.442000000155531, 7175910.54900030978024 ], [ 511712.665000000095461, 7176306.56700030900538 ], [ 510952.599999999976717, 7174917.809000307694077 ], [ 510731.465000000083819, 7176500.475000306963921 ], [ 513319.449000000022352, 7176968.091000307351351 ], [ 509432.741000000038184, 7183617.795000309124589 ], [ 507109.804, 7185398.098000309430063 ], [ 507887.500000000058208, 7185323.474000308662653 ], [ 505623.994, 7187816.915000309236348 ], [ 507026.470000000030268, 7190106.110000310465693 ], [ 516820.110999999917112, 7187536.774000308476388 ], [ 517799.929, 7189652.095000308007002 ], [ 517118.805, 7191004.397000310011208 ], [ 518648.895000000076834, 7191427.505000309087336 ], [ 519089.563000000198372, 7192383.119000311009586 ], [ 517508.632999999914318, 7196275.355000310577452 ], [ 519170.121000000042841, 7199964.920000310987234 ], [ 518350.701, 7200247.068000310100615 ], [ 519129.651000000070781, 7200375.786000312305987 ], [ 518887.992000000143889, 7201332.920000310987234 ], [ 517810.757000000041444, 7201975.205000310204923 ], [ 518608.891999999934342, 7202438.77800031285733 ], [ 518232.600000000034925, 7203925.604000310413539 ], [ 512366.127999999967869, 7211527.24000031221658 ], [ 515503.493000000074971, 7218598.93200031388551 ], [ 521287.781999999948312, 7218248.378000312484801 ], [ 526884.540000000037253, 7219101.894000315107405 ], [ 531310.617000000085682, 7222140.255000312812626 ], [ 536588.049000000115484, 7220563.082000313326716 ], [ 537406.109000000404194, 7221720.112000313587487 ], [ 537001.920000000158325, 7220439.409000311978161 ], [ 542034.916000000201166, 7218936.990000313147902 ], [ 544332.793000000296161, 7227695.865000314079225 ], [ 544361.352000000188127, 7231696.688000314868987 ], [ 548317.300000000628643, 7235438.073000313714147 ], [ 569207.340000001713634, 7240114.890000299550593 ], [ 569333.329000002006069, 7239407.008000299334526 ], [ 570275.434000001871027, 7239064.130000295117497 ], [ 569393.945000002044253, 7240147.170000297948718 ], [ 575034.50800000235904, 7241361.841000282205641 ], [ 574765.204000002238899, 7244229.287000280804932 ], [ 575789.405000002356246, 7248864.65500028245151 ], [ 577047.433000002172776, 7250918.420000273734331 ], [ 576524.028000002144836, 7252846.658000276423991 ], [ 583624.7650000017602, 7256312.579000233672559 ], [ 582425.87500000197906, 7256505.406000243499875 ], [ 583134.771000001812354, 7257341.581000240519643 ], [ 583991.22000000171829, 7256490.235000231303275 ], [ 590659.528999999631196, 7259723.006000158376992 ], [ 594831.590999997104518, 7258751.668000087141991 ], [ 599432.079999992158264, 7260238.059999979101121 ], [ 598353.905999993556179, 7260272.729000007733703 ], [ 599587.557999991811812, 7261693.52799997292459 ], [ 600888.537999989814125, 7261369.121999936178327 ], [ 599706.646999991731718, 7261829.62399997189641 ], [ 601229.298999989405274, 7263573.913999924436212 ], [ 601448.661999989068136, 7262918.601999919861555 ], [ 602702.723999986425042, 7265264.082999874837697 ], [ 602326.882999986759387, 7268036.090999885462224 ], [ 607266.304999975371175, 7268481.637999684549868 ], [ 615939.308999939355999, 7265146.135999149642885 ], [ 617831.861999927205034, 7267193.628998980857432 ], [ 625513.141999858664349, 7266241.750998101197183 ], [ 627450.599999834550545, 7266675.499997810460627 ], [ 626568.999999847612344, 7263862.499997960403562 ], [ 626655.49999985168688, 7255813.399997996166348 ], [ 627803.099999841069803, 7249957.499997857958078 ], [ 621747.599999907659367, 7241710.299998683854938 ], [ 621470.999999910825863, 7239929.499998722225428 ], [ 623106.199999898439273, 7236834.699998554773629 ], [ 629196.899999831803143, 7236794.899997722357512 ], [ 634990.69999973999802, 7234532.999996651895344 ], [ 635429.499999732943252, 7233066.1999965691939 ], [ 632198.2999997951556, 7227486.299997270107269 ], [ 633724.59999977145344, 7225799.499996989965439 ], [ 634388.399999759509228, 7226182.399996854364872 ], [ 633851.59999976947438, 7225660.0999969644472 ], [ 636031.599999731173739, 7223292.499996527098119 ], [ 633003.699999787146226, 7221680.19999716617167 ], [ 628392.099999852129258, 7221406.899997942149639 ], [ 623570.799999903072603, 7217777.299998581409454 ], [ 622571.499999914318323, 7210423.899998722597957 ], [ 623670.599999907193705, 7206520.299998618662357 ], [ 623432.899999910732731, 7202901.599998660385609 ], [ 625318.699999897624366, 7196194.899998480454087 ], [ 628052.899999872897752, 7193044.899998149834573 ], [ 627561.599999879137613, 7190969.499998224899173 ], [ 630174.499999852036126, 7187843.199997875839472 ], [ 644561.199999568634667, 7188846.199994655326009 ], [ 646732.899999504210427, 7186842.899993970058858 ], [ 646998.599999497178942, 7185847.499993894249201 ], [ 644764.999999571940862, 7183087.599994672462344 ], [ 645499.599999555153772, 7179979.699994486756623 ], [ 649765.799999424023554, 7173042.199993089772761 ], [ 649570.89999943447765, 7171439.799993192777038 ], [ 649088.19999945408199, 7170432.299993392080069 ], [ 646056.399999556248076, 7169096.199994463473558 ], [ 643098.599999642232433, 7165870.099995384924114 ], [ 643263.599999646190554, 7159882.499995412304997 ], [ 645488.499999593012035, 7156275.399994817562401 ], [ 645327.199999600299634, 7154299.69999489095062 ], [ 647130.8999995541526, 7150803.29999437648803 ], [ 646744.199999574339017, 7145332.199994578957558 ], [ 650079.499999476131052, 7141364.6999935163185 ], [ 654995.099999284837395, 7139983.99999154638499 ], [ 662859.399998867185786, 7134723.299987447448075 ], [ 662671.399998887442052, 7132662.899987627752125 ], [ 664072.699998797383159, 7131369.79998676944524 ], [ 668670.099998437799513, 7130865.699983432888985 ], [ 670234.399998319568112, 7126414.699982332065701 ], [ 668243.799998507252894, 7124378.899984031915665 ], [ 672913.99999811372254, 7116577.799980417825282 ], [ 672194.499998241430148, 7107229.69998150318861 ], [ 668642.699998594005592, 7099655.299984684213996 ], [ 662902.099999022088014, 7091174.699988706037402 ], [ 660434.599999186000787, 7081278.499990284442902 ], [ 646409.503999686334282, 7073169.276995576918125 ], [ 641783.329999777721241, 7072207.862996652722359 ], [ 637169.833999848808162, 7066938.584997534751892 ], [ 634339.732999877771363, 7071800.543997933156788 ], [ 631746.054999894928187, 7086294.299998203292489 ], [ 612288.959999990300275, 7082433.636999716982245 ], [ 592736.49800000526011, 7080090.684000168927014 ], [ 573709.114000003319234, 7084778.258000272326171 ], [ 571733.694000002928078, 7083473.339000274427235 ], [ 572444.276000002864748, 7082072.231000274419785 ], [ 563043.244000001694076, 7060737.936000281944871 ], [ 559290.420000001438893, 7065338.115000284276903 ], [ 556526.998000001185574, 7066847.358000284992158 ], [ 552296.422000000718981, 7073096.138000288978219 ], [ 544756.827000000397675, 7080852.56400028988719 ], [ 543902.662000000360422, 7080507.429000288248062 ], [ 536559.717000000062399, 7087017.865000292658806 ], [ 532559.691000000108033, 7088605.513000291772187 ], [ 531899.222000000067055, 7088122.339000293053687 ], [ 526475.413999999989755, 7092278.192000295035541 ], [ 523400.532, 7092809.191000293940306 ], [ 524354.245, 7091504.882000293582678 ], [ 522017.636000000231434, 7090891.147000293247402 ], [ 520372.758999999961816, 7092151.439000294543803 ], [ 520501.903999999980442, 7093342.934000294655561 ], [ 512776.493000000191387, 7095851.907000293023884 ], [ 506420.290000000037253, 7096759.492000293917954 ], [ 505840.129000000073574, 7095995.977000293321908 ] ] ] ] } },
{ "type": "Feature", "properties": { "id": 15, "gml_id": 28061520, "natcode": "19", "namefin": "Lappi", "nameswe": "Lappland" }, "geometry": { "type": "MultiPolygon", "coordinates": [ [ [ [ 345880.518002837372478, 7564695.655974469147623 ], [ 344803.681003025965765, 7565062.95797295589 ], [ 340887.383003760303836, 7562638.755967138335109 ], [ 340187.909003918466624, 7563090.954965904355049 ], [ 340049.185004016617313, 7568097.532965165562928 ], [ 341013.593003825633787, 7569872.082966655492783 ], [ 340218.764004011289217, 7570541.644965212792158 ], [ 340585.766003993223421, 7575369.192965371534228 ], [ 337990.860004658112302, 7577782.200960264541209 ], [ 337430.808004879858345, 7582336.197958595119417 ], [ 334676.200005709077232, 7583913.684952360577881 ], [ 334115.366005914285779, 7585331.690950838848948 ], [ 331838.562006694963202, 7585655.02994507458061 ], [ 329128.365007815940771, 7588842.158936936408281 ], [ 329271.837007823167369, 7591363.316936898976564 ], [ 327510.230008617509156, 7592627.302931205369532 ], [ 324758.498009912029374, 7591864.966922028921545 ], [ 324439.272010112064891, 7592941.724920628592372 ], [ 322919.809010953526013, 7593649.12591475341469 ], [ 322677.606011138646863, 7594975.275913474150002 ], [ 321362.366011932608671, 7595680.019907984882593 ], [ 321245.982012081192806, 7597616.215906976722181 ], [ 318414.799013861338608, 7596462.319894797168672 ], [ 317825.61301433754852, 7597843.252891585230827 ], [ 314308.180017087724991, 7598900.622873173095286 ], [ 313078.011018299032003, 7601623.764865190722048 ], [ 311809.256019460386597, 7601842.698857566341758 ], [ 309194.463021867908537, 7599657.421841876581311 ], [ 309735.302021616022103, 7603804.878843554295599 ], [ 305815.877025990048423, 7604135.597815526649356 ], [ 304521.833027499960735, 7603187.432805954478681 ], [ 303374.446029071230441, 7604085.584796079434454 ], [ 301641.118031350371893, 7603090.465781820006669 ], [ 300633.746032839640975, 7603365.958772574551404 ], [ 300235.617033565882593, 7604547.708768099546432 ], [ 297302.384038249729201, 7604476.680739351548254 ], [ 296132.667040602769703, 7606877.015725096687675 ], [ 296239.868040915462188, 7610569.503723275847733 ], [ 291935.954050379805267, 7616666.838666779920459 ], [ 290098.060054685454816, 7617585.814641430042684 ], [ 287398.106061246595345, 7617179.197603149339557 ], [ 285025.014067827607505, 7617914.605565209873021 ], [ 284342.270070331403986, 7620234.449550939723849 ], [ 285040.111068688565865, 7621850.194560389965773 ], [ 281920.758079333289061, 7626251.890500020235777 ], [ 279289.745088924420998, 7628195.873446307145059 ], [ 277088.123097230447456, 7628277.011400224640965 ], [ 274368.610109107685275, 7630202.118335107341409 ], [ 274246.232112026715185, 7636572.646319488063455 ], [ 273521.07411604153458, 7638477.668297774158418 ], [ 269813.959134262753651, 7638553.559199796058238 ], [ 267831.704147899057716, 7644405.174127708189189 ], [ 259102.854213203157997, 7654636.440790364518762 ], [ 258403.366218410956208, 7654089.832763883285224 ], [ 256566.567234560614452, 7655096.943682380020618 ], [ 255267.961245424026856, 7654385.360627766698599 ], [ 254320.622254388406873, 7654748.821582971140742 ], [ 255409.85124499554513, 7655397.959630006924272 ], [ 253419.131267316726735, 7659655.15751907043159 ], [ 254408.794258470472414, 7660358.186563127674162 ], [ 255400.439248973299982, 7660017.677610496990383 ], [ 256379.230241555836983, 7661686.576647791080177 ], [ 255448.408252853725571, 7665055.533591562882066 ], [ 253733.4962703739875, 7666325.676504538394511 ], [ 251766.06329466146417, 7670610.669385137036443 ], [ 243090.940406412904849, 7674575.27784626185894 ], [ 250470.960319426580099, 7680517.988265105523169 ], [ 263044.620193736627698, 7669896.138890887610614 ], [ 265802.130178873892874, 7677211.778967910446227 ], [ 263895.030193840269931, 7679431.838891034014523 ], [ 261962.930214382329723, 7687451.378786923363805 ], [ 262915.960209193173796, 7690767.388813516125083 ], [ 266991.550181525875814, 7694694.758955391123891 ], [ 274712.650136529584415, 7699672.769190914928913 ], [ 288050.240077586029656, 7694506.829512102529407 ], [ 306845.18002964934567, 7657087.149793243966997 ], [ 307161.090028797625564, 7652860.429798506200314 ], [ 312349.470021738787182, 7642216.879843210801482 ], [ 312778.750020417268388, 7629816.299851635470986 ], [ 319505.550014827633277, 7632432.64988857973367 ], [ 329788.190008540870622, 7625337.089931945316494 ], [ 339725.240004960389342, 7624877.999958160333335 ], [ 344227.470003744121641, 7617794.979967460036278 ], [ 355725.670001913444139, 7624214.3199822017923 ], [ 365237.82000103360042, 7625173.239989797584713 ], [ 367835.230000880663283, 7630085.329991183243692 ], [ 370024.370000776776578, 7637575.019992147572339 ], [ 373994.080000588728581, 7639342.619993909262121 ], [ 378445.330000421497971, 7638072.879995530471206 ], [ 381910.190000316768419, 7632637.88999657984823 ], [ 385308.320000242558308, 7633566.069997350685298 ], [ 384896.350000247068238, 7629552.909997302107513 ], [ 387080.230000206211116, 7628527.939997739158571 ], [ 388724.330000178248156, 7626424.829998034983873 ], [ 402989.350000047241338, 7620779.8999995701015 ], [ 409903.160000021976884, 7615424.809999907389283 ], [ 412612.090000015508849, 7607069.130000004544854 ], [ 414458.470000012312084, 7606155.540000054053962 ], [ 415210.800000011455268, 7611782.160000066272914 ], [ 416964.460000009392388, 7613108.040000104345381 ], [ 419006.860000006970949, 7612667.16000014077872 ], [ 420574.140000005601905, 7614028.990000167861581 ], [ 421462.060000004828908, 7613211.340000178664923 ], [ 423440.480000003532041, 7615342.36000020429492 ], [ 423993.630000003613532, 7627157.990000201389194 ], [ 425630.640000002924353, 7633161.240000218153 ], [ 428534.550000001734588, 7635733.820000244304538 ], [ 430237.300000001210719, 7638713.560000254772604 ], [ 435640.870000000169966, 7643050.000000280328095 ], [ 439004.599999999976717, 7644528.740000288933516 ], [ 441379.069999999774154, 7642396.360000295564532 ], [ 443288.439999999885913, 7641997.590000297874212 ], [ 444817.589999999850988, 7643013.59000030066818 ], [ 445950.589999999909196, 7644458.990000302903354 ], [ 448900.209999999729916, 7653738.500000302679837 ], [ 451000.769999999785796, 7656327.410000303760171 ], [ 449166.679999999934807, 7663766.890000301413238 ], [ 449070.979999999923166, 7667129.320000301115215 ], [ 450057.749999999767169, 7670943.350000302307308 ], [ 448199.25999999983469, 7676852.600000297650695 ], [ 449024.979999999748543, 7678475.040000300854445 ], [ 448682.839999999734573, 7683229.570000297389925 ], [ 450369.349999999802094, 7685750.310000298544765 ], [ 450233.969999999797437, 7689506.420000298880041 ], [ 451140.769999999785796, 7692806.590000298805535 ], [ 452190.679999999818392, 7694522.33000029809773 ], [ 453499.629999999888241, 7694976.750000300817192 ], [ 453325.149999999965075, 7696731.610000300221145 ], [ 454707.209999999904539, 7698740.050000300630927 ], [ 454147.649999999906868, 7700163.390000299550593 ], [ 453365.210000000020955, 7700061.400000298395753 ], [ 453779.599999999860302, 7701206.140000297687948 ], [ 452655.50999999983469, 7701763.420000297948718 ], [ 454356.879999999888241, 7707071.330000299960375 ], [ 455568.13, 7707776.810000297613442 ], [ 454897.349999999860302, 7709709.680000296793878 ], [ 456088.249999999941792, 7713767.340000297874212 ], [ 454518.129999999946449, 7715778.280000296421349 ], [ 458614.979999999864958, 7718563.810000295750797 ], [ 460207.609999999811407, 7722742.530000297352672 ], [ 459410.169999999867287, 7726870.470000295899808 ], [ 457053.809999999823049, 7729063.430000297725201 ], [ 461313.989999999932479, 7735046.790000296197832 ], [ 463344.6799999998766, 7734915.280000294558704 ], [ 466041.06999999989057, 7736332.170000296086073 ], [ 467199.509999999951106, 7738914.190000295639038 ], [ 468473.0, 7739347.540000295266509 ], [ 468839.950000000011642, 7741236.260000294074416 ], [ 470951.49, 7743166.070000295527279 ], [ 470874.049999999988358, 7745610.660000294446945 ], [ 476362.710000000079162, 7749807.750000294297934 ], [ 477582.53000000002794, 7752627.300000292249024 ], [ 477278.590000000083819, 7754997.050000290386379 ], [ 479119.49000000016531, 7756899.980000291019678 ], [ 479582.590000000083819, 7759293.260000293143094 ], [ 487714.590000000025611, 7761977.010000292211771 ], [ 489210.200000000069849, 7759763.13000029232353 ], [ 491684.139999999955762, 7761241.840000292286277 ], [ 494249.849999999976717, 7761488.300000290386379 ], [ 494959.320000000181608, 7758601.920000290498137 ], [ 498841.070000000065193, 7759013.530000291764736 ], [ 501439.099999999976717, 7755866.550000290386379 ], [ 503921.159999999974389, 7756746.870000292547047 ], [ 505088.879999999946449, 7758342.410000291652977 ], [ 511287.320000000065193, 7760665.110000289976597 ], [ 511586.650000000023283, 7761692.860000290907919 ], [ 510498.340000000025611, 7763210.270000291056931 ], [ 511031.730000000039581, 7764172.730000291019678 ], [ 513608.409999999974389, 7764922.110000290907919 ], [ 516709.159999999916181, 7768337.540000289678574 ], [ 520054.910000000032596, 7768576.280000289902091 ], [ 521098.319999999948777, 7772546.810000289231539 ], [ 523191.75, 7774307.690000290051103 ], [ 526352.680000000167638, 7774563.590000286698341 ], [ 528405.949999999953434, 7773206.690000290051103 ], [ 530335.060000000172295, 7774706.130000289529562 ], [ 536457.840000000083819, 7776430.910000287927687 ], [ 537544.849999999976717, 7767734.190000290982425 ], [ 544471.240000000107102, 7757485.690000291913748 ], [ 551640.110000000218861, 7753153.180000283755362 ], [ 551149.250000000116415, 7749613.18000028654933 ], [ 554063.000000000232831, 7746246.430000284686685 ], [ 582627.389999984065071, 7733342.150000006891787 ], [ 584268.12999998126179, 7727117.459999966435134 ], [ 591393.419999961508438, 7709444.309999697841704 ], [ 587138.849999976693653, 7700281.369999902322888 ], [ 572494.579999997047707, 7680463.280000218190253 ], [ 571833.15999999770429, 7667814.080000228248537 ], [ 573904.459999996819533, 7664025.090000211261213 ], [ 576967.999999994761311, 7661361.30000017490238 ], [ 560007.800000000162981, 7647301.700000290758908 ], [ 556836.500000000232831, 7645589.800000296905637 ], [ 559012.800000000279397, 7642293.000000294297934 ], [ 566777.29999999946449, 7642600.700000271201134 ], [ 572439.799999997834675, 7640848.700000233016908 ], [ 569068.399999999208376, 7625464.40000026114285 ], [ 558541.900000000256114, 7603716.60000029951334 ], [ 568226.800000000046566, 7565660.700000279583037 ], [ 596951.199999965145253, 7553001.899999710731208 ], [ 612091.899999871035106, 7523305.399998530745506 ], [ 627859.699999576085247, 7509583.999995374120772 ], [ 624978.799999677576125, 7492585.399996395222843 ], [ 621356.499999759951606, 7487578.699997261166573 ], [ 616486.099999843747355, 7477694.299998177215457 ], [ 614092.799999873503111, 7475114.899998521432281 ], [ 613641.599999878904782, 7473348.799998585134745 ], [ 612626.399999889195897, 7472950.499998708255589 ], [ 612443.399999891407788, 7472227.399998733773828 ], [ 613666.999999879626557, 7471233.699998592957854 ], [ 612314.499999893363565, 7470133.599998754449189 ], [ 611123.699999903794378, 7470571.999998881481588 ], [ 610368.299999910639599, 7469609.199998963624239 ], [ 610642.299999908660538, 7468318.799998939968646 ], [ 608563.299999924493022, 7468132.599999135360122 ], [ 607894.399999929824844, 7465392.499999201856554 ], [ 608434.599999926285818, 7464863.99999915715307 ], [ 590382.899999991757795, 7432428.300000076182187 ], [ 588885.499999993713573, 7426575.100000109523535 ], [ 590371.799999992712401, 7416498.700000088661909 ], [ 593130.399999989429489, 7410832.700000029057264 ], [ 592595.799999990384094, 7409584.20000004209578 ], [ 594548.899999987683259, 7408533.899999991990626 ], [ 604455.999999964027666, 7393092.599999614059925 ], [ 604468.799999964190647, 7391426.999999617226422 ], [ 605693.499999959603883, 7389646.299999550916255 ], [ 605270.699999961419962, 7389220.399999576620758 ], [ 607218.999999953201041, 7387974.599999462254345 ], [ 606883.499999955063686, 7386978.199999486096203 ], [ 609780.199999941512942, 7382709.89999929536134 ], [ 614766.057999912183732, 7370520.71199890319258 ], [ 600714.573999978834763, 7369981.51499982457608 ], [ 600847.894999979063869, 7367226.2359998235479 ], [ 575470.260000001057051, 7375090.258000274188817 ], [ 574331.063000000896864, 7366929.42300028167665 ], [ 570870.82000000111293, 7366761.076000295579433 ], [ 571415.10200000111945, 7365434.809000293724239 ], [ 570819.436000001151115, 7365532.207000294700265 ], [ 570390.764000001247041, 7363396.727000295184553 ], [ 569229.34100000129547, 7363445.999000299721956 ], [ 569540.433000001357868, 7359062.80300029926002 ], [ 568892.524000001139939, 7357831.515000300481915 ], [ 571535.29800000146497, 7350680.020000291056931 ], [ 573597.504000001237728, 7350603.190000286325812 ], [ 573861.402000001166016, 7348941.896000284701586 ], [ 574700.121000001206994, 7348468.029000280424953 ], [ 575887.321000001160428, 7350193.448000274598598 ], [ 578610.673000000882894, 7349374.686000259593129 ], [ 578214.194000001065433, 7348484.636000260710716 ], [ 579343.311000000801869, 7346711.660000252537429 ], [ 578098.884000001125969, 7345623.84200026281178 ], [ 578752.491000001085922, 7344989.542000258341432 ], [ 578139.801000000908971, 7343814.066000264137983 ], [ 579673.784000000800006, 7341606.080000250600278 ], [ 577448.010000001406297, 7338846.217000264674425 ], [ 577450.110000001150183, 7336119.469000266864896 ], [ 576184.002000001259148, 7335152.039000275544822 ], [ 572435.541000001481734, 7335122.877000290900469 ], [ 573539.548000001348555, 7330944.378000288270414 ], [ 574439.627000001491979, 7330457.993000282905996 ], [ 573532.92300000146497, 7328766.401000287383795 ], [ 576820.432000001543202, 7327831.078000270761549 ], [ 577858.194000001298264, 7325797.7630002675578 ], [ 579010.93400000128895, 7326741.97000025678426 ], [ 579928.397000001277775, 7325866.071000251919031 ], [ 578511.779000001144595, 7325157.479000261984766 ], [ 579288.810000001336448, 7321216.015000256709754 ], [ 575775.64500000141561, 7320888.409000276587903 ], [ 575008.83000000147149, 7319436.64500027988106 ], [ 572544.28900000161957, 7319425.845000288449228 ], [ 572533.614000001456589, 7320747.032000289298594 ], [ 570051.364000001456589, 7321770.669000297784805 ], [ 570054.960000001476146, 7321158.72700029797852 ], [ 567302.553000001353212, 7321138.093000304885209 ], [ 567313.995000001392327, 7319556.826000304892659 ], [ 564099.99000000115484, 7319104.589000311680138 ], [ 564101.736000001314096, 7320613.165000308305025 ], [ 565133.329000001423992, 7321503.265000310726464 ], [ 562203.232000001124106, 7320717.462000312283635 ], [ 563104.105000001145527, 7320196.602000311948359 ], [ 563515.851000001188368, 7318399.234000312164426 ], [ 563274.7100000011269, 7317108.761000311002135 ], [ 562374.076000001165085, 7317389.286000312305987 ], [ 562371.144000001135282, 7316158.0580003131181 ], [ 565167.663000001339242, 7314687.818000309169292 ], [ 568767.928000001469627, 7308451.269000303000212 ], [ 569086.721000001532957, 7303600.875000299885869 ], [ 566988.61900000134483, 7303463.9830003073439 ], [ 555960.828000000910833, 7298229.095000316388905 ], [ 552273.747000000556, 7299756.158000318333507 ], [ 534776.43100000009872, 7300873.37400031927973 ], [ 535060.56900000013411, 7302026.853000321425498 ], [ 535884.59900000016205, 7302094.746000322513282 ], [ 535048.175000000046566, 7302408.077000320889056 ], [ 531660.84900000016205, 7309046.605000320822001 ], [ 529768.179000000120141, 7315646.993000321090221 ], [ 527138.054000000120141, 7314986.615000320598483 ], [ 525845.756999999983236, 7311895.594000320881605 ], [ 523951.184000000183005, 7311273.286000322550535 ], [ 522617.132999999972526, 7312376.021000322885811 ], [ 520349.011000000173226, 7312011.91200031992048 ], [ 518504.474000000045635, 7313091.031000322662294 ], [ 515225.489000000117812, 7308000.805000321939588 ], [ 515799.147999999986496, 7307772.49800032004714 ], [ 515125.227999999944586, 7307843.418000319972634 ], [ 511294.052999999956228, 7301879.637000321410596 ], [ 511503.250999999931082, 7302366.514000320807099 ], [ 510762.41800000006333, 7302235.931000319309533 ], [ 511181.792000000132248, 7301706.683000323362648 ], [ 507436.657, 7295872.402000320143998 ], [ 508212.010999999940395, 7295299.66100032068789 ], [ 507479.963000000163447, 7294891.141000321134925 ], [ 507166.608999999938533, 7295450.605000319890678 ], [ 503301.393000000156462, 7289791.985000319778919 ], [ 501636.379000000015367, 7290752.891000320203602 ], [ 500253.450000000128057, 7290165.373000319115818 ], [ 501042.169999999925494, 7288021.036000319756567 ], [ 499235.538, 7287920.681000319309533 ], [ 499142.254000000015367, 7289689.139000322669744 ], [ 491950.939000000129454, 7286610.701000320725143 ], [ 485123.193000000028405, 7287582.639000319875777 ], [ 484995.635999999940395, 7286582.189000319689512 ], [ 484387.522999999986496, 7287656.105000320822001 ], [ 471025.546999999904074, 7288118.193000322207808 ], [ 461385.91699999984121, 7289578.810000321827829 ], [ 461616.218999999808148, 7300363.885000319220126 ], [ 444538.767999999341555, 7291543.363000316545367 ], [ 426229.735999998112675, 7291994.74800028745085 ], [ 422247.893999998224899, 7285846.901000269688666 ], [ 416709.710999998613261, 7282704.962000233121216 ], [ 413798.405999999202322, 7277414.899000206030905 ], [ 388320.763000036706217, 7252065.845999478362501 ], [ 367320.322000226937234, 7244045.427997046150267 ], [ 367437.080000247806311, 7268913.438996857963502 ], [ 370238.206000213453081, 7284966.272997281514108 ], [ 370310.910000218194909, 7292207.566997239366174 ], [ 368535.570000255363993, 7298213.993996828794479 ], [ 369993.364000232308172, 7302290.407997093163431 ], [ 368800.75700025819242, 7306360.244996812194586 ], [ 369153.432000252767466, 7307645.860996874980628 ], [ 370122.195000234816689, 7307538.570997077971697 ], [ 368602.208000267331954, 7311634.012996721081436 ], [ 368854.689000265614595, 7314757.23299674782902 ], [ 367536.34900029329583, 7315317.355996442958713 ], [ 365605.397000342141837, 7318978.647995924577117 ], [ 365949.378000339027494, 7323287.228995966725051 ], [ 361503.099000478046946, 7331845.12499453406781 ], [ 361977.163000468281098, 7335235.090994642116129 ], [ 360731.718000515887979, 7338514.558994164690375 ], [ 361523.955000491463579, 7339981.14399441704154 ], [ 361159.88100050581852, 7341147.163994274102151 ], [ 357184.636000663682353, 7342514.767992711625993 ], [ 352687.220000896661077, 7345513.015990483574569 ], [ 352984.167000883608125, 7346733.40299061127007 ], [ 351361.646000987500884, 7349305.980989644303918 ], [ 351755.430000968510285, 7350896.407989826053381 ], [ 350342.908001064904965, 7352835.918988938443363 ], [ 350677.306001048185863, 7354303.284989096224308 ], [ 349612.423001132090576, 7357539.067988337017596 ], [ 350405.811001098365523, 7363142.717988661490381 ], [ 352074.010001002636272, 7367011.742989553138614 ], [ 350252.167001139489003, 7371258.57498830743134 ], [ 350736.273001118504908, 7374626.933988511562347 ], [ 352529.933001006604172, 7376580.971989546902478 ], [ 353939.290000921464525, 7376894.320990336127579 ], [ 354614.13400089321658, 7380421.371990608051419 ], [ 355174.840000860218424, 7379839.047990920953453 ], [ 357544.321000740805175, 7381220.670992053113878 ], [ 357277.141000759787858, 7383405.311991880647838 ], [ 360564.624000615440309, 7385603.585993278771639 ], [ 362085.571000567637384, 7391914.319993759505451 ], [ 361406.083000603714027, 7396392.005993412807584 ], [ 363674.602000530459918, 7403671.769994147121906 ], [ 362656.805000578460749, 7408389.439993686974049 ], [ 364304.905000518134329, 7409306.543994282372296 ], [ 364232.103000525617972, 7411938.487994212657213 ], [ 366171.907000456762034, 7410395.286994899623096 ], [ 367246.85700042382814, 7410693.561995237134397 ], [ 368070.428000405256171, 7414693.334995430894196 ], [ 365816.758000487228855, 7421700.868994613178074 ], [ 362883.36300060513895, 7425773.01799345575273 ], [ 362957.437000610516407, 7429745.825993413105607 ], [ 361545.106000673607923, 7430586.412992801517248 ], [ 361165.601000696071424, 7432605.203992592170835 ], [ 357916.479000876017381, 7437157.460990902036428 ], [ 355286.213001057680231, 7442702.326989241875708 ], [ 354829.281001104041934, 7446816.445988829247653 ], [ 350752.675001461873762, 7454583.835985664278269 ], [ 352898.681001297140028, 7458547.131987126544118 ], [ 350865.929001481505111, 7460629.787985507398844 ], [ 351631.963001419440843, 7461939.494986054487526 ], [ 351235.023001460765954, 7463183.615985696204007 ], [ 352032.888001392304432, 7463576.157986299134791 ], [ 351755.809001421497669, 7464652.018986044451594 ], [ 353761.676001259707846, 7465899.332987474277616 ], [ 358834.276000912941527, 7466617.982990621589124 ], [ 361370.022000788303558, 7472598.186991795897484 ], [ 360765.833000824437477, 7473937.824991459026933 ], [ 359930.297000871389173, 7474034.409991020336747 ], [ 359927.319000881281681, 7477273.850990936160088 ], [ 359182.291000928205904, 7478127.611990503966808 ], [ 361433.904000813257881, 7482908.407991577871144 ], [ 359230.15000094671268, 7484803.594990345649421 ], [ 357411.828001064481214, 7484595.675989273004234 ], [ 352382.727001474006101, 7486904.038985639810562 ], [ 350112.496001685678493, 7485338.280983802862465 ], [ 346626.223002096870914, 7487877.783980317413807 ], [ 345985.808002193807624, 7490018.779979516752064 ], [ 346566.994002131512389, 7491686.069980043917894 ], [ 350149.013001741142944, 7495607.580983354710042 ], [ 349119.326001870445907, 7498346.588982257992029 ], [ 351366.582001631497405, 7498397.555984302423894 ], [ 352998.348001485224813, 7500418.461985575966537 ], [ 352881.668001507874578, 7502790.036985381506383 ], [ 353855.024001427693292, 7504553.946986084803939 ], [ 351308.302001700736582, 7509646.277983739040792 ], [ 351511.667001699330285, 7513084.791983759962022 ], [ 350902.970001768320799, 7513845.490983169525862 ], [ 352182.17300169065129, 7523759.628983858972788 ], [ 351440.88400178682059, 7526632.211983045563102 ], [ 351819.442001763032749, 7529561.484983254224062 ], [ 353748.516001589188818, 7534141.282984752207994 ], [ 355309.709001448121853, 7535559.290985979139805 ], [ 356408.330001347872894, 7534904.10898685734719 ], [ 358929.241001155111007, 7537078.935988563112915 ], [ 360280.8020010687178, 7540080.224989344365895 ], [ 359698.764001119416207, 7542484.607988893985748 ], [ 356651.934001368004829, 7543763.163986696861684 ], [ 355222.084001517097931, 7547580.585985408164561 ], [ 349410.302002207434271, 7552585.774979582056403 ], [ 347143.48600261611864, 7562726.156976253725588 ], [ 345880.518002837372478, 7564695.655974469147623 ] ] ] ] } },
{ "type": "Feature", "properties": { "id": 16, "gml_id": 28061457, "natcode": "10", "namefin": "Etelä-Savo", "nameswe": "Södra Savolax" }, "geometry": { "type": "MultiPolygon", "coordinates": [ [ [ [ 585012.721000007237308, 6892678.663000200875103 ], [ 584742.603000007104129, 6893961.945000203326344 ], [ 586161.654000007547438, 6893979.978000197559595 ], [ 585504.669000007444993, 6894755.692000200040638 ], [ 585960.522000007564202, 6896574.876000200398266 ], [ 584782.656000007060356, 6897640.055000205524266 ], [ 584864.057000007131137, 6898603.896000204607844 ], [ 586269.922000007587485, 6897984.796000199392438 ], [ 586255.473000007448718, 6901934.997000199742615 ], [ 588474.989000007975847, 6900270.072000188753009 ], [ 589169.83900000853464, 6901596.014000187627971 ], [ 590376.916000008815899, 6899571.399000179022551 ], [ 592579.053000009502284, 6898281.328000163659453 ], [ 593308.936000009649433, 6898932.266000157222152 ], [ 590719.665000008884817, 6903621.690000176429749 ], [ 590936.648000009008683, 6907357.790000174194574 ], [ 592289.706000009435229, 6908130.639000168070197 ], [ 592905.561000009416603, 6906415.375000161118805 ], [ 595927.682000010274351, 6904998.276000138372183 ], [ 596589.617000010446645, 6903739.485000132583082 ], [ 598055.18100001104176, 6904986.291000118479133 ], [ 600123.678000011248514, 6903941.112000092864037 ], [ 601243.225000011501834, 6906545.714000078849494 ], [ 600391.455000011366792, 6907544.063000091351569 ], [ 601026.75800001132302, 6908263.057000082917511 ], [ 601761.09400001168251, 6907553.240000072866678 ], [ 602373.889000011491589, 6907912.807000065222383 ], [ 601110.363000011304393, 6909118.579000080935657 ], [ 600273.419000011286698, 6908692.132000091485679 ], [ 601615.629000011482276, 6910193.314000075682998 ], [ 602936.750000011525117, 6910351.613000056706369 ], [ 603838.969000011566095, 6912774.996000042185187 ], [ 605757.717000011703931, 6911626.959000008180737 ], [ 608193.986000011209399, 6914136.636999960057437 ], [ 610061.359000010881573, 6912362.890999920666218 ], [ 612308.451000009663403, 6913049.133999861776829 ], [ 611774.10700000973884, 6915695.609999875538051 ], [ 612983.104000009014271, 6917245.062999839894474 ], [ 611859.179000009316951, 6920812.618999870494008 ], [ 612342.09500000893604, 6921457.93799985665828 ], [ 613814.468000008026138, 6920980.451999811455607 ], [ 615224.055000006803311, 6922708.651999766007066 ], [ 617168.754000004963018, 6921653.407999697141349 ], [ 618710.230000003241003, 6919377.759999638423324 ], [ 619516.589000003179535, 6913557.644999612122774 ], [ 624342.661999996053055, 6904369.478999386541545 ], [ 626271.813999991747551, 6902900.183999279513955 ], [ 625230.643999995198101, 6898987.176999349147081 ], [ 628458.239999989862554, 6885658.009999173693359 ], [ 631243.587999982060865, 6880984.982998985797167 ], [ 634572.869999968446791, 6880204.699998709373176 ], [ 634288.532999970135279, 6879602.46599873714149 ], [ 639420.600999943329953, 6874464.817998231388628 ], [ 637292.455999958678149, 6869786.780998483300209 ], [ 637321.820999959483743, 6867290.203998487442732 ], [ 641850.717999932705425, 6862018.777997994795442 ], [ 640241.787999944528565, 6860913.260998195037246 ], [ 641733.530999935464934, 6858267.697998026385903 ], [ 641081.446999942767434, 6853884.636998124420643 ], [ 639246.31499995617196, 6850340.189998351037502 ], [ 635786.098999975249171, 6847461.630998702719808 ], [ 634839.315999981132336, 6842296.308998799882829 ], [ 627331.158000003779307, 6837973.340999331325293 ], [ 621766.329000012949109, 6831432.380999606102705 ], [ 620151.249000014620833, 6827002.31099967379123 ], [ 617951.04800001566764, 6827182.423999746330082 ], [ 608945.766000016941689, 6823948.262999971397221 ], [ 603980.674000015715137, 6824572.058000048622489 ], [ 600339.558000014279969, 6822975.738000089302659 ], [ 596731.398000012733974, 6823965.841000121086836 ], [ 596561.602000012644567, 6820001.675000122748315 ], [ 595438.864000012283213, 6819265.775000133551657 ], [ 595424.324000012478791, 6817314.914000132121146 ], [ 591585.069000010495074, 6817815.570000155828893 ], [ 587853.116000009118579, 6815685.200000171549618 ], [ 587879.61000000895001, 6816711.621000172570348 ], [ 584644.836000007926486, 6815998.289000183343887 ], [ 584191.599000007729046, 6816762.32900018338114 ], [ 581149.841000006650575, 6816953.893000192008913 ], [ 581202.267000006511807, 6819220.707000194117427 ], [ 579323.121000005980022, 6820886.440000199712813 ], [ 577874.710000005550683, 6819246.883000199683011 ], [ 576626.611000005155802, 6820614.718000204302371 ], [ 575596.635000004782341, 6817590.723000203259289 ], [ 576045.059000005014241, 6814506.16900020185858 ], [ 572218.613000003970228, 6812335.400000205263495 ], [ 571512.413000003900379, 6809889.789000205695629 ], [ 569794.608000003383495, 6809923.955000204965472 ], [ 568668.682000003173016, 6807035.426000205799937 ], [ 567322.732000002870336, 6806203.054000207222998 ], [ 567647.605000002891757, 6805338.011000204831362 ], [ 567034.551000002771616, 6805765.330000206828117 ], [ 556679.658000001334585, 6802850.843000208958983 ], [ 549805.424000000930391, 6802171.894000210799277 ], [ 545772.871000000624917, 6802211.036000211723149 ], [ 542379.233000000356697, 6803375.64800021238625 ], [ 540382.265000000130385, 6799672.642000208608806 ], [ 537266.521000000066124, 6799720.605000208131969 ], [ 534601.92000000027474, 6801263.335000209510326 ], [ 531862.06900000013411, 6801157.26200021058321 ], [ 531517.468, 6798541.860000209882855 ], [ 532307.215000000083819, 6798563.588000210002065 ], [ 533116.689999999944121, 6798225.568000208586454 ], [ 532630.915000000153668, 6797239.289000207558274 ], [ 531709.761000000173226, 6797554.230000207200646 ], [ 531337.628000000142492, 6795584.031000208109617 ], [ 529856.413000000058673, 6796728.052000206895173 ], [ 529091.23499999998603, 6795122.902000205591321 ], [ 531974.53000000002794, 6794215.601000206544995 ], [ 530951.386000000056811, 6792241.171000205911696 ], [ 529178.633000000147149, 6791501.481000206433237 ], [ 527218.910999999963678, 6792945.67900020442903 ], [ 523073.983, 6793120.781000207178295 ], [ 523251.535000000149012, 6790453.971000204794109 ], [ 519750.351000000082422, 6789940.394000204280019 ], [ 520842.24, 6785377.226000203751028 ], [ 519285.789000000222586, 6784554.955000202171504 ], [ 519122.690000000060536, 6782170.068000201135874 ], [ 517524.828000000037719, 6781509.287000201642513 ], [ 516240.837000000057742, 6782563.949000201188028 ], [ 514478.960000000079162, 6781264.768000203184783 ], [ 506504.587, 6781106.384000201709569 ], [ 505990.201000000117347, 6780379.777000200934708 ], [ 502547.903999999980442, 6779641.158000201918185 ], [ 496619.012999999918975, 6782250.042000202462077 ], [ 495275.032000000064727, 6783192.165000200271606 ], [ 496243.414000000047963, 6786187.178000204265118 ], [ 494140.351999999955297, 6789797.867000206373632 ], [ 493633.327000000164844, 6794561.122000205330551 ], [ 488170.26, 6792888.265000206418335 ], [ 486331.738000000012107, 6788397.578000205568969 ], [ 481801.401000000012573, 6785877.968000203371048 ], [ 480120.974999999976717, 6787463.908000202849507 ], [ 482347.688000000023749, 6789964.480000204406679 ], [ 480126.493999999947846, 6795433.211000207811594 ], [ 476496.81, 6793001.912000206299126 ], [ 475461.17699999990873, 6793784.360000206157565 ], [ 473937.341999999945983, 6793135.157000203616917 ], [ 472327.598999999929219, 6798812.231000207364559 ], [ 473767.971000000252388, 6800111.095000207424164 ], [ 473576.84599999996135, 6800740.239000208675861 ], [ 471350.142999999865424, 6802116.070000210776925 ], [ 470248.1919999999227, 6801720.622000209055841 ], [ 472325.839999999967404, 6798856.638000207953155 ], [ 467854.783, 6798804.094000207260251 ], [ 463637.270999999949709, 6802705.980000209063292 ], [ 463557.49499999982072, 6804291.840000211261213 ], [ 461804.101999999838881, 6803920.350000210106373 ], [ 463668.833999999857042, 6807388.991000210866332 ], [ 459668.485999999742489, 6812746.969000211916864 ], [ 462334.642999999807216, 6814715.02100021392107 ], [ 460706.013999999850057, 6818976.29000021610409 ], [ 459283.459999999729916, 6819805.728000215254724 ], [ 460788.592999999877065, 6819327.27100021764636 ], [ 460412.716999999829568, 6820345.144000217318535 ], [ 461162.102999999828171, 6820267.351000215858221 ], [ 461093.234999999927823, 6819255.167000216431916 ], [ 463751.146999999938998, 6818866.559000215493143 ], [ 463761.88499999983469, 6819441.22000021673739 ], [ 464555.223999999987427, 6818309.985000214539468 ], [ 465301.355999999912456, 6819144.388000216335058 ], [ 464922.932999999902677, 6819995.92200021725148 ], [ 463914.281999999890104, 6819722.905000215396285 ], [ 463787.641999999817926, 6821422.007000215351582 ], [ 463245.955999999772757, 6819355.090000214986503 ], [ 461426.683000000019092, 6819659.947000216692686 ], [ 461087.749999999883585, 6821383.39400021545589 ], [ 462365.922999999893364, 6821469.42200021725148 ], [ 463011.712999999872409, 6823832.934000217355788 ], [ 462309.718, 6823880.006000217050314 ], [ 462078.031000000017229, 6826295.094000216573477 ], [ 460774.128999999782536, 6827600.957000219263136 ], [ 463869.65300000004936, 6826687.856000217609107 ], [ 463664.515999999886844, 6830753.345000218600035 ], [ 465787.563000000023749, 6832233.063000220805407 ], [ 465488.270999999949709, 6833626.566000221297145 ], [ 466484.142999999865424, 6834020.246000222861767 ], [ 467013.912999999942258, 6836218.060000221244991 ], [ 474311.49800000002142, 6832730.575000219978392 ], [ 474351.803000000072643, 6836899.206000222824514 ], [ 474903.805, 6836831.768000221811235 ], [ 475332.609999999927823, 6839882.934000222943723 ], [ 474190.648000000161119, 6843828.427000222727656 ], [ 469723.415999999968335, 6851621.010000226087868 ], [ 466646.517, 6852939.704000229015946 ], [ 467850.328999999910593, 6858083.905000229366124 ], [ 466918.69499999989057, 6859910.45800023060292 ], [ 467301.631, 6861310.393000230193138 ], [ 464468.087999999930616, 6860960.471000229939818 ], [ 465475.934999999881256, 6863281.595000231638551 ], [ 465072.045000000100117, 6868875.069000232964754 ], [ 469313.863999999943189, 6871316.53400023560971 ], [ 459342.96799999976065, 6887632.550000239163637 ], [ 464464.103, 6896781.870000241324306 ], [ 465137.751000000047497, 6895843.056000241078436 ], [ 466979.331999999878462, 6897413.496000242419541 ], [ 469558.74800000002142, 6897473.622000244446099 ], [ 469557.945, 6898702.825000242330134 ], [ 470628.009000000194646, 6899529.397000244818628 ], [ 471298.36099999997532, 6897778.593000244349241 ], [ 471792.582, 6898924.923000244423747 ], [ 472359.217999999935273, 6898543.210000242106616 ], [ 473816.014000000082888, 6899782.215000245720148 ], [ 472899.369000000180677, 6901802.592000242322683 ], [ 474934.941, 6902012.120000242255628 ], [ 474657.346000000019558, 6902943.142000243999064 ], [ 476326.768999999912921, 6903855.307000244967639 ], [ 478796.989999999932479, 6899852.017000242136419 ], [ 479577.271000000066124, 6900192.985000245273113 ], [ 479931.242000000202097, 6898421.003000242635608 ], [ 480593.077000000223052, 6897782.865000242367387 ], [ 481935.341999999945983, 6898394.919000241905451 ], [ 482292.713000000221655, 6900101.976000242866576 ], [ 481220.243000000191387, 6900851.178000242449343 ], [ 480504.004000000015367, 6904149.524000243283808 ], [ 480932.374000000127126, 6905804.228000245057046 ], [ 479807.431999999913387, 6907101.252000246196985 ], [ 483572.479999999923166, 6908502.157000243663788 ], [ 482484.620000000111759, 6910650.180000246502459 ], [ 483094.784000000043306, 6910948.373000245541334 ], [ 482860.031999999948312, 6912308.661000246182084 ], [ 488625.39000000001397, 6913268.467000246979296 ], [ 483489.125999999931082, 6919208.534000250510871 ], [ 484800.65200000006007, 6921786.013000249862671 ], [ 484414.150000000023283, 6923815.706000251695514 ], [ 484991.471000000019558, 6924674.438000249676406 ], [ 487638.622999999963213, 6921438.363000251352787 ], [ 491357.503000000084285, 6923541.20300024934113 ], [ 490591.832999999984168, 6924915.862000251188874 ], [ 493788.071000000170898, 6928274.445000254549086 ], [ 497645.943000000086613, 6923459.815000250004232 ], [ 498547.465000000025611, 6924789.184000252746046 ], [ 497304.550999999919441, 6927244.3850002521649 ], [ 498388.796999999962281, 6928647.666000251658261 ], [ 499852.824000000022352, 6926485.709000250324607 ], [ 503160.479, 6926689.347000252455473 ], [ 504172.212999999930616, 6928591.223000253550708 ], [ 505265.032000000181142, 6928189.74800025112927 ], [ 505874.645000000076834, 6930580.097000252455473 ], [ 508775.79100000008475, 6927236.868000253103673 ], [ 509136.197999999916647, 6925615.889000250957906 ], [ 508598.941, 6925350.612000252120197 ], [ 510084.371999999915715, 6924990.589000252075493 ], [ 509765.392000000167172, 6926570.933000253513455 ], [ 510883.214999999967404, 6927539.844000251963735 ], [ 510460.614999999932479, 6926185.998000249266624 ], [ 511379.565, 6925864.186000251211226 ], [ 511594.191000000049826, 6927678.736000251024961 ], [ 512923.607000000134576, 6927659.298000253736973 ], [ 513812.093000000051688, 6925769.997000250965357 ], [ 514639.030000000086147, 6925702.54800025280565 ], [ 515592.643000000040047, 6928346.987000252120197 ], [ 517400.240999999921769, 6929606.302000251598656 ], [ 518672.908, 6929515.493000251241028 ], [ 517892.705000000190921, 6930872.512000253424048 ], [ 518821.659000000043306, 6930779.303000252693892 ], [ 519025.149999999965075, 6931733.119000253267586 ], [ 517734.412999999942258, 6932478.908000253140926 ], [ 518710.73800000018673, 6933279.584000253118575 ], [ 519861.123000000079628, 6930550.853000252507627 ], [ 523683.026000000012573, 6928184.648000252433121 ], [ 523960.699000000138767, 6926720.155000251717865 ], [ 529548.17000000004191, 6924226.704000250436366 ], [ 535450.227000000071712, 6917662.627000249922276 ], [ 535761.747000000090338, 6915390.851000247523189 ], [ 534966.738000000244938, 6913595.84800024703145 ], [ 535903.947000000160187, 6911502.841000246815383 ], [ 533539.553000000072643, 6910202.34900024626404 ], [ 532501.981999999959953, 6908279.105000245384872 ], [ 532893.872000000090338, 6907771.429000246338546 ], [ 531974.601999999955297, 6907105.497000245377421 ], [ 533456.427000000141561, 6906247.425000245682895 ], [ 533292.894000000087544, 6905321.037000244483352 ], [ 532788.79300000006333, 6905863.227000245824456 ], [ 531444.72199999995064, 6905350.90700024459511 ], [ 530508.999000000068918, 6906671.46100024599582 ], [ 528870.91600000008475, 6905179.563000244088471 ], [ 526988.089999999967404, 6906364.419000244699419 ], [ 526723.716000000014901, 6905302.603000244125724 ], [ 525626.562999999965541, 6904890.354000245220959 ], [ 529295.508999999961816, 6899861.024000244215131 ], [ 527700.28200000023935, 6899560.883000243455172 ], [ 526062.924, 6900324.108000244945288 ], [ 528418.684, 6895470.201000242494047 ], [ 529510.269000000087544, 6890756.743000240065157 ], [ 531346.044000000227243, 6891823.902000240050256 ], [ 532883.421000000089407, 6891073.612000241875648 ], [ 531904.018000000040047, 6890293.023000238463283 ], [ 533069.157, 6889236.55900023970753 ], [ 533340.355000000097789, 6888140.306000240147114 ], [ 532588.841999999945983, 6887225.586000238545239 ], [ 533454.620000000111759, 6886325.843000239692628 ], [ 532635.254000000073574, 6885796.451000238768756 ], [ 533728.749000000068918, 6884152.912000237964094 ], [ 532084.149000000208616, 6882835.227000237442553 ], [ 533395.410000000032596, 6881512.358000237494707 ], [ 532199.282, 6879964.70500023663044 ], [ 532722.885000000125729, 6878791.332000236026943 ], [ 533479.04300000006333, 6879055.404000238515437 ], [ 534175.036000000080094, 6877445.242000234313309 ], [ 536645.735000000335276, 6875330.708000235259533 ], [ 540189.460000000079162, 6874650.077000236138701 ], [ 541582.970000000204891, 6873070.75600023381412 ], [ 544569.488000000361353, 6876069.459000236354768 ], [ 545654.414000000455417, 6875206.721000234596431 ], [ 546402.167000000365078, 6876157.573000236414373 ], [ 545054.922000000369735, 6878834.651000236161053 ], [ 546806.917000000481494, 6878885.442000235430896 ], [ 546726.572000000509433, 6880293.490000236779451 ], [ 549009.392000000691041, 6879708.091000236570835 ], [ 549385.665000000735745, 6881071.772000236436725 ], [ 548420.613000000477768, 6883700.346000237390399 ], [ 549443.011000000755303, 6884360.739000237546861 ], [ 552203.519000000669621, 6881424.943000233732164 ], [ 552154.342000000760891, 6884170.22700023651123 ], [ 550855.522000000695698, 6885778.775000238791108 ], [ 551281.044000000809319, 6886298.867000238038599 ], [ 552973.862000000895932, 6885447.924000236205757 ], [ 553725.610000001150183, 6886489.964000238105655 ], [ 554728.644000000902452, 6885749.914000237360597 ], [ 554377.201000000932254, 6887208.25400023907423 ], [ 556354.164000001037493, 6887621.067000239156187 ], [ 553483.156000000890344, 6893580.75300023984164 ], [ 554258.970000000903383, 6895187.031000242568552 ], [ 553653.88900000101421, 6895827.222000240348279 ], [ 554475.728000001050532, 6896579.078000239096582 ], [ 553425.966000000946224, 6897475.152000241912901 ], [ 556805.28500000119675, 6897921.49500023946166 ], [ 554513.79200000106357, 6900833.998000241816044 ], [ 555068.568000001017936, 6901763.498000242747366 ], [ 555737.296000001137145, 6900573.013000241480768 ], [ 556772.753000001306646, 6900777.512000241316855 ], [ 557616.836000001407228, 6899889.70300024189055 ], [ 558458.793000001227483, 6899806.343000243417919 ], [ 558450.388000001432374, 6900732.767000240273774 ], [ 559313.846000001416542, 6899726.781000242568552 ], [ 561402.990000001736917, 6900174.115000239573419 ], [ 563758.347000002046116, 6898243.01200023945421 ], [ 565361.992000002297573, 6899207.83200023882091 ], [ 565726.236000002361834, 6900342.176000237464905 ], [ 567815.591000002808869, 6900724.033000238239765 ], [ 568587.990000003017485, 6899506.130000235512853 ], [ 578274.2610000052955, 6897539.476000220514834 ], [ 579310.08600000559818, 6895708.428000220097601 ], [ 580189.111000005737878, 6896275.52900021802634 ], [ 580868.755000005941838, 6895759.960000216029584 ], [ 581374.259000006131828, 6894141.672000213526189 ], [ 582588.030000006547198, 6893618.326000208966434 ], [ 584253.633000007132068, 6890939.409000203944743 ], [ 584040.289000006858259, 6892824.633000205270946 ], [ 585012.721000007237308, 6892678.663000200875103 ] ] ] ] } },
{ "type": "Feature", "properties": { "id": 17, "gml_id": 28061408, "natcode": "02", "namefin": "Varsinais-Suomi", "nameswe": "Egentliga Finland" }, "geometry": { "type": "MultiPolygon", "coordinates": [ [ [ [ 178985.103183050989173, 6721226.617850730195642 ], [ 179054.524185325368308, 6726682.219839147292078 ], [ 175482.858210729900748, 6737239.364701955579221 ], [ 171234.45124264084734, 6745918.459531648084521 ], [ 158291.350346635910682, 6748278.864987377077341 ], [ 140852.987571380857844, 6767208.245871307328343 ], [ 144381.636525917856488, 6769674.180094326846302 ], [ 164982.27932617161423, 6793620.870103914290667 ], [ 193847.46814166312106, 6787633.758092464879155 ], [ 195400.95813431206625, 6785026.313133765012026 ], [ 198821.075120133697055, 6781791.057214451953769 ], [ 199100.38811812736094, 6778656.149225626140833 ], [ 201646.886108648672234, 6776383.045280302874744 ], [ 201697.544108169327956, 6775310.986282967962325 ], [ 206435.889093622099608, 6776003.886368515901268 ], [ 208415.439087905280758, 6775582.759402456693351 ], [ 207975.208089751540683, 6778177.042391727678478 ], [ 209784.748085321392864, 6780488.865418399684131 ], [ 211671.977079007774591, 6774130.13145571667701 ], [ 213233.294075312558562, 6774810.806478158570826 ], [ 215425.51107010722626, 6774335.589509851299226 ], [ 217247.151066328398883, 6775621.35053317155689 ], [ 216672.581067848252133, 6777106.398523953743279 ], [ 217953.195065217907541, 6777847.971540211699903 ], [ 220620.120059738226701, 6777643.014574171043932 ], [ 219404.678061917598825, 6776165.462560493499041 ], [ 221420.72105773590738, 6774809.711586446501315 ], [ 223143.301054045616183, 6771506.928609368391335 ], [ 224395.722051904653199, 6771976.605622946284711 ], [ 225561.264049753313884, 6770766.96363652125001 ], [ 226929.747047512151767, 6770748.484650836326182 ], [ 226279.671048119314946, 6767397.541646704077721 ], [ 228833.851043651869986, 6763402.796675166115165 ], [ 228110.67204458580818, 6762167.035669039934874 ], [ 235893.980034065432847, 6761936.978738012723625 ], [ 237353.478032026963774, 6758228.768751432187855 ], [ 239108.513030325353611, 6760946.921763059683144 ], [ 240420.954028876527445, 6760189.152772839181125 ], [ 239132.528030333021889, 6761341.811763031408191 ], [ 242104.380027453124058, 6763708.03378274384886 ], [ 243395.267026217392413, 6763918.680791228078306 ], [ 245986.112023759778822, 6762519.343808152712882 ], [ 248896.201021433313144, 6764077.796824513934553 ], [ 253619.902017989719752, 6764925.652849063277245 ], [ 253288.330018245644169, 6765457.192847246304154 ], [ 253750.171017902059248, 6764949.583849693648517 ], [ 257436.007015571201919, 6765638.90186664275825 ], [ 260943.870013512554578, 6764023.988881790079176 ], [ 259550.701014353049686, 6765939.684875623323023 ], [ 259980.124014129047282, 6766314.899877294898033 ], [ 259054.160014693246922, 6767314.07587316352874 ], [ 260205.105014019121882, 6766664.70187812205404 ], [ 260345.137013951403787, 6766888.471878633834422 ], [ 258983.076014736579964, 6767376.25887284334749 ], [ 258504.748015038552694, 6767936.423870644532144 ], [ 257988.576015355589334, 6768207.415868328884244 ], [ 259458.694014439446619, 6766761.385875014588237 ], [ 259307.93601449514972, 6766063.502874574624002 ], [ 257779.8210154910048, 6768440.942867345176637 ], [ 260942.911013742268551, 6769767.251880294643342 ], [ 267926.190010343794711, 6768451.661905943416059 ], [ 270377.589009355462622, 6768605.489913608878851 ], [ 272558.460008582333103, 6770135.184919722378254 ], [ 273760.975008137756959, 6769282.365923216566443 ], [ 274550.846007949556224, 6772578.650924804620445 ], [ 273551.44500834151404, 6774521.152921749278903 ], [ 274526.321008008555509, 6774665.244924393482506 ], [ 275333.035007785656489, 6776639.632926223799586 ], [ 274390.900008155906107, 6778778.427923340350389 ], [ 274959.607008022372611, 6781270.39892447181046 ], [ 277125.650007276795805, 6779584.803930379450321 ], [ 277802.786006998328958, 6776356.339932543225586 ], [ 280280.578006270807236, 6775704.286938451230526 ], [ 280586.879006166011095, 6774590.815939286723733 ], [ 282041.811005782801658, 6774588.371942452155054 ], [ 284781.103005072567612, 6771831.92894833534956 ], [ 286947.939004609477706, 6772659.638952292501926 ], [ 291954.114003649563529, 6772407.675960632041097 ], [ 292700.967003488680348, 6769465.530962002463639 ], [ 294311.009003223967738, 6768899.465964362025261 ], [ 297313.565002744377125, 6764512.085968649946153 ], [ 299342.653002472128719, 6763417.688971165567636 ], [ 298970.779002482886426, 6759335.115970992483199 ], [ 296908.444002753531095, 6759624.338968479074538 ], [ 297451.456002649385482, 6756204.327969381585717 ], [ 291432.640003554872237, 6756923.149961164221168 ], [ 290311.612003736547194, 6755994.396959532983601 ], [ 290386.608003660861868, 6750853.005960097536445 ], [ 295059.644002909888513, 6749230.719966847449541 ], [ 293354.429003153461963, 6748524.561964609660208 ], [ 290626.557003535679542, 6743768.628961066715419 ], [ 296901.866002542432398, 6736363.868970026262105 ], [ 297095.789002532837912, 6738029.937970146536827 ], [ 300011.493002178263851, 6736954.311973500996828 ], [ 306157.023001596564427, 6739987.47397927660495 ], [ 308607.988001396879554, 6739889.216981309466064 ], [ 309356.333001337596215, 6739351.567981912754476 ], [ 309159.559001342742704, 6737515.968981835059822 ], [ 310693.381001227302477, 6736424.061983022838831 ], [ 311144.787001189193688, 6734830.62398340832442 ], [ 318787.478000748320483, 6732082.176988209597766 ], [ 318244.135000769165345, 6730715.346987953409553 ], [ 318783.129000739136245, 6729183.270988279953599 ], [ 320440.783000668103341, 6729830.607989111915231 ], [ 322154.105000594630837, 6728390.795989961363375 ], [ 324827.716000499553047, 6728977.77399112097919 ], [ 330561.662000330863521, 6727772.869993259198964 ], [ 328533.194000376970507, 6724398.217992620542645 ], [ 331428.894000301253982, 6722861.158993607386947 ], [ 329370.406000341987237, 6717651.274993013590574 ], [ 327002.247000405797735, 6717531.524992178194225 ], [ 328002.562000373727642, 6715511.560992574319243 ], [ 327251.398000392713584, 6714638.872992316260934 ], [ 328038.885000365204178, 6711802.036992645822465 ], [ 326277.398000411456451, 6710299.978992030024529 ], [ 320774.234000598371495, 6710467.029989712871611 ], [ 318062.995000697730575, 6706087.887988482601941 ], [ 323117.104000500927214, 6705869.090990852564573 ], [ 323673.867000476690009, 6703557.928991128690541 ], [ 323127.585000483551994, 6698912.219990990124643 ], [ 321842.382000527752098, 6699055.424990436993539 ], [ 320907.257000557496212, 6697465.155990057624876 ], [ 319314.378000617434736, 6696972.812989320605993 ], [ 319813.052000587980729, 6693508.173989636823535 ], [ 319231.63200060086092, 6690169.648989434354007 ], [ 317054.174000686616637, 6688711.468988390639424 ], [ 316232.960000726801809, 6689799.415987933054566 ], [ 313660.967000843491405, 6687653.892986550927162 ], [ 313407.291000847588293, 6685196.410986474715173 ], [ 312741.828000887006056, 6686428.565986040048301 ], [ 312636.046000888221897, 6685266.043986010365188 ], [ 311594.767000948253553, 6686042.341985343024135 ], [ 311140.413000970613211, 6685137.3959850827232 ], [ 314298.047000792925246, 6682451.862987065687776 ], [ 313540.284000827930868, 6681791.095986646600068 ], [ 314278.738000779994763, 6678574.399987160228193 ], [ 311980.974000893358607, 6677569.527985842898488 ], [ 309001.264001071220264, 6678917.711983871646225 ], [ 304203.939001387509052, 6675869.043980413116515 ], [ 299125.388001821236685, 6675523.719975926913321 ], [ 298119.96200190653326, 6673665.521975034847856 ], [ 295628.371002188418061, 6676265.919972286559641 ], [ 296303.672002128325403, 6678078.161972913891077 ], [ 294855.188002290611621, 6678032.361971321515739 ], [ 293526.06400243495591, 6676460.99996988940984 ], [ 293413.231002430198714, 6674347.892969891428947 ], [ 289708.38300289446488, 6672149.323965415358543 ], [ 288747.559003035305068, 6672438.198964099399745 ], [ 288770.21800301852636, 6671180.924964225850999 ], [ 285913.262003432144411, 6668838.273960334248841 ], [ 281645.756004175869748, 6668057.071953578852117 ], [ 281519.049004208762199, 6668690.271953301504254 ], [ 280713.644004353962373, 6667824.97695198468864 ], [ 278790.122004781034775, 6669802.942948272451758 ], [ 276921.236005180689972, 6668826.83894476480782 ], [ 275228.754005535389297, 6666180.053941631689668 ], [ 276350.25600521301385, 6662951.308944314718246 ], [ 274387.242005598265678, 6658255.018940851092339 ], [ 268643.953007165924646, 6658136.551927619613707 ], [ 268704.93300723558059, 6662033.088927173987031 ], [ 266091.484008064027876, 6661666.309920352883637 ], [ 265203.537008301122114, 6659118.663918334059417 ], [ 265120.511008209083229, 6654410.383918909355998 ], [ 266642.639007630117703, 6651300.583923541009426 ], [ 265381.86900781863369, 6642262.094921662472188 ], [ 255142.398010932229226, 6616097.708895474672318 ], [ 253747.295011542242719, 6615849.390890650451183 ], [ 239602.422019181831274, 6606209.814832165837288 ], [ 189112.042100718070287, 6605873.247304151766002 ], [ 170740.177172692317981, 6610069.480886899866164 ], [ 177959.659151897532865, 6638840.243010582402349 ], [ 183780.112133075541351, 6652180.832121018320322 ], [ 177862.179160379746463, 6658560.501966054551303 ], [ 174673.608176249603275, 6660186.494877095334232 ], [ 173499.649184183916077, 6664445.475833665579557 ], [ 172798.744192876270972, 6674623.730787497013807 ], [ 168214.520222206658218, 6680237.596627864986658 ], [ 170464.773213125299662, 6688053.017679026350379 ], [ 172356.227202509762719, 6688592.105737252160907 ], [ 176694.385191471723374, 6713658.531802854500711 ], [ 178985.103183050989173, 6721226.617850730195642 ] ] ] ] } },
{ "type": "Feature", "properties": { "id": 18, "gml_id": 28061527, "natcode": "21", "namefin": "Ahvenanmaa", "nameswe": "Åland" }, "geometry": { "type": "MultiPolygon", "coordinates": [ [ [ [ 120025.641915946907829, 6752653.4432319002226 ], [ 140852.987571380857844, 6767208.245871307328343 ], [ 158291.350346635910682, 6748278.864987377077341 ], [ 171234.45124264084734, 6745918.459531648084521 ], [ 175482.858210729900748, 6737239.364701955579221 ], [ 179054.524185325368308, 6726682.219839147292078 ], [ 178985.103183050989173, 6721226.617850730195642 ], [ 176694.385191471723374, 6713658.531802854500711 ], [ 172356.227202509762719, 6688592.105737252160907 ], [ 170464.773213125299662, 6688053.017679026350379 ], [ 168214.520222206658218, 6680237.596627864986658 ], [ 172798.744192876270972, 6674623.730787497013807 ], [ 173499.649184183916077, 6664445.475833665579557 ], [ 174673.608176249603275, 6660186.494877095334232 ], [ 177862.179160379746463, 6658560.501966054551303 ], [ 183780.112133075541351, 6652180.832121018320322 ], [ 177959.659151897532865, 6638840.243010582402349 ], [ 170740.177172692317981, 6610069.480886899866164 ], [ 147436.263327603403013, 6615917.154048477299511 ], [ 124867.141567037557252, 6609556.970829566940665 ], [ 122423.212601629784331, 6609643.70465911924839 ], [ 120319.894634469528683, 6610714.109498776495457 ], [ 104919.810947283403948, 6626745.874015919864178 ], [ 101937.062015990435611, 6627506.265696788206697 ], [ 61685.543900203832891, 6699096.920602885074914 ], [ 68417.102651293738745, 6718889.887657151557505 ], [ 74775.600475918967277, 6744728.526416112668812 ], [ 96047.795584284060169, 6751014.576228762976825 ], [ 120025.641915946907829, 6752653.4432319002226 ] ] ] ] } },
{ "type": "Feature", "properties": { "id": 19, "gml_id": 28061506, "natcode": "17", "namefin": "Pohjois-Pohjanmaa", "nameswe": "Norra Österbotten" }, "geometry": { "type": "MultiPolygon", "coordinates": [ [ [ [ 424539.133999996352941, 7045824.724000262096524 ], [ 413282.132999994559214, 7054997.821000217460096 ], [ 407657.21699999406701, 7050922.609000174328685 ], [ 405552.574999993783422, 7041640.527000151574612 ], [ 404408.485999993572477, 7039073.207000140100718 ], [ 402107.618999993777834, 7038128.975000110454857 ], [ 391822.979999999981374, 7052793.190999889746308 ], [ 382135.540000018896535, 7060132.247999485582113 ], [ 379448.130000028584618, 7064635.838999315164983 ], [ 373373.218000063498039, 7081763.975998789072037 ], [ 366522.02200012083631, 7084521.519997982308269 ], [ 364807.017000140855089, 7086218.88499772362411 ], [ 363590.023000160057563, 7092515.934997491538525 ], [ 361789.550000185146928, 7093196.536997175775468 ], [ 360553.336000206472818, 7095855.79399692453444 ], [ 359765.745000218506902, 7095384.066996774636209 ], [ 360532.37000020686537, 7095901.056996920146048 ], [ 358172.708000252372585, 7100943.511996390298009 ], [ 358781.56600024108775, 7101014.892996520735323 ], [ 358152.18200025317492, 7101509.764996378682554 ], [ 357922.837000264727976, 7108191.109996264800429 ], [ 352365.436000396963209, 7111141.975994772277772 ], [ 351822.166000408877153, 7109127.616994633339345 ], [ 349513.421000475995243, 7108116.751993905752897 ], [ 350327.223000449535903, 7107487.771994183771312 ], [ 349324.436000481131487, 7107651.576993842609227 ], [ 350033.73800045333337, 7104470.793994131498039 ], [ 347177.587000543309841, 7102426.283993160352111 ], [ 350445.907000429229811, 7097384.950994367711246 ], [ 350088.247000438859686, 7096884.496994261629879 ], [ 349457.172000459395349, 7097729.999994039535522 ], [ 348747.168000479810871, 7096776.961993815377355 ], [ 347245.603000531787984, 7097841.198993261903524 ], [ 345493.164000594988465, 7097481.225992596708238 ], [ 342455.490000729390886, 7100658.218991228379309 ], [ 340968.614000798552297, 7100252.630990530364215 ], [ 340750.47600080340635, 7098151.826990469358861 ], [ 339837.410000853706151, 7099518.145989974960685 ], [ 339081.286000891181175, 7098673.057989601045847 ], [ 335973.546001099050045, 7105699.699987614527345 ], [ 329149.773001667461358, 7113662.295982372015715 ], [ 294973.467009399784729, 7123760.035921019501984 ], [ 304107.33100625697989, 7127760.85194474644959 ], [ 306498.687005869927816, 7143877.204947927966714 ], [ 309149.069005274563096, 7150454.363952645100653 ], [ 312430.311004552640952, 7154652.289958401583135 ], [ 316501.421003753319383, 7157878.113964878953993 ], [ 348971.787000629352406, 7174943.524992549791932 ], [ 362935.020000286924187, 7220553.329996316693723 ], [ 367320.322000226937234, 7244045.427997046150267 ], [ 388320.763000036706217, 7252065.845999478362501 ], [ 413798.405999999202322, 7277414.899000206030905 ], [ 416709.710999998613261, 7282704.962000233121216 ], [ 422247.893999998224899, 7285846.901000269688666 ], [ 426229.735999998112675, 7291994.74800028745085 ], [ 444538.767999999341555, 7291543.363000316545367 ], [ 461616.218999999808148, 7300363.885000319220126 ], [ 461385.91699999984121, 7289578.810000321827829 ], [ 471025.546999999904074, 7288118.193000322207808 ], [ 484387.522999999986496, 7287656.105000320822001 ], [ 484995.635999999940395, 7286582.189000319689512 ], [ 485123.193000000028405, 7287582.639000319875777 ], [ 491950.939000000129454, 7286610.701000320725143 ], [ 499142.254000000015367, 7289689.139000322669744 ], [ 499235.538, 7287920.681000319309533 ], [ 501042.169999999925494, 7288021.036000319756567 ], [ 500253.450000000128057, 7290165.373000319115818 ], [ 501636.379000000015367, 7290752.891000320203602 ], [ 503301.393000000156462, 7289791.985000319778919 ], [ 507166.608999999938533, 7295450.605000319890678 ], [ 507479.963000000163447, 7294891.141000321134925 ], [ 508212.010999999940395, 7295299.66100032068789 ], [ 507436.657, 7295872.402000320143998 ], [ 511181.792000000132248, 7301706.683000323362648 ], [ 510762.41800000006333, 7302235.931000319309533 ], [ 511503.250999999931082, 7302366.514000320807099 ], [ 511294.052999999956228, 7301879.637000321410596 ], [ 515125.227999999944586, 7307843.418000319972634 ], [ 515799.147999999986496, 7307772.49800032004714 ], [ 515225.489000000117812, 7308000.805000321939588 ], [ 518504.474000000045635, 7313091.031000322662294 ], [ 520349.011000000173226, 7312011.91200031992048 ], [ 522617.132999999972526, 7312376.021000322885811 ], [ 523951.184000000183005, 7311273.286000322550535 ], [ 525845.756999999983236, 7311895.594000320881605 ], [ 527138.054000000120141, 7314986.615000320598483 ], [ 529768.179000000120141, 7315646.993000321090221 ], [ 531660.84900000016205, 7309046.605000320822001 ], [ 535048.175000000046566, 7302408.077000320889056 ], [ 535884.59900000016205, 7302094.746000322513282 ], [ 535060.56900000013411, 7302026.853000321425498 ], [ 534776.43100000009872, 7300873.37400031927973 ], [ 552273.747000000556, 7299756.158000318333507 ], [ 555960.828000000910833, 7298229.095000316388905 ], [ 566988.61900000134483, 7303463.9830003073439 ], [ 569086.721000001532957, 7303600.875000299885869 ], [ 568767.928000001469627, 7308451.269000303000212 ], [ 565167.663000001339242, 7314687.818000309169292 ], [ 562371.144000001135282, 7316158.0580003131181 ], [ 562374.076000001165085, 7317389.286000312305987 ], [ 563274.7100000011269, 7317108.761000311002135 ], [ 563515.851000001188368, 7318399.234000312164426 ], [ 563104.105000001145527, 7320196.602000311948359 ], [ 562203.232000001124106, 7320717.462000312283635 ], [ 565133.329000001423992, 7321503.265000310726464 ], [ 564101.736000001314096, 7320613.165000308305025 ], [ 564099.99000000115484, 7319104.589000311680138 ], [ 567313.995000001392327, 7319556.826000304892659 ], [ 567302.553000001353212, 7321138.093000304885209 ], [ 570054.960000001476146, 7321158.72700029797852 ], [ 570051.364000001456589, 7321770.669000297784805 ], [ 572533.614000001456589, 7320747.032000289298594 ], [ 572544.28900000161957, 7319425.845000288449228 ], [ 575008.83000000147149, 7319436.64500027988106 ], [ 575775.64500000141561, 7320888.409000276587903 ], [ 579288.810000001336448, 7321216.015000256709754 ], [ 578511.779000001144595, 7325157.479000261984766 ], [ 579928.397000001277775, 7325866.071000251919031 ], [ 579010.93400000128895, 7326741.97000025678426 ], [ 577858.194000001298264, 7325797.7630002675578 ], [ 576820.432000001543202, 7327831.078000270761549 ], [ 573532.92300000146497, 7328766.401000287383795 ], [ 574439.627000001491979, 7330457.993000282905996 ], [ 573539.548000001348555, 7330944.378000288270414 ], [ 572435.541000001481734, 7335122.877000290900469 ], [ 576184.002000001259148, 7335152.039000275544822 ], [ 577450.110000001150183, 7336119.469000266864896 ], [ 577448.010000001406297, 7338846.217000264674425 ], [ 579673.784000000800006, 7341606.080000250600278 ], [ 578139.801000000908971, 7343814.066000264137983 ], [ 578752.491000001085922, 7344989.542000258341432 ], [ 578098.884000001125969, 7345623.84200026281178 ], [ 579343.311000000801869, 7346711.660000252537429 ], [ 578214.194000001065433, 7348484.636000260710716 ], [ 578610.673000000882894, 7349374.686000259593129 ], [ 575887.321000001160428, 7350193.448000274598598 ], [ 574700.121000001206994, 7348468.029000280424953 ], [ 573861.402000001166016, 7348941.896000284701586 ], [ 573597.504000001237728, 7350603.190000286325812 ], [ 571535.29800000146497, 7350680.020000291056931 ], [ 568892.524000001139939, 7357831.515000300481915 ], [ 569540.433000001357868, 7359062.80300029926002 ], [ 569229.34100000129547, 7363445.999000299721956 ], [ 570390.764000001247041, 7363396.727000295184553 ], [ 570819.436000001151115, 7365532.207000294700265 ], [ 571415.10200000111945, 7365434.809000293724239 ], [ 570870.82000000111293, 7366761.076000295579433 ], [ 574331.063000000896864, 7366929.42300028167665 ], [ 575470.260000001057051, 7375090.258000274188817 ], [ 600847.894999979063869, 7367226.2359998235479 ], [ 600714.573999978834763, 7369981.51499982457608 ], [ 614766.057999912183732, 7370520.71199890319258 ], [ 621493.799999854993075, 7353124.799998180009425 ], [ 621075.599999860278331, 7352445.799998244270682 ], [ 631979.399999693036079, 7337161.899996333755553 ], [ 635664.699999616364948, 7325640.499995496124029 ], [ 636100.099999611265957, 7320803.199995434843004 ], [ 637395.399999576155096, 7319511.299995064735413 ], [ 639794.499999513849616, 7311620.599994407966733 ], [ 644242.099999400088564, 7286581.49999319575727 ], [ 638519.399999588844366, 7289404.199995134025812 ], [ 625258.19999985198956, 7282170.399998046457767 ], [ 626869.99999983375892, 7279145.89999782294035 ], [ 632179.799999754410237, 7273925.599996896460652 ], [ 627450.599999834550545, 7266675.499997810460627 ], [ 625513.141999858664349, 7266241.750998101197183 ], [ 617831.861999927205034, 7267193.628998980857432 ], [ 615939.308999939355999, 7265146.135999149642885 ], [ 607266.304999975371175, 7268481.637999684549868 ], [ 602326.882999986759387, 7268036.090999885462224 ], [ 602702.723999986425042, 7265264.082999874837697 ], [ 601448.661999989068136, 7262918.601999919861555 ], [ 601229.298999989405274, 7263573.913999924436212 ], [ 599706.646999991731718, 7261829.62399997189641 ], [ 600366.426999990944751, 7261911.972999950870872 ], [ 600888.537999989814125, 7261369.121999936178327 ], [ 599587.557999991811812, 7261693.52799997292459 ], [ 598353.905999993556179, 7260272.729000007733703 ], [ 599432.079999992158264, 7260238.059999979101121 ], [ 594831.590999997104518, 7258751.668000087141991 ], [ 590659.528999999631196, 7259723.006000158376992 ], [ 583991.22000000171829, 7256490.235000231303275 ], [ 583134.771000001812354, 7257341.581000240519643 ], [ 582425.87500000197906, 7256505.406000243499875 ], [ 583624.7650000017602, 7256312.579000233672559 ], [ 576524.028000002144836, 7252846.658000276423991 ], [ 577047.433000002172776, 7250918.420000273734331 ], [ 575789.405000002356246, 7248864.65500028245151 ], [ 574765.204000002238899, 7244229.287000280804932 ], [ 575034.50800000235904, 7241361.841000282205641 ], [ 569393.945000002044253, 7240147.170000297948718 ], [ 570275.434000001871027, 7239064.130000295117497 ], [ 569207.340000001713634, 7240114.890000299550593 ], [ 548317.300000000628643, 7235438.073000313714147 ], [ 544361.352000000188127, 7231696.688000314868987 ], [ 544332.793000000296161, 7227695.865000314079225 ], [ 542034.916000000201166, 7218936.990000313147902 ], [ 537001.920000000158325, 7220439.409000311978161 ], [ 537406.109000000404194, 7221720.112000313587487 ], [ 536588.049000000115484, 7220563.082000313326716 ], [ 531310.617000000085682, 7222140.255000312812626 ], [ 526884.540000000037253, 7219101.894000315107405 ], [ 521287.781999999948312, 7218248.378000312484801 ], [ 515503.493000000074971, 7218598.93200031388551 ], [ 512366.127999999967869, 7211527.24000031221658 ], [ 518232.600000000034925, 7203925.604000310413539 ], [ 518608.891999999934342, 7202438.77800031285733 ], [ 517810.757000000041444, 7201975.205000310204923 ], [ 518887.992000000143889, 7201332.920000310987234 ], [ 519129.651000000070781, 7200375.786000312305987 ], [ 518803.228, 7200427.996000312268734 ], [ 518603.072999999916647, 7200383.412000310607255 ], [ 518350.701, 7200247.068000310100615 ], [ 519170.121000000042841, 7199964.920000310987234 ], [ 517508.632999999914318, 7196275.355000310577452 ], [ 519089.563000000198372, 7192383.119000311009586 ], [ 518648.895000000076834, 7191427.505000309087336 ], [ 517118.805, 7191004.397000310011208 ], [ 517799.929, 7189652.095000308007002 ], [ 516820.110999999917112, 7187536.774000308476388 ], [ 507026.470000000030268, 7190106.110000310465693 ], [ 505623.994, 7187816.915000309236348 ], [ 507887.500000000058208, 7185323.474000308662653 ], [ 507109.804, 7185398.098000309430063 ], [ 509432.741000000038184, 7183617.795000309124589 ], [ 513319.449000000022352, 7176968.091000307351351 ], [ 510731.465000000083819, 7176500.475000306963921 ], [ 510952.599999999976717, 7174917.809000307694077 ], [ 511712.665000000095461, 7176306.56700030900538 ], [ 512374.442000000155531, 7175910.54900030978024 ], [ 511308.554999999934807, 7174984.742000307887793 ], [ 512747.200000000011642, 7170702.686000309884548 ], [ 512412.235000000044238, 7166670.123000306077302 ], [ 517567.034999999974389, 7164444.986000304110348 ], [ 516732.191000000049826, 7163577.434000306762755 ], [ 518617.409999999974389, 7162081.620000306516886 ], [ 518132.404999999969732, 7161356.85700030438602 ], [ 519019.143999999971129, 7160802.920000304467976 ], [ 516682.058000000019092, 7158345.653000303544104 ], [ 514247.804, 7152972.912000303156674 ], [ 511922.995999999926426, 7151030.324000302702188 ], [ 510995.157, 7151443.407000303268433 ], [ 511141.632999999972526, 7150625.985000303946435 ], [ 509880.061999999918044, 7149855.804000302217901 ], [ 508904.711000000184868, 7147829.831000303849578 ], [ 508665.757999999914318, 7146167.429000303149223 ], [ 510938.137999999918975, 7143855.856000303290784 ], [ 512243.82100000011269, 7140597.139000304974616 ], [ 509265.866999999969266, 7136019.588000300340354 ], [ 509082.060999999986961, 7131608.553000300191343 ], [ 502052.410000000032596, 7128720.126000300049782 ], [ 498262.020000000076834, 7129968.158000300638378 ], [ 497180.609000000171363, 7133462.036000302061439 ], [ 496215.343999999982771, 7132865.006000300869346 ], [ 496423.331000000063796, 7131771.428000301122665 ], [ 494865.438000000081956, 7131783.287000299431384 ], [ 494599.232999999949243, 7130621.624000299721956 ], [ 490994.220000000030268, 7131145.336000301875174 ], [ 487816.577999999921303, 7128077.876000300049782 ], [ 488732.510000000067521, 7126901.274000300094485 ], [ 489129.119999999937136, 7110807.551000296138227 ], [ 488582.814000000187661, 7110316.42700029630214 ], [ 489133.02700000006007, 7110577.958000296726823 ], [ 489315.435999999986961, 7103395.36900029424578 ], [ 493669.471000000252388, 7101140.705000293441117 ], [ 480320.507999999972526, 7094791.551000292412937 ], [ 477770.86099999997532, 7092445.144000292755663 ], [ 477428.320999999938067, 7093249.203000292181969 ], [ 476313.120000000053551, 7092992.43000029399991 ], [ 476771.702, 7091522.345000294037163 ], [ 469237.026999999885447, 7084830.775000291876495 ], [ 467546.346000000019558, 7084470.636000288650393 ], [ 468071.092999999877065, 7083870.106000292114913 ], [ 461527.866999999911059, 7078487.965000289492309 ], [ 462709.448999999905936, 7075683.706000288948417 ], [ 463790.05299999989802, 7064358.732000286690891 ], [ 463036.768999999796506, 7064302.960000285878778 ], [ 463830.205999999889173, 7063901.906000289134681 ], [ 464854.405999999959022, 7051516.751000284217298 ], [ 460032.115999999805354, 7049273.187000283971429 ], [ 459644.212999999814201, 7041765.529000284150243 ], [ 457055.197999999625608, 7036862.779000280424953 ], [ 449842.27099999942584, 7033796.643000282347202 ], [ 444765.299999999289867, 7035052.776000279001892 ], [ 440697.492999998736195, 7041240.938000279478729 ], [ 439004.418999998539221, 7042516.975000278092921 ], [ 435231.600999998045154, 7044182.940000275149941 ], [ 427435.426999996881932, 7044777.46500026807189 ], [ 424539.133999996352941, 7045824.724000262096524 ] ] ] ] } }
]
}
