{
"type": "FeatureCollection",
"name": "kunnat_2km",
"crs": { "type": "name", "properties": { "name": "urn:ogc:def:crs:EPSG::3067" } },
"features": [
{ "type": "Feature", "properties": { "id": 1, "gml_id": 28026789, "natcode": "630", "namefin": "Pyhäntä", "nameswe": "Pyhäntä", "landarea": 810.18, "freshwarea": 36.57, "seawarea": null, "totalarea": 846.75 }, "geometry": { "type": "MultiPolygon", "coordinates": [ [ [ [ 455744.860999999684282, 7105111.778000296093524 ], [ 458741.668999999703374, 7103840.884000294841826 ], [ 457932.695999999821652, 7103440.687000296078622 ], [ 455744.860999999684282, 7105111.778000296093524 ] ] ], [ [ [ 460317.509000000020023, 7096721.518000292591751 ], [ 462361.70499999995809, 7107191.137000296264887 ], [ 458151.604999999690335, 7112800.336000298149884 ], [ 467283.981999999901745, 7116091.818000298924744 ], [ 467072.305999999982305, 7119547.363000299781561 ], [ 469746.523999999975786, 7118503.709000296890736 ], [ 470766.991000000038184, 7122659.59200029913336 ], [ 475393.828999999968801, 7124287.685000298544765 ], [ 481887.085000000020955, 7120579.803000298328698 ], [ 488879.423, 7121106.639000300318003 ], [ 489315.435999999986961, 7103395.36900029424578 ], [ 493669.471000000252388, 7101140.705000293441117 ], [ 476313.120000000053551, 7092992.43000029399991 ], [ 462785.502000000094995, 7079521.042000290006399 ], [ 463238.399000000033993, 7091462.177000291645527 ], [ 460317.509000000020023, 7096721.518000292591751 ] ] ] ] } },
{ "type": "Feature", "properties": { "id": 2, "gml_id": 28025702, "natcode": "309", "namefin": "Outokumpu", "nameswe": "Outokumpu", "landarea": 446.25, "freshwarea": 137.81, "seawarea": null, "totalarea": 584.06 }, "geometry": { "type": "MultiPolygon", "coordinates": [ [ [ [ 614469.029000002308749, 6964953.623999755829573 ], [ 616554.231000001425855, 6952200.820999691262841 ], [ 609429.38500000780914, 6954101.786999915726483 ], [ 601449.984000009833835, 6947163.254000071436167 ], [ 604896.158000009716488, 6942945.931000019423664 ], [ 601248.667000010143965, 6939283.885000075213611 ], [ 584812.79600000649225, 6948464.778000214137137 ], [ 587148.600000006961636, 6952676.30300020519644 ], [ 583417.623000006307848, 6958121.11500022187829 ], [ 591179.25800000783056, 6968338.910000181756914 ], [ 598490.720000009052455, 6961765.921000110916793 ], [ 607349.631000007502735, 6970465.360999956727028 ], [ 614469.029000002308749, 6964953.623999755829573 ] ] ] ] } },
{ "type": "Feature", "properties": { "id": 3, "gml_id": 28020116, "natcode": "684", "namefin": "Rauma", "nameswe": "Raumo", "landarea": 496.31, "freshwarea": 13.89, "seawarea": 599.92, "totalarea": 1110.12 }, "geometry": { "type": "MultiPolygon", "coordinates": [ [ [ [ 211671.977079007774591, 6774130.13145571667701 ], [ 209784.748085321392864, 6780488.865418399684131 ], [ 208415.439087905280758, 6775582.759402456693351 ], [ 201697.544108169327956, 6775310.986282967962325 ], [ 193847.46814166312106, 6787633.758092464879155 ], [ 164982.27932617161423, 6793620.870103914290667 ], [ 168670.394308219489176, 6810232.108200413174927 ], [ 200326.544121443876065, 6802914.51620952039957 ], [ 212066.443081723933574, 6791271.895441030152142 ], [ 221967.166059410315938, 6791880.809577369131148 ], [ 233155.733039608690888, 6781881.202702701091766 ], [ 233925.761038104188628, 6777536.028712274506688 ], [ 228930.647044959827326, 6775309.803667555563152 ], [ 221420.72105773590738, 6774809.711586446501315 ], [ 217953.195065217907541, 6777847.971540211699903 ], [ 211671.977079007774591, 6774130.13145571667701 ] ] ] ] } },
{ "type": "Feature", "properties": { "id": 4, "gml_id": 28022745, "natcode": "005", "namefin": "Alajärvi", "nameswe": "Alajärvi", "landarea": 1008.8, "freshwarea": 48.03, "seawarea": null, "totalarea": 1056.83 }, "geometry": { "type": "MultiPolygon", "coordinates": [ [ [ [ 339734.354000516352244, 6962487.596992772072554 ], [ 320404.452001761877909, 6986053.072980544529855 ], [ 330808.702001012163237, 6995023.23298778757453 ], [ 330678.354001037427224, 6999788.213987571187317 ], [ 335410.105000788811594, 7002082.469990096986294 ], [ 335875.890000755316578, 6998150.952990416437387 ], [ 354233.290000222099479, 7003938.871996413916349 ], [ 354806.052000215044245, 7006517.327996511943638 ], [ 362040.891000116360374, 7002146.911997802555561 ], [ 364150.394000097294338, 7004163.58999807946384 ], [ 366694.959000075003132, 7001081.094998401589692 ], [ 362314.486000107368454, 6992188.165997894480824 ], [ 359139.141000141506083, 6992003.280997417867184 ], [ 360782.411000122083351, 6990767.35699768178165 ], [ 363308.969000098237302, 6992403.53099802788347 ], [ 363260.895000095712021, 6987161.459998048841953 ], [ 357374.742000162252225, 6990194.168997132219374 ], [ 352599.116000230249483, 6984860.201996232382953 ], [ 349569.289000290678814, 6986827.817995496094227 ], [ 346951.941000331193209, 6973669.695994951762259 ], [ 354507.804000184871256, 6970011.718996752984822 ], [ 351453.587000233354047, 6969143.693996126763523 ], [ 348294.974000283516943, 6960276.249995462596416 ], [ 348226.960000285180286, 6960422.393995443359017 ], [ 347907.976000292052049, 6960592.847995358519256 ], [ 347651.79600029764697, 6960662.070995293557644 ], [ 347535.913000300060958, 6960615.908995261415839 ], [ 347434.420000302256085, 6960664.258995234966278 ], [ 347390.683000303339213, 6960658.644995221868157 ], [ 346701.404000319424085, 6961200.60699503030628 ], [ 346030.362000337452628, 6962903.638994824141264 ], [ 339734.354000516352244, 6962487.596992772072554 ] ], [ [ 345618.492000403231941, 6998462.56399423442781 ], [ 345173.874000417767093, 6999833.024994074366987 ], [ 345930.7900003970135, 7000018.186994311399758 ], [ 345618.492000403231941, 6998462.56399423442781 ] ], [ [ 329705.526001014281064, 6977423.345987644977868 ], [ 330427.589000970125198, 6976888.132988084107637 ], [ 329755.711001008050516, 6976543.09698769915849 ], [ 329705.526001014281064, 6977423.345987644977868 ] ] ], [ [ [ 350201.857000246178359, 6960216.283995925448835 ], [ 349219.313000267953612, 6962761.730995665304363 ], [ 350749.549000238883309, 6962519.42299603112042 ], [ 350201.857000246178359, 6960216.283995925448835 ] ] ], [ [ [ 347644.474000297719613, 6960650.51699529029429 ], [ 347302.684000302979257, 6959056.436995219439268 ], [ 346754.623000316962134, 6960392.899995057843626 ], [ 347381.974000303365756, 6960654.323995222337544 ], [ 347532.070000299951062, 6960610.011995259672403 ], [ 347644.474000297719613, 6960650.51699529029429 ] ] ] ] } },
{ "type": "Feature", "properties": { "id": 5, "gml_id": 28027936, "natcode": "614", "namefin": "Posio", "nameswe": "Posio", "landarea": 3039.42, "freshwarea": 505.23, "seawarea": null, "totalarea": 3544.65 }, "geometry": { "type": "MultiPolygon", "coordinates": [ [ [ [ 538716.037000000127591, 7370145.63900032453239 ], [ 539785.796000000205822, 7369972.618000323884189 ], [ 539536.31900000013411, 7369574.379000321961939 ], [ 538716.037000000127591, 7370145.63900032453239 ] ] ], [ [ [ 569086.721000001532957, 7303600.875000299885869 ], [ 555960.828000000910833, 7298229.095000316388905 ], [ 534776.43100000009872, 7300873.37400031927973 ], [ 529768.179000000120141, 7315646.993000321090221 ], [ 523951.184000000183005, 7311273.286000322550535 ], [ 518845.212000000057742, 7312611.050000321120024 ], [ 522382.533, 7328227.434000325389206 ], [ 512311.554000000061933, 7335857.752000323496759 ], [ 511583.981000000028871, 7341846.137000324204564 ], [ 514687.481000000028871, 7346415.994000323116779 ], [ 511734.922000000195112, 7348523.660000320523977 ], [ 511192.146999999938998, 7356938.071000325493515 ], [ 518606.7620000000461, 7352192.601000322960317 ], [ 526623.087000000057742, 7364728.303000323474407 ], [ 535378.621000000159256, 7368308.191000323742628 ], [ 554638.625000000698492, 7367022.047000320628285 ], [ 562149.926000000908971, 7375474.39500031247735 ], [ 575470.260000001057051, 7375090.258000274188817 ], [ 568892.524000001139939, 7357831.515000300481915 ], [ 571535.29800000146497, 7350680.020000291056931 ], [ 578610.673000000882894, 7349374.686000259593129 ], [ 577450.110000001150183, 7336119.469000266864896 ], [ 572435.541000001481734, 7335122.877000290900469 ], [ 574439.627000001491979, 7330457.993000282905996 ], [ 573532.92300000146497, 7328766.401000287383795 ], [ 579928.397000001277775, 7325866.071000251919031 ], [ 579288.810000001336448, 7321216.015000256709754 ], [ 575008.83000000147149, 7319436.64500027988106 ], [ 562203.232000001124106, 7320717.462000312283635 ], [ 569086.721000001532957, 7303600.875000299885869 ] ], [ [ 573447.297000001533888, 7330503.20100028719753 ], [ 573284.907000001403503, 7330518.586000286974013 ], [ 573296.494000001461245, 7330553.398000286892056 ], [ 573447.297000001533888, 7330503.20100028719753 ] ] ] ] } },
{ "type": "Feature", "properties": { "id": 6, "gml_id": 28021185, "natcode": "635", "namefin": "Pälkäne", "nameswe": "Pälkäne", "landarea": 560.69, "freshwarea": 177.44, "seawarea": null, "totalarea": 738.13 }, "geometry": { "type": "MultiPolygon", "coordinates": [ [ [ [ 344003.072000170708634, 6798693.029996045865119 ], [ 344654.414000168791972, 6806062.139996119774878 ], [ 355899.839000054402277, 6810180.344997951760888 ], [ 355052.201000063272659, 6814610.487997823394835 ], [ 363858.73000001325272, 6811612.34899877756834 ], [ 373165.867999990237877, 6812859.171999397687614 ], [ 378918.741999984253198, 6814558.265999650582671 ], [ 378569.285999984946102, 6817835.493999633938074 ], [ 382158.679999982996378, 6816207.392999758943915 ], [ 381898.969999983208254, 6819488.900999748148024 ], [ 386004.132999982219189, 6817676.615999867208302 ], [ 388582.935999981826171, 6810889.309999925084412 ], [ 388408.585999981150962, 6800863.470999927259982 ], [ 384242.719999980472494, 6795249.108999830670655 ], [ 380450.434999980963767, 6794647.226999717764556 ], [ 378562.45199998258613, 6800257.090999647974968 ], [ 377133.014999982726295, 6795284.16199960000813 ], [ 370046.92699999245815, 6799056.214999247342348 ], [ 355220.851000048802234, 6791759.834997953847051 ], [ 344003.072000170708634, 6798693.029996045865119 ] ] ] ] } },
{ "type": "Feature", "properties": { "id": 7, "gml_id": 28021392, "natcode": "435", "namefin": "Luhanka", "nameswe": "Luhanka", "landarea": 214.5, "freshwarea": 98.78, "seawarea": null, "totalarea": 313.28 }, "geometry": { "type": "MultiPolygon", "coordinates": [ [ [ [ 443239.254999998724088, 6858883.810000228695571 ], [ 434977.031999997561797, 6839710.960000219754875 ], [ 430659.472999996854924, 6843507.212000217288733 ], [ 426355.356999995710794, 6839397.129000212997198 ], [ 420678.768999994266778, 6839096.004000201821327 ], [ 420875.218999994220212, 6848689.333000205457211 ], [ 426658.190999996149912, 6858729.218000220134854 ], [ 434294.970999997458421, 6858049.453000226058066 ], [ 436611.820999997959007, 6862773.351000227965415 ], [ 439563.109999998298008, 6862531.456000227481127 ], [ 443239.254999998724088, 6858883.810000228695571 ] ] ] ] } },
{ "type": "Feature", "properties": { "id": 8, "gml_id": 28021928, "natcode": "768", "namefin": "Sulkava", "nameswe": "Sulkava", "landarea": 584.47, "freshwarea": 184.73, "seawarea": null, "totalarea": 769.2 }, "geometry": { "type": "MultiPolygon", "coordinates": [ [ [ [ 572562.287000003969297, 6866049.400000222958624 ], [ 584009.398000007378869, 6853432.434000195935369 ], [ 584629.019000007538125, 6847549.210000193677843 ], [ 582066.021000006701797, 6846002.73600019980222 ], [ 586864.43800000846386, 6841335.646000180393457 ], [ 585808.047000008169562, 6835501.286000183783472 ], [ 598618.328000013250858, 6831627.659000106155872 ], [ 597404.378000013064593, 6827658.561000118032098 ], [ 603980.674000015715137, 6824572.058000048622489 ], [ 596365.266000012517907, 6823746.55000012461096 ], [ 584118.665000007720664, 6829798.836000189185143 ], [ 584182.876000007614493, 6826330.052000187337399 ], [ 583404.192000007256866, 6830603.967000189237297 ], [ 577349.447000005398877, 6831714.441000204533339 ], [ 573711.672000004444271, 6838091.161000211723149 ], [ 564076.847000002395362, 6839264.564000220037997 ], [ 559074.375000001629815, 6844394.494000222533941 ], [ 562702.540000002016313, 6848352.274000222794712 ], [ 557926.605000001378357, 6853751.393000224605203 ], [ 561282.503000001772307, 6859593.599000227637589 ], [ 557895.045000001322478, 6863522.637000230140984 ], [ 562706.236000002245419, 6868664.829000229015946 ], [ 572562.287000003969297, 6866049.400000222958624 ] ] ] ] } },
{ "type": "Feature", "properties": { "id": 9, "gml_id": 28023764, "natcode": "418", "namefin": "Lempäälä", "nameswe": "Lempäälä", "landarea": 268.47, "freshwarea": 37.47, "seawarea": null, "totalarea": 305.94 }, "geometry": { "type": "MultiPolygon", "coordinates": [ [ [ [ 328844.117000514466781, 6792661.711991561576724 ], [ 315868.381001215660945, 6809955.732984071597457 ], [ 326191.567000673094299, 6815267.873989934101701 ], [ 334112.119000397680793, 6814346.141993155702949 ], [ 337509.752000292472076, 6801883.578994394280016 ], [ 328844.117000514466781, 6792661.711991561576724 ] ] ] ] } },
{ "type": "Feature", "properties": { "id": 10, "gml_id": 28022550, "natcode": "421", "namefin": "Lestijärvi", "nameswe": "Lestijärvi", "landarea": 480.07, "freshwarea": 78.82, "seawarea": null, "totalarea": 558.89 }, "geometry": { "type": "MultiPolygon", "coordinates": [ [ [ [ 374324.531000040587969, 7029859.401999030262232 ], [ 373275.525000047404319, 7034944.774998930282891 ], [ 377635.6340000287164, 7037979.998999252915382 ], [ 378378.764000028080773, 7046190.318999284878373 ], [ 375704.143000038631726, 7044833.011999097652733 ], [ 371310.407000064733438, 7051260.917998692952096 ], [ 378522.306000030250289, 7056607.354999273084104 ], [ 377545.757000034675002, 7059452.846999199129641 ], [ 381913.213000019663014, 7060595.268999471329153 ], [ 391822.979999999981374, 7052793.190999889746308 ], [ 402107.618999993777834, 7038128.975000110454857 ], [ 395339.008999995945487, 7035351.219999986700714 ], [ 388595.831000001169741, 7027489.372999805957079 ], [ 378728.175000023387838, 7031589.023999335244298 ], [ 374324.531000040587969, 7029859.401999030262232 ] ] ] ] } },
{ "type": "Feature", "properties": { "id": 11, "gml_id": 28020744, "natcode": "694", "namefin": "Riihimäki", "nameswe": "Riihimäki", "landarea": 121.01, "freshwarea": 4.54, "seawarea": null, "totalarea": 125.55 }, "geometry": { "type": "MultiPolygon", "coordinates": [ [ [ [ 374156.41799997567432, 6737320.494999533519149 ], [ 377362.837999974843115, 6737968.095999656245112 ], [ 376025.16699997568503, 6742671.085999603383243 ], [ 382173.613999975088518, 6739788.295999802649021 ], [ 381694.891999973799102, 6727570.348999791778624 ], [ 376423.918999973218888, 6725649.76799963414669 ], [ 369728.765999977418687, 6728123.904999340884387 ], [ 374156.41799997567432, 6737320.494999533519149 ] ] ] ] } },
{ "type": "Feature", "properties": { "id": 12, "gml_id": 28025828, "natcode": "848", "namefin": "Tohmajärvi", "nameswe": "Tohmajärvi", "landarea": 837.78, "freshwarea": 57.58, "seawarea": null, "totalarea": 895.36 }, "geometry": { "type": "MultiPolygon", "coordinates": [ [ [ [ 681990.184998575947247, 6886181.691982809454203 ], [ 677853.242998868809082, 6886706.563985728658736 ], [ 671821.102999184397049, 6893908.313989055342972 ], [ 668116.831999352783896, 6893101.559990866109729 ], [ 665619.732999421539716, 6904548.565991710871458 ], [ 656095.949999696807936, 6905020.106994930654764 ], [ 653728.805999740259722, 6909272.00299549754709 ], [ 657433.148999658646062, 6909917.486994492821395 ], [ 653774.187999725574628, 6920085.634995372034609 ], [ 667366.978999300627038, 6924759.481990529224277 ], [ 669656.641999217215925, 6917458.7199895856902 ], [ 672088.187999088200741, 6919236.287988249212503 ], [ 676418.029998839483596, 6916395.889985697343946 ], [ 684631.057998148025945, 6920784.05297908000648 ], [ 692811.722997216507792, 6916450.465970573015511 ], [ 696752.096996709355153, 6907880.704966021701694 ], [ 690160.499997673090547, 6902823.899974501691759 ], [ 681990.184998575947247, 6886181.691982809454203 ] ] ] ] } },
{ "type": "Feature", "properties": { "id": 13, "gml_id": 28020799, "natcode": "109", "namefin": "Hämeenlinna", "nameswe": "Tavastehus", "landarea": 1785.76, "freshwarea": 245.8, "seawarea": null, "totalarea": 2031.56 }, "geometry": { "type": "MultiPolygon", "coordinates": [ [ [ [ 351222.859000073804054, 6782799.339997453615069 ], [ 351667.912000064272434, 6774016.751997566781938 ], [ 338071.40900021744892, 6756966.541995069012046 ], [ 337481.94400022260379, 6752881.071994961239398 ], [ 341735.675000151386485, 6750423.561995985917747 ], [ 358356.021000019507483, 6768768.369998400099576 ], [ 371780.271999984048307, 6771929.97999938391149 ], [ 354819.77700005157385, 6791640.507997903041542 ], [ 367238.833999998285435, 6797752.259999069385231 ], [ 377133.014999982726295, 6795284.16199960000813 ], [ 378562.45199998258613, 6800257.090999647974968 ], [ 380450.434999980963767, 6794647.226999717764556 ], [ 386994.351999980630353, 6796629.663999896496534 ], [ 388341.314999981084839, 6800758.639999924227595 ], [ 388570.141999980842229, 6796523.808999929577112 ], [ 388903.03899998095585, 6797083.333999936468899 ], [ 389631.155999981157947, 6797443.8519999505952 ], [ 391280.958999981521629, 6795343.083999978378415 ], [ 393608.870999982347712, 6796709.433000016957521 ], [ 394254.45099998236401, 6791800.027000025846064 ], [ 403543.833999986643903, 6790950.972000120207667 ], [ 406888.000999987940304, 6781559.561000137589872 ], [ 402770.859999985783361, 6772609.557000110857189 ], [ 393495.323999980988447, 6767837.51500001642853 ], [ 392894.311999980069231, 6754544.219000007025898 ], [ 390462.842999978922307, 6754177.820999969728291 ], [ 384072.289999977627303, 6765670.339999840594828 ], [ 372119.997999982791953, 6768283.18399940803647 ], [ 373622.326999980781693, 6765751.261999483220279 ], [ 367652.07799998705741, 6758512.357999174855649 ], [ 358902.401000011246651, 6754764.646998503245413 ], [ 362909.453999993682373, 6744283.876998877152801 ], [ 358220.689000007056165, 6738194.417998490855098 ], [ 354953.791000024415553, 6742856.40299813169986 ], [ 350475.430000052554533, 6742078.918997568078339 ], [ 346414.115000091143884, 6746083.371996914036572 ], [ 340169.431000166281592, 6743358.367995705455542 ], [ 336558.935000240337104, 6753129.20699471514672 ], [ 338597.429000210133381, 6758480.188995184376836 ], [ 329878.266000418574549, 6763698.907992468215525 ], [ 327809.408000489813276, 6767047.811991618014872 ], [ 330716.575000409269705, 6770991.816992649808526 ], [ 326711.239000533882063, 6769836.393991116434336 ], [ 324952.5590006087441, 6773513.091990273445845 ], [ 351222.859000073804054, 6782799.339997453615069 ] ], [ [ 389783.631999981240369, 6796581.987999951466918 ], [ 388938.132999980938621, 6796995.11499993596226 ], [ 389427.047999980975874, 6797023.51699994597584 ], [ 389783.631999981240369, 6796581.987999951466918 ] ] ] ] } },
{ "type": "Feature", "properties": { "id": 14, "gml_id": 28022605, "natcode": "256", "namefin": "Kinnula", "nameswe": "Kinnula", "landarea": 460.21, "freshwarea": 35.52, "seawarea": null, "totalarea": 495.73 }, "geometry": { "type": "MultiPolygon", "coordinates": [ [ [ [ 404408.485999993572477, 7039073.207000140100718 ], [ 416416.413999994576443, 7018339.552000232040882 ], [ 406100.978999992890749, 7012930.050000159069896 ], [ 390543.095999997691251, 7013842.651999878697097 ], [ 388595.831000001169741, 7027489.372999805957079 ], [ 395339.008999995945487, 7035351.219999986700714 ], [ 404408.485999993572477, 7039073.207000140100718 ] ] ] ] } },
{ "type": "Feature", "properties": { "id": 15, "gml_id": 28022938, "natcode": "249", "namefin": "Keuruu", "nameswe": "Keuruu", "landarea": 1258.0, "freshwarea": 172.57, "seawarea": null, "totalarea": 1430.57 }, "geometry": { "type": "MultiPolygon", "coordinates": [ [ [ [ 399970.838999988976866, 6912666.166000096127391 ], [ 399808.415999988385011, 6902188.866000093519688 ], [ 386726.01299998833565, 6888613.349999851547182 ], [ 389079.739999987185001, 6882556.807999911718071 ], [ 381259.132999991124962, 6878840.603999680839479 ], [ 373010.02200000884477, 6897256.554999245330691 ], [ 369900.905000019352883, 6899482.689999029040337 ], [ 365805.526000034762546, 6893751.850998701527715 ], [ 361261.513000062666833, 6895753.213998220860958 ], [ 358081.421000094094779, 6906175.400997762568295 ], [ 351710.68900016596308, 6905570.865996720269322 ], [ 348523.117000217782333, 6908389.530996038578451 ], [ 345455.368000287853647, 6918226.111995195038617 ], [ 355773.625000135391019, 6931079.203997261822224 ], [ 361808.755000074859709, 6926925.919998151250184 ], [ 362354.744000073289499, 6932091.26899819355458 ], [ 366246.34600004798267, 6932750.552998614497483 ], [ 367232.016000041272491, 6929567.186998717486858 ], [ 371944.111000022501685, 6935657.860999090597034 ], [ 374840.697000011859927, 6931096.294999294914305 ], [ 373351.522000015305821, 6926806.931999207474291 ], [ 379460.111000000557397, 6926120.921999552287161 ], [ 376198.300000006740447, 6923361.368999389000237 ], [ 380197.503999999316875, 6926043.151999583467841 ], [ 380794.049999998358544, 6925472.726999609731138 ], [ 376480.67600000591483, 6923018.188999404199421 ], [ 379391.471000000252388, 6923011.360999550670385 ], [ 379353.156999999308027, 6917700.545999556779861 ], [ 384714.527999992773402, 6916117.189999770373106 ], [ 382998.83899999386631, 6912689.564999714493752 ], [ 389767.937999989429954, 6914972.404999914579093 ], [ 391285.348999988753349, 6911134.533999950625002 ], [ 399970.838999988976866, 6912666.166000096127391 ] ] ] ] } },
{ "type": "Feature", "properties": { "id": 16, "gml_id": 28028003, "natcode": "261", "namefin": "Kittilä", "nameswe": "Kittilä", "landarea": 8095.12, "freshwarea": 167.93, "seawarea": null, "totalarea": 8263.05 }, "geometry": { "type": "MultiPolygon", "coordinates": [ [ [ [ 457685.758999999961816, 7574160.881000315770507 ], [ 453316.268999999738298, 7554161.029000316746533 ], [ 458416.366999999911059, 7536373.951000320725143 ], [ 446198.070999999588821, 7492284.327000319957733 ], [ 446932.895999999716878, 7480310.392000319436193 ], [ 434799.406999999366235, 7466042.471000303514302 ], [ 428510.970999999437481, 7449194.171000286005437 ], [ 407471.426000012783334, 7452716.507000011391938 ], [ 401954.234000024094712, 7450078.201999823562801 ], [ 386371.183000128075946, 7487852.354998515918851 ], [ 380288.908000253024511, 7536873.791997167281806 ], [ 383348.292000211484265, 7554121.185997626744211 ], [ 379321.890000292565674, 7556023.503996766172349 ], [ 379816.037000287091359, 7561173.582996833138168 ], [ 394718.447000088403001, 7580790.259999038651586 ], [ 405397.162000031850766, 7587244.099999764934182 ], [ 418939.25000000622822, 7588218.87700015399605 ], [ 439158.616999999678228, 7578243.864000299945474 ], [ 457685.758999999961816, 7574160.881000315770507 ] ] ] ] } },
{ "type": "Feature", "properties": { "id": 17, "gml_id": 28019801, "natcode": "561", "namefin": "Oripää", "nameswe": "Oripää", "landarea": 117.78, "freshwarea": 0.05, "seawarea": null, "totalarea": 117.83 }, "geometry": { "type": "MultiPolygon", "coordinates": [ [ [ [ 272536.436008061631583, 6749239.96192323975265 ], [ 258628.609014492016286, 6756892.421874242834747 ], [ 261522.325013152323663, 6762599.710884430445731 ], [ 267905.882010098779574, 6760155.602907566353679 ], [ 270251.787009252933785, 6763214.647914244793355 ], [ 272536.436008061631583, 6749239.96192323975265 ] ] ], [ [ [ 260228.329014042537892, 6767544.47287798114121 ], [ 257779.8210154910048, 6768440.942867345176637 ], [ 262864.135012727230787, 6769538.467887866310775 ], [ 260228.329014042537892, 6767544.47287798114121 ] ] ], [ [ [ 260797.663013599260012, 6764232.127881154417992 ], [ 259980.124014129047282, 6766314.899877294898033 ], [ 259054.160014693246922, 6767314.07587316352874 ], [ 261905.588013095461065, 6766295.701884986832738 ], [ 260797.663013599260012, 6764232.127881154417992 ] ] ] ] } },
{ "type": "Feature", "properties": { "id": 18, "gml_id": 28020056, "natcode": "738", "namefin": "Sauvo", "nameswe": "Sagu", "landarea": 252.89, "freshwarea": 1.18, "seawarea": 45.59, "totalarea": 299.66 }, "geometry": { "type": "MultiPolygon", "coordinates": [ [ [ [ 270710.961007203441113, 6687732.812928291037679 ], [ 253207.295014407980489, 6683133.247871750965714 ], [ 247825.342018026363803, 6689833.28684529196471 ], [ 257945.706012666953029, 6702009.430885730311275 ], [ 259397.755011888337322, 6699956.97889160271734 ], [ 265937.214009207324125, 6702739.42691261600703 ], [ 270633.654007476754487, 6698647.289926400408149 ], [ 270710.961007203441113, 6687732.812928291037679 ] ] ] ] } },
{ "type": "Feature", "properties": { "id": 19, "gml_id": 28027968, "natcode": "273", "namefin": "Kolari", "nameswe": "Kolari", "landarea": 2559.39, "freshwarea": 58.35, "seawarea": null, "totalarea": 2617.74 }, "geometry": { "type": "MultiPolygon", "coordinates": [ [ [ [ 352099.445001500309445, 7486902.018985413946211 ], [ 359795.100000938226003, 7493001.799990438856184 ], [ 361887.139000813243911, 7491645.558991593308747 ], [ 360235.070000912703108, 7493341.847990676760674 ], [ 375438.982000327087007, 7505181.062996360473335 ], [ 384193.776000163459685, 7503812.014998119324446 ], [ 388686.293000100937206, 7478216.708998830989003 ], [ 401138.459000026981812, 7454272.037999782711267 ], [ 406916.182000011554919, 7426050.172000017017126 ], [ 376196.123000238905661, 7435270.811997215263546 ], [ 359308.957000793889165, 7435008.059991667978466 ], [ 350863.66900144983083, 7454183.391985767520964 ], [ 352900.008001297072042, 7458577.598987128585577 ], [ 350865.929001481505111, 7460629.787985507398844 ], [ 352383.328001370537095, 7465367.723986494354904 ], [ 359152.850000895909034, 7467233.197990782558918 ], [ 361465.179000811185688, 7482730.545991600491107 ], [ 352099.445001500309445, 7486902.018985413946211 ] ] ] ] } },
{ "type": "Feature", "properties": { "id": 20, "gml_id": 28020071, "natcode": "322", "namefin": "Kemiönsaari", "nameswe": "Kimitoön", "landarea": 687.17, "freshwarea": 10.85, "seawarea": 2102.93, "totalarea": 2800.95 }, "geometry": { "type": "MultiPolygon", "coordinates": [ [ [ [ 222641.081034841830842, 6606081.868721516802907 ], [ 219889.210043197555933, 6650329.805669256485999 ], [ 230575.092030659201555, 6657728.2627541590482 ], [ 231197.711030642152764, 6665258.006754809059203 ], [ 236899.763025631604251, 6673242.145790060982108 ], [ 240974.596022147510666, 6673492.413814693689346 ], [ 248028.771017776598455, 6687653.172847005538642 ], [ 253207.295014407980489, 6683133.247871750965714 ], [ 273726.319006332720164, 6687815.328935520723462 ], [ 270342.413007100811228, 6678139.252928827889264 ], [ 272363.247006413876079, 6673272.348934390582144 ], [ 268068.776007496053353, 6664760.523925117217004 ], [ 265752.131008274154738, 6665401.18891878053546 ], [ 265381.86900781863369, 6642262.094921662472188 ], [ 255142.398010932229226, 6616097.708895474672318 ], [ 239602.422019181831274, 6606209.814832165837288 ], [ 222641.081034841830842, 6606081.868721516802907 ] ] ] ] } },
{ "type": "Feature", "properties": { "id": 21, "gml_id": 28022138, "natcode": "778", "namefin": "Suonenjoki", "nameswe": "Suonenjoki", "landarea": 713.56, "freshwarea": 148.78, "seawarea": null, "totalarea": 862.34 }, "geometry": { "type": "MultiPolygon", "coordinates": [ [ [ [ 524686.223, 6952902.410000259056687 ], [ 527631.311000000103377, 6941977.09600025601685 ], [ 523087.656999999948312, 6942680.115000256337225 ], [ 523802.738000000070315, 6934780.464000254869461 ], [ 521042.272, 6930382.162000251933932 ], [ 518411.365, 6933201.720000253990293 ], [ 518672.908, 6929515.493000251241028 ], [ 510084.371999999915715, 6924990.589000252075493 ], [ 505874.645000000076834, 6930580.097000252455473 ], [ 503160.479, 6926689.347000252455473 ], [ 498388.796999999962281, 6928647.666000251658261 ], [ 497493.305000000167638, 6923492.700000249780715 ], [ 493788.071000000170898, 6928274.445000254549086 ], [ 495482.576999999932013, 6936164.754000254906714 ], [ 491093.104000000050291, 6939556.035000254400074 ], [ 498033.518999999912921, 6939522.216000255197287 ], [ 499678.349000000045635, 6941395.264000255614519 ], [ 495826.072999999974854, 6942288.405000256374478 ], [ 495739.647, 6956179.048000260256231 ], [ 491950.635999999940395, 6963827.477000262588263 ], [ 495364.254000000073574, 6968874.070000263862312 ], [ 500611.689000000013039, 6958409.838000262156129 ], [ 505977.348, 6959220.208000260405242 ], [ 514109.286000000021886, 6952466.858000257052481 ], [ 524686.223, 6952902.410000259056687 ] ], [ [ 499637.911000000021886, 6939463.59300025459379 ], [ 500521.079000000201631, 6938935.477000253275037 ], [ 499162.374999999941792, 6939118.834000255912542 ], [ 499637.911000000021886, 6939463.59300025459379 ] ] ] ] } },
{ "type": "Feature", "properties": { "id": 22, "gml_id": 28021115, "natcode": "560", "namefin": "Orimattila", "nameswe": "Orimattila", "landarea": 785.4, "freshwarea": 28.61, "seawarea": null, "totalarea": 814.01 }, "geometry": { "type": "MultiPolygon", "coordinates": [ [ [ [ 441787.769999998505227, 6730507.19500018004328 ], [ 440828.432999998447485, 6733857.073000180535018 ], [ 430325.257999996421859, 6732101.752000177279115 ], [ 424096.83899999485584, 6726998.039000171236694 ], [ 419174.129999993077945, 6730717.88200016412884 ], [ 412999.030999990529381, 6747354.265000155195594 ], [ 419577.223999993293546, 6752005.276000170968473 ], [ 420727.771999993768986, 6748967.112000172957778 ], [ 426064.884999995585531, 6749634.11600018106401 ], [ 431080.635999996738974, 6756166.796000185422599 ], [ 433665.491999997233506, 6751270.29000018723309 ], [ 441307.719999998400453, 6750645.790000189095736 ], [ 443084.978999998769723, 6755286.649000189267099 ], [ 451298.171999999321997, 6750671.049000187776983 ], [ 453348.673999999533407, 6752760.794000188820064 ], [ 449866.993999999307562, 6744814.495000187307596 ], [ 456571.870999999693595, 6740982.213000186719 ], [ 457124.645999999600463, 6731439.294000182300806 ], [ 451349.206999999296386, 6728185.149000180885196 ], [ 446949.952999999222811, 6731617.596000182442367 ], [ 441787.769999998505227, 6730507.19500018004328 ] ] ] ] } },
{ "type": "Feature", "properties": { "id": 23, "gml_id": 28023201, "natcode": "592", "namefin": "Petäjävesi", "nameswe": "Petäjävesi", "landarea": 456.43, "freshwarea": 38.99, "seawarea": null, "totalarea": 495.42 }, "geometry": { "type": "MultiPolygon", "coordinates": [ [ [ [ 403166.585999989998527, 6923156.191000130027533 ], [ 412161.221999992267229, 6916039.043000194244087 ], [ 415666.67299999325769, 6917312.34100020956248 ], [ 421768.442999994964339, 6913763.39300022739917 ], [ 418080.67099999380298, 6902447.695000215433538 ], [ 413464.113999992317986, 6901262.435000197030604 ], [ 410640.454999991459772, 6892336.109000181779265 ], [ 401979.076999988639727, 6893850.477000118233263 ], [ 394359.981999987736344, 6899320.787000014446676 ], [ 397897.991999988094904, 6898844.585000067017972 ], [ 399808.415999988385011, 6902188.866000093519688 ], [ 398077.005999988818076, 6916646.878000068478286 ], [ 403166.585999989998527, 6923156.191000130027533 ] ] ] ] } },
{ "type": "Feature", "properties": { "id": 24, "gml_id": 28027851, "natcode": "047", "namefin": "Enontekiö", "nameswe": "Enontekis", "landarea": 7968.28, "freshwarea": 423.05, "seawarea": null, "totalarea": 8391.33 }, "geometry": { "type": "MultiPolygon", "coordinates": [ [ [ [ 364844.569000866846181, 7567317.932991225272417 ], [ 340187.909003918466624, 7563090.954965904355049 ], [ 340585.766003993223421, 7575369.192965371534228 ], [ 329271.837007823167369, 7591363.316936898976564 ], [ 313078.011018299032003, 7601623.764865190722048 ], [ 309194.463021867908537, 7599657.421841876581311 ], [ 309735.302021616022103, 7603804.878843554295599 ], [ 297246.062038352480158, 7604530.830738728865981 ], [ 291935.954050379805267, 7616666.838666779920459 ], [ 285025.014067827607505, 7617914.605565209873021 ], [ 281920.758079333289061, 7626251.890500020235777 ], [ 274368.610109107685275, 7630202.118335107341409 ], [ 273521.07411604153458, 7638477.668297774158418 ], [ 269813.959134262753651, 7638553.559199796058238 ], [ 259102.854213203157997, 7654636.440790364518762 ], [ 254320.622254388406873, 7654748.821582971140742 ], [ 253419.131267316726735, 7659655.15751907043159 ], [ 256497.071241565223318, 7662966.719647858291864 ], [ 251766.06329466146417, 7670610.669385137036443 ], [ 243093.380406271637185, 7674498.886846921406686 ], [ 250470.960319426580099, 7680517.988265105523169 ], [ 263044.620193736627698, 7669896.138890887610614 ], [ 265802.130178873892874, 7677211.778967910446227 ], [ 262915.960209193173796, 7690767.388813516125083 ], [ 274712.650136529584415, 7699672.769190914928913 ], [ 288050.240077586029656, 7694506.829512102529407 ], [ 306845.18002964934567, 7657087.149793243966997 ], [ 312349.470021738787182, 7642216.879843210801482 ], [ 312778.750020417268388, 7629816.299851635470986 ], [ 319505.550014827633277, 7632432.64988857973367 ], [ 329788.190008540870622, 7625337.089931945316494 ], [ 339725.240004960389342, 7624877.999958160333335 ], [ 344227.470003744121641, 7617794.979967460036278 ], [ 355725.670001913444139, 7624214.3199822017923 ], [ 365237.82000103360042, 7625173.239989797584713 ], [ 370024.370000776776578, 7637575.019992147572339 ], [ 373994.080000588728581, 7639342.619993909262121 ], [ 381910.190000316768419, 7632637.88999657984823 ], [ 385308.320000242558308, 7633566.069997350685298 ], [ 384896.350000247068238, 7629552.909997302107513 ], [ 388724.330000178248156, 7626424.829998034983873 ], [ 409903.160000021976884, 7615424.809999907389283 ], [ 418939.25000000622822, 7588218.87700015399605 ], [ 405397.162000031850766, 7587244.099999764934182 ], [ 394718.447000088403001, 7580790.259999038651586 ], [ 381923.949000243912451, 7561957.629997285082936 ], [ 373723.844000450451858, 7558899.703995168209076 ], [ 374291.077000437537208, 7562404.202995301224291 ], [ 366703.026000754500274, 7563861.711992259137332 ], [ 364844.569000866846181, 7567317.932991225272417 ] ] ] ] } },
{ "type": "Feature", "properties": { "id": 25, "gml_id": 28024201, "natcode": "288", "namefin": "Kruunupyy", "nameswe": "Kronoby", "landarea": 712.99, "freshwarea": 39.69, "seawarea": null, "totalarea": 752.68 }, "geometry": { "type": "MultiPolygon", "coordinates": [ [ [ [ 335590.009000870923046, 7032471.17498944606632 ], [ 310408.531003780430183, 7062947.050963756628335 ], [ 299072.406006578996312, 7067269.227941485121846 ], [ 294882.06500816042535, 7075420.621929531916976 ], [ 303549.675005549215712, 7079942.706949690356851 ], [ 314290.001003189128824, 7070565.494968768209219 ], [ 318721.936002582777292, 7075736.622973995283246 ], [ 324714.069001859053969, 7072647.811980354599655 ], [ 326421.512001718918327, 7077191.278981656767428 ], [ 338953.924000797152985, 7064950.881990367546678 ], [ 328749.017001429921947, 7060805.422984211705625 ], [ 325225.512001757859252, 7064128.179981209337711 ], [ 322684.579001985024661, 7059188.109979118220508 ], [ 325898.683001647412311, 7055701.02898215688765 ], [ 329258.997001373849344, 7057500.568984713405371 ], [ 329010.342001374228857, 7053435.0669846823439 ], [ 333511.413001044886187, 7049104.025987816043198 ], [ 335590.009000870923046, 7032471.17498944606632 ] ] ], [ [ [ 325251.748001722909976, 7058481.008981487713754 ], [ 326647.910001588054001, 7057143.612982713617384 ], [ 325017.643001743708737, 7058232.470981293357909 ], [ 325251.748001722909976, 7058481.008981487713754 ] ] ], [ [ [ 343257.202000598073937, 7059894.660992396995425 ], [ 341887.075000653683674, 7060544.369991815648973 ], [ 342841.992000616097357, 7060851.468992209993303 ], [ 343257.202000598073937, 7059894.660992396995425 ] ] ] ] } },
{ "type": "Feature", "properties": { "id": 26, "gml_id": 28024006, "natcode": "531", "namefin": "Nakkila", "nameswe": "Nakkila", "landarea": 182.93, "freshwarea": 1.95, "seawarea": null, "totalarea": 184.88 }, "geometry": { "type": "MultiPolygon", "coordinates": [ [ [ [ 217790.058073061751202, 6817656.439495701342821 ], [ 234845.041041493415833, 6819765.640692850574851 ], [ 242061.019031977746636, 6817512.722755117341876 ], [ 236183.252038739155978, 6811797.215710242278874 ], [ 238975.168034950533183, 6810055.048734991811216 ], [ 232617.285043368407059, 6807931.557680008001626 ], [ 232817.340042791212909, 6805578.278683575801551 ], [ 225662.856054706731811, 6806606.062607894651592 ], [ 217790.058073061751202, 6817656.439495701342821 ] ] ] ] } },
{ "type": "Feature", "properties": { "id": 27, "gml_id": 28027681, "natcode": "746", "namefin": "Sievi", "nameswe": "Sievi", "landarea": 786.39, "freshwarea": 13.5, "seawarea": null, "totalarea": 799.89 }, "geometry": { "type": "MultiPolygon", "coordinates": [ [ [ [ 388094.639000010036398, 7091843.215999722480774 ], [ 388768.797000008984469, 7092571.895999748259783 ], [ 388474.414000009128358, 7090828.529999738559127 ], [ 388094.639000010036398, 7091843.215999722480774 ] ] ], [ [ [ 381913.213000019663014, 7060595.268999471329153 ], [ 373373.218000063498039, 7081763.975998789072037 ], [ 364807.017000140855089, 7086218.88499772362411 ], [ 359765.745000218506902, 7095384.066996774636209 ], [ 359428.975000226986594, 7098263.922996680252254 ], [ 369739.450000100187026, 7103106.560998308472335 ], [ 372078.336000079347286, 7098871.455998593941331 ], [ 388882.532000008330215, 7090384.634999753907323 ], [ 399970.785999996238388, 7076947.131000066176057 ], [ 397902.522999996435829, 7063481.038000030443072 ], [ 397491.709999996761326, 7065628.223000021651387 ], [ 395107.457999998354353, 7065699.102999967522919 ], [ 397628.990999996545725, 7064215.609000025317073 ], [ 396700.830999997036997, 7063465.162000006064773 ], [ 397676.709999996470287, 7063185.945000027306378 ], [ 397411.641999996616505, 7062477.64600002206862 ], [ 397752.752999996533617, 7062532.964000027626753 ], [ 397642.940999996615574, 7061760.218000028282404 ], [ 388144.80700000654906, 7066976.41199975181371 ], [ 385366.49800001148833, 7063566.581999640911818 ], [ 384641.903000013320707, 7064724.611999604851007 ], [ 382706.067000018723775, 7066188.116999503225088 ], [ 382700.634000018588267, 7066947.350999501533806 ], [ 382371.422000019694678, 7067410.776999482885003 ], [ 382381.585000019636936, 7066075.937999486923218 ], [ 385214.342000011878554, 7063404.680999632924795 ], [ 382548.577000018500257, 7064250.76799950003624 ], [ 384343.20800001360476, 7062509.550999592989683 ], [ 381913.213000019663014, 7060595.268999471329153 ] ], [ [ 391418.548000003560446, 7082027.916999855078757 ], [ 392768.538000001804903, 7081736.292999894358218 ], [ 392254.044000002439134, 7081103.544999879784882 ], [ 391418.548000003560446, 7082027.916999855078757 ] ], [ [ 397801.506999996956438, 7072293.820000026375055 ], [ 395620.165999998396728, 7071392.569999977946281 ], [ 395519.140999998373445, 7071621.171999974176288 ], [ 397801.506999996956438, 7072293.820000026375055 ] ], [ [ 389610.528000004705973, 7069940.562999803572893 ], [ 387657.151000008219853, 7072183.107999727129936 ], [ 388749.673000006354414, 7072774.294999768957496 ], [ 389610.528000004705973, 7069940.562999803572893 ] ], [ [ 381558.028000022168271, 7067949.947999437339604 ], [ 381514.975000022328459, 7068015.190999435260892 ], [ 381517.3460000223713, 7068170.244999434798956 ], [ 381427.319000022660475, 7068301.74499942921102 ], [ 380927.121000024431851, 7068633.410999401472509 ], [ 381562.009000022313558, 7068239.820999438874424 ], [ 381558.028000022168271, 7067949.947999437339604 ] ], [ [ 381376.646000022767112, 7068207.578999425284564 ], [ 381427.927000022842549, 7068291.374999428167939 ], [ 381466.068000022438355, 7067930.969999433495104 ], [ 381376.646000022767112, 7068207.578999425284564 ] ] ] ] } },
{ "type": "Feature", "properties": { "id": 28, "gml_id": 28026125, "natcode": "139", "namefin": "Ii", "nameswe": "Ii", "landarea": 1615.75, "freshwarea": 52.32, "seawarea": 1204.89, "totalarea": 2872.96 }, "geometry": { "type": "MultiPolygon", "coordinates": [ [ [ [ 444538.767999999341555, 7291543.363000316545367 ], [ 461616.218999999808148, 7300363.885000319220126 ], [ 461012.297000000020489, 7270595.634000316262245 ], [ 444079.255999999120831, 7270323.677000313997269 ], [ 436667.055999998701736, 7256193.922000309452415 ], [ 435484.683999998611398, 7248253.301000305451453 ], [ 441023.52799999905983, 7239065.933000310324132 ], [ 437355.759999998728745, 7235859.602000309154391 ], [ 421537.327999997534789, 7238769.74600026756525 ], [ 417042.582999998005107, 7235995.332000244408846 ], [ 388075.104000033985358, 7234147.589999501593411 ], [ 366270.314000240294263, 7238420.563996884040534 ], [ 367320.322000226937234, 7244045.427997046150267 ], [ 388320.763000036706217, 7252065.845999478362501 ], [ 426229.735999998112675, 7291994.74800028745085 ], [ 444538.767999999341555, 7291543.363000316545367 ] ], [ [ 432641.424999998358544, 7249187.697000303305686 ], [ 435620.623999998555519, 7249250.105000305920839 ], [ 432539.375999998301268, 7248437.234000300988555 ], [ 432641.424999998358544, 7249187.697000303305686 ] ] ], [ [ [ 453395.500999999698251, 7240901.58600031491369 ], [ 452673.32799999974668, 7248026.658000315539539 ], [ 459258.554999999760184, 7248453.677000315859914 ], [ 460520.948999999905936, 7242121.548000315204263 ], [ 453395.500999999698251, 7240901.58600031491369 ] ], [ [ 455776.334999999788124, 7241502.514000315219164 ], [ 455866.999999999825377, 7241682.410000314936042 ], [ 455947.501999999745749, 7241518.117000312544405 ], [ 455776.334999999788124, 7241502.514000315219164 ] ] ] ] } },
{ "type": "Feature", "properties": { "id": 29, "gml_id": 28018519, "natcode": "318", "namefin": "Kökar", "nameswe": "Kökar", "landarea": 63.59, "freshwarea": 0.36, "seawarea": 2101.07, "totalarea": 2165.02 }, "geometry": { "type": "MultiPolygon", "coordinates": [ [ [ [ 119818.864642861299217, 6611177.205458050593734 ], [ 149751.37733806297183, 6651665.164004731923342 ], [ 154848.253312150540296, 6672553.743146150372922 ], [ 159977.107272037945222, 6672068.409357902593911 ], [ 170185.666209135728423, 6677823.727698688395321 ], [ 174673.608176249603275, 6660186.494877095334232 ], [ 183780.112133075541351, 6652180.832121018320322 ], [ 170740.177172692317981, 6610069.480886899866164 ], [ 147436.263327603403013, 6615917.154048477299511 ], [ 124776.750568256946281, 6609540.72382353246212 ], [ 119818.864642861299217, 6611177.205458050593734 ] ] ] ] } },
{ "type": "Feature", "properties": { "id": 30, "gml_id": 28028013, "natcode": "498", "namefin": "Muonio", "nameswe": "Muonio", "landarea": 1904.43, "freshwarea": 133.35, "seawarea": null, "totalarea": 2037.78 }, "geometry": { "type": "MultiPolygon", "coordinates": [ [ [ [ 359795.100000938226003, 7493001.799990438856184 ], [ 350112.496001685678493, 7485338.280983802862465 ], [ 345985.808002193807624, 7490018.779979516752064 ], [ 353855.024001427693292, 7504553.946986084803939 ], [ 350902.970001768320799, 7513845.490983169525862 ], [ 351809.45600176404696, 7529521.859983248636127 ], [ 360280.8020010687178, 7540080.224989344365895 ], [ 349410.302002207434271, 7552585.774979582056403 ], [ 345880.518002837372478, 7564695.655974469147623 ], [ 364844.569000866846181, 7567317.932991225272417 ], [ 366703.026000754500274, 7563861.711992259137332 ], [ 374291.077000437537208, 7562404.202995301224291 ], [ 373723.844000450451858, 7558899.703995168209076 ], [ 379816.037000287091359, 7561173.582996833138168 ], [ 379321.890000292565674, 7556023.503996766172349 ], [ 383348.292000211484265, 7554121.185997626744211 ], [ 380288.908000253024511, 7536873.791997167281806 ], [ 385399.514000147697516, 7503625.563998299650848 ], [ 375438.982000327087007, 7505181.062996360473335 ], [ 360235.070000912703108, 7493341.847990676760674 ], [ 361887.139000813243911, 7491645.558991593308747 ], [ 359795.100000938226003, 7493001.799990438856184 ] ] ] ] } },
{ "type": "Feature", "properties": { "id": 31, "gml_id": 28020272, "natcode": "538", "namefin": "Nousiainen", "nameswe": "Nousis", "landarea": 198.97, "freshwarea": 0.52, "seawarea": null, "totalarea": 199.49 }, "geometry": { "type": "MultiPolygon", "coordinates": [ [ [ [ 250110.716019243351184, 6742255.862839040346444 ], [ 240069.200026680453448, 6727591.833786030299962 ], [ 237414.344029522093479, 6729904.412766675464809 ], [ 234802.125032113923226, 6727058.158748921006918 ], [ 228293.528039936325513, 6724505.56569663528353 ], [ 225364.269044790591579, 6730101.312665339559317 ], [ 222230.794049657706637, 6729487.198633912950754 ], [ 237713.062030172499362, 6741455.258762950077653 ], [ 247977.627020915300818, 6743542.750827186740935 ], [ 250110.716019243351184, 6742255.862839040346444 ] ], [ [ 246798.549021782208001, 6742473.07882100250572 ], [ 247189.82002133037895, 6740193.300824081525207 ], [ 245415.942022888222709, 6741988.411813194863498 ], [ 246798.549021782208001, 6742473.07882100250572 ] ], [ [ 244655.204023487778613, 6741278.309808959253132 ], [ 245146.421023055590922, 6741070.253811975941062 ], [ 245019.879023156157928, 6740968.403811266645789 ], [ 244655.204023487778613, 6741278.309808959253132 ] ], [ [ 234505.52103249146603, 6727521.434746403247118 ], [ 234603.163032368582208, 6727389.770747223868966 ], [ 234411.814032592752483, 6727463.977745717391372 ], [ 234505.52103249146603, 6727521.434746403247118 ] ], [ [ 241157.917026058858028, 6733115.867790636606514 ], [ 241327.5300259089272, 6733239.500791681930423 ], [ 241348.259025884530274, 6733171.793791846372187 ], [ 241157.917026058858028, 6733115.867790636606514 ] ], [ [ 238261.154028675577138, 6730253.267772479914129 ], [ 237410.679029532766435, 6729983.310766612179577 ], [ 237906.848029063665308, 6730554.856769843958318 ], [ 238261.154028675577138, 6730253.267772479914129 ] ] ] ] } },
{ "type": "Feature", "properties": { "id": 32, "gml_id": 28020281, "natcode": "481", "namefin": "Masku", "nameswe": "Masku", "landarea": 175.25, "freshwarea": 1.1, "seawarea": 27.72, "totalarea": 204.07 }, "geometry": { "type": "MultiPolygon", "coordinates": [ [ [ [ 244655.204023487778613, 6741278.309808959253132 ], [ 245146.421023055590922, 6741070.253811975941062 ], [ 245019.879023156157928, 6740968.403811266645789 ], [ 244655.204023487778613, 6741278.309808959253132 ] ] ], [ [ [ 246798.549021782208001, 6742473.07882100250572 ], [ 247189.82002133037895, 6740193.300824081525207 ], [ 245415.942022888222709, 6741988.411813194863498 ], [ 246798.549021782208001, 6742473.07882100250572 ] ] ], [ [ [ 243709.331023911014199, 6735398.723805691115558 ], [ 244884.724023066257359, 6737859.61881173402071 ], [ 250110.716019243351184, 6742255.862839040346444 ], [ 247523.212020969571313, 6738543.799826558679342 ], [ 243709.331023911014199, 6735398.723805691115558 ] ] ], [ [ [ 215793.779061064182315, 6727828.256561558693647 ], [ 225364.269044790591579, 6730101.312665339559317 ], [ 228271.614039965847041, 6724502.483696439303458 ], [ 234802.125032113923226, 6727058.158748921006918 ], [ 237414.344029522093479, 6729904.412766675464809 ], [ 238299.693028521811357, 6728830.606773447245359 ], [ 232047.092034513305407, 6718436.55273221898824 ], [ 226503.505041684838943, 6717984.744684671983123 ], [ 225525.690042763249949, 6715253.418677405454218 ], [ 220809.825050745625049, 6720182.537626178003848 ], [ 214087.683063083270099, 6719498.749548164196312 ], [ 215793.779061064182315, 6727828.256561558693647 ] ] ], [ [ [ 234505.52103249146603, 6727521.434746403247118 ], [ 234603.163032368582208, 6727389.770747223868966 ], [ 234411.814032592752483, 6727463.977745717391372 ], [ 234505.52103249146603, 6727521.434746403247118 ] ] ], [ [ [ 240325.913026860362152, 6733245.317785113118589 ], [ 240560.266026584780775, 6732574.752786974422634 ], [ 240143.783026912540663, 6731614.693784662522376 ], [ 239371.667027672287077, 6731678.986779440194368 ], [ 240325.913026860362152, 6733245.317785113118589 ] ] ], [ [ [ 241157.917026058858028, 6733115.867790636606514 ], [ 241327.5300259089272, 6733239.500791681930423 ], [ 241348.259025884530274, 6733171.793791846372187 ], [ 241157.917026058858028, 6733115.867790636606514 ] ] ], [ [ [ 238261.154028675577138, 6730253.267772479914129 ], [ 237410.679029532766435, 6729983.310766612179577 ], [ 237906.848029063665308, 6730554.856769843958318 ], [ 238261.154028675577138, 6730253.267772479914129 ] ] ] ] } },
{ "type": "Feature", "properties": { "id": 33, "gml_id": 28025737, "natcode": "290", "namefin": "Kuhmo", "nameswe": "Kuhmo", "landarea": 4808.01, "freshwarea": 648.85, "seawarea": null, "totalarea": 5456.86 }, "geometry": { "type": "MultiPolygon", "coordinates": [ [ [ [ 643121.300999641767703, 7165811.374995379708707 ], [ 646744.199999574339017, 7145332.199994578957558 ], [ 664072.699998797383159, 7131369.79998676944524 ], [ 668670.099998437799513, 7130865.699983432888985 ], [ 673111.599998114397749, 7113176.799980401992798 ], [ 660434.599999186000787, 7081278.499990284442902 ], [ 641783.329999777721241, 7072207.862996652722359 ], [ 637169.833999848808162, 7066938.584997534751892 ], [ 631746.054999894928187, 7086294.299998203292489 ], [ 606127.873999999370426, 7081796.113999926485121 ], [ 608266.063999995589256, 7094962.421999853104353 ], [ 600218.014000002527609, 7098870.308000055141747 ], [ 592139.430000004475005, 7109360.110000170767307 ], [ 589724.054000004078262, 7124926.524000193923712 ], [ 584731.873000003979541, 7132752.879000234417617 ], [ 589308.963000003714114, 7143251.048000195994973 ], [ 587275.958000003593042, 7152515.00300021469593 ], [ 604073.238999995635822, 7149445.730999935418367 ], [ 615991.936999967088923, 7157166.868999412283301 ], [ 619863.83299994666595, 7168000.777999111451209 ], [ 625313.176999909686856, 7170409.343998587690294 ], [ 643121.300999641767703, 7165811.374995379708707 ] ] ] ] } },
{ "type": "Feature", "properties": { "id": 34, "gml_id": 28020985, "natcode": "257", "namefin": "Kirkkonummi", "nameswe": "Kyrkslätt", "landarea": 367.23, "freshwarea": 27.14, "seawarea": 622.64, "totalarea": 1017.01 }, "geometry": { "type": "MultiPolygon", "coordinates": [ [ [ [ 362624.090999976382591, 6685325.89699899032712 ], [ 362309.922999974223785, 6675776.084998988546431 ], [ 368240.933999966946431, 6670417.410999343730509 ], [ 378695.873999964445829, 6642417.391999750398099 ], [ 347449.073000002652407, 6631327.513997714035213 ], [ 347664.279000012378674, 6649540.793997654691339 ], [ 353162.717999992892146, 6661639.80799825116992 ], [ 349893.021000015432946, 6675625.878997816704214 ], [ 357274.659999989788048, 6686963.922998561523855 ], [ 362624.090999976382591, 6685325.89699899032712 ] ] ] ] } },
{ "type": "Feature", "properties": { "id": 35, "gml_id": 28026760, "natcode": "317", "namefin": "Kärsämäki", "nameswe": "Kärsämäki", "landarea": 698.27, "freshwarea": 3.15, "seawarea": null, "totalarea": 701.42 }, "geometry": { "type": "MultiPolygon", "coordinates": [ [ [ [ 440450.598999998765066, 7109910.089000293053687 ], [ 458418.158999999694061, 7099050.971000294201076 ], [ 463262.870999999868218, 7089025.474000291898847 ], [ 434645.779999997990672, 7073943.99900028295815 ], [ 435416.502999998105224, 7079992.804000284522772 ], [ 431776.63299999764422, 7088599.140000281855464 ], [ 428100.787999997206498, 7089104.381000276654959 ], [ 427821.995999997132458, 7096158.257000278681517 ], [ 431742.222999997728039, 7095549.189000282436609 ], [ 433160.781999997911043, 7098644.830000286921859 ], [ 429302.691999997361563, 7099745.56700028013438 ], [ 435651.349999998172279, 7104036.072000288404524 ], [ 433609.664999997883569, 7107754.562000287696719 ], [ 440450.598999998765066, 7109910.089000293053687 ] ] ] ] } },
{ "type": "Feature", "properties": { "id": 36, "gml_id": 28021255, "natcode": "082", "namefin": "Hattula", "nameswe": "Hattula", "landarea": 357.8, "freshwarea": 69.6, "seawarea": null, "totalarea": 427.4 }, "geometry": { "type": "MultiPolygon", "coordinates": [ [ [ [ 355220.851000048802234, 6791759.834997953847051 ], [ 371780.271999984048307, 6771929.97999938391149 ], [ 358356.021000019507483, 6768768.369998400099576 ], [ 341735.675000151386485, 6750423.561995985917747 ], [ 337481.94400022260379, 6752881.071994961239398 ], [ 338071.40900021744892, 6756966.541995069012046 ], [ 352283.346000060264487, 6775227.812997648492455 ], [ 351222.859000073804054, 6782799.339997453615069 ], [ 355220.851000048802234, 6791759.834997953847051 ] ] ] ] } },
{ "type": "Feature", "properties": { "id": 37, "gml_id": 28024834, "natcode": "403", "namefin": "Lappajärvi", "nameswe": "Lappajärvi", "landarea": 420.87, "freshwarea": 102.85, "seawarea": null, "totalarea": 523.72 }, "geometry": { "type": "MultiPolygon", "coordinates": [ [ [ [ 334990.190000901464373, 7032062.986989133991301 ], [ 335068.757000888464972, 7029385.041989244520664 ], [ 333288.859000991680659, 7030482.836988223716617 ], [ 334990.190000901464373, 7032062.986989133991301 ] ] ], [ [ [ 342611.355000536714215, 7020368.440992856398225 ], [ 341722.524000552250072, 7012780.09199264831841 ], [ 333800.973000892496202, 7009399.191989083774388 ], [ 330808.702001012163237, 6995023.23298778757453 ], [ 322691.338001566124149, 6988085.011982386000454 ], [ 320835.96700183924986, 7005919.923980003222823 ], [ 313550.681002775207162, 7015078.658971762284636 ], [ 318782.601002103998326, 7013433.828977666795254 ], [ 318586.454002162499819, 7018662.468977189622819 ], [ 327057.438001394970343, 7025404.602984292432666 ], [ 328823.440001249895431, 7022503.899985656142235 ], [ 330481.568001149222255, 7025762.315986648201942 ], [ 330989.9980011068983, 7023433.330987045541406 ], [ 335329.946000858501066, 7024159.80798951908946 ], [ 335924.481000844563823, 7029626.344989690929651 ], [ 342611.355000536714215, 7020368.440992856398225 ] ], [ [ 325377.35100150492508, 7020107.38298321608454 ], [ 324491.441001582774334, 7020550.246982492506504 ], [ 324981.603001544368453, 7021279.001982857473195 ], [ 325377.35100150492508, 7020107.38298321608454 ] ], [ [ 326345.185001431615092, 7021292.907983914949 ], [ 325723.902001477545127, 7020385.177983475849032 ], [ 325364.975001515762415, 7022042.407983128912747 ], [ 326345.185001431615092, 7021292.907983914949 ] ], [ [ 320997.219001902965829, 7018794.326979530975223 ], [ 321446.858001841465011, 7016187.521980069577694 ], [ 320393.231001960812137, 7018050.094979000277817 ], [ 320997.219001902965829, 7018794.326979530975223 ] ], [ [ 321787.523001796740573, 7014321.750980463810265 ], [ 321244.573001860058866, 7015908.618979899212718 ], [ 322156.85600175120635, 7012609.993980867788196 ], [ 321787.523001796740573, 7014321.750980463810265 ] ], [ [ 339300.810000666067936, 7021495.359991486184299 ], [ 338420.386000710073858, 7024034.421991036273539 ], [ 340075.609000632772222, 7020897.148991832509637 ], [ 339300.810000666067936, 7021495.359991486184299 ] ], [ [ 336784.51300075330073, 7012564.590990527532995 ], [ 336913.774000748293474, 7012931.33599057700485 ], [ 336990.977000743732788, 7012474.077990625053644 ], [ 336784.51300075330073, 7012564.590990527532995 ] ] ], [ [ [ 340280.009000602178276, 7011135.02799210511148 ], [ 339136.623000647698063, 7011251.190991623327136 ], [ 339541.024000632460229, 7011727.088991785421968 ], [ 340280.009000602178276, 7011135.02799210511148 ] ] ], [ [ [ 337606.938000711263157, 7010778.820990950800478 ], [ 337553.7620007134974, 7010708.568990929983556 ], [ 337557.796000713540707, 7010787.960990927182138 ], [ 337606.938000711263157, 7010778.820990950800478 ] ] ] ] } },
{ "type": "Feature", "properties": { "id": 38, "gml_id": 28019484, "natcode": "619", "namefin": "Punkalaidun", "nameswe": "Punkalaidun", "landarea": 361.1, "freshwarea": 2.95, "seawarea": null, "totalarea": 364.05 }, "geometry": { "type": "MultiPolygon", "coordinates": [ [ [ [ 282345.247005700482987, 6774309.420943128876388 ], [ 284595.879005210939795, 6777710.316947303712368 ], [ 279796.938006476731971, 6779300.945936856791377 ], [ 283028.141005671699531, 6782373.993943558074534 ], [ 281615.645006228704005, 6792413.384939204901457 ], [ 287789.643004680576269, 6789527.949952045455575 ], [ 299894.258002661634237, 6793125.237969898618758 ], [ 298836.826002764748409, 6788879.988968883641064 ], [ 305264.715001954406034, 6782737.646976387128234 ], [ 296718.65800298389513, 6780657.768966745585203 ], [ 299713.214002545108087, 6777286.93497071787715 ], [ 296616.456002958700992, 6776642.158966903574765 ], [ 299677.521002528606914, 6774882.563970829360187 ], [ 298162.298002674826421, 6769269.791969378478825 ], [ 282345.247005700482987, 6774309.420943128876388 ] ], [ [ 283298.549005470471457, 6774688.70094505790621 ], [ 283224.103005484386813, 6774446.921944934874773 ], [ 283151.995005503180437, 6774515.17194477841258 ], [ 283298.549005470471457, 6774688.70094505790621 ] ] ] ] } },
{ "type": "Feature", "properties": { "id": 39, "gml_id": 28026780, "natcode": "977", "namefin": "Ylivieska", "nameswe": "Ylivieska", "landarea": 569.84, "freshwarea": 4.36, "seawarea": null, "totalarea": 574.2 }, "geometry": { "type": "MultiPolygon", "coordinates": [ [ [ [ 384323.357000018935651, 7093223.298999543301761 ], [ 368272.99600011354778, 7102447.390998126007617 ], [ 372645.944000082439743, 7116054.773998588323593 ], [ 382899.505000028701033, 7119849.309999417513609 ], [ 403461.735999996424653, 7106084.120000115595758 ], [ 397877.096999998611864, 7096811.589000017382205 ], [ 395084.879000000772066, 7095889.30299994815141 ], [ 391222.813000005611684, 7098092.851999832317233 ], [ 389369.786000008112751, 7093275.876999771222472 ], [ 384342.985000019427389, 7095390.185999542474747 ], [ 384323.357000018935651, 7093223.298999543301761 ] ], [ [ 390374.342000006872695, 7097886.688999805599451 ], [ 389304.926000008534174, 7097841.144999763928354 ], [ 389716.897000007913448, 7098262.90499977953732 ], [ 390374.342000006872695, 7097886.688999805599451 ] ], [ [ 388606.910000009520445, 7095609.761999737471342 ], [ 387710.907000011240598, 7095199.305999699980021 ], [ 387868.059000011126045, 7095824.825999706983566 ], [ 388606.910000009520445, 7095609.761999737471342 ] ], [ [ 398099.106999998446554, 7097617.951000020839274 ], [ 396385.278999999805819, 7098245.481999983079731 ], [ 398613.525999998208135, 7098767.643000032752752 ], [ 398099.106999998446554, 7097617.951000020839274 ] ], [ [ 396662.180999999982305, 7102235.150999985635281 ], [ 397184.67499999946449, 7101376.504999998956919 ], [ 396173.685000000055879, 7101474.056999973021448 ], [ 396662.180999999982305, 7102235.150999985635281 ] ], [ [ 401009.896999997203238, 7103005.703000076115131 ], [ 400555.613999997323845, 7101950.904000068083405 ], [ 399425.487999997974839, 7102095.82100004516542 ], [ 401009.896999997203238, 7103005.703000076115131 ] ], [ [ 394238.368000002054032, 7099033.585999926552176 ], [ 395828.189000000187661, 7098459.91299996804446 ], [ 394578.457000001333654, 7097307.990999937057495 ], [ 394238.368000002054032, 7099033.585999926552176 ] ] ] ] } },
{ "type": "Feature", "properties": { "id": 40, "gml_id": 28023292, "natcode": "508", "namefin": "Mänttä-Vilppula", "nameswe": "Mänttä-Vilppula", "landarea": 534.78, "freshwarea": 122.3, "seawarea": null, "totalarea": 657.08 }, "geometry": { "type": "MultiPolygon", "coordinates": [ [ [ [ 365474.476000026334077, 6866870.593998753465712 ], [ 357710.708000080427155, 6878543.260997855104506 ], [ 359871.49400006380165, 6878875.814998130314052 ], [ 358179.303000080748461, 6885800.182997881434858 ], [ 350673.888000163075048, 6886533.412996669299901 ], [ 345382.816000254475512, 6891191.695995470508933 ], [ 347012.654000231123064, 6896938.239995803683996 ], [ 350809.280000171042047, 6897231.94799661077559 ], [ 352958.484000147262122, 6903122.047996970824897 ], [ 358081.421000094094779, 6906175.400997762568295 ], [ 361261.513000062666833, 6895753.213998220860958 ], [ 365805.526000034762546, 6893751.850998701527715 ], [ 369900.905000019352883, 6899482.689999029040337 ], [ 373010.02200000884477, 6897256.554999245330691 ], [ 381259.132999991124962, 6878840.603999680839479 ], [ 375397.615999998932239, 6875632.580999420024455 ], [ 369984.957000009715557, 6866558.108999109826982 ], [ 368823.439000013924669, 6868732.87899901997298 ], [ 365474.476000026334077, 6866870.593998753465712 ] ] ] ] } },
{ "type": "Feature", "properties": { "id": 41, "gml_id": 28022911, "natcode": "495", "namefin": "Multia", "nameswe": "Multia", "landarea": 733.22, "freshwarea": 32.41, "seawarea": null, "totalarea": 765.63 }, "geometry": { "type": "MultiPolygon", "coordinates": [ [ [ [ 399970.838999988976866, 6912666.166000096127391 ], [ 391285.348999988753349, 6911134.533999950625002 ], [ 389767.937999989429954, 6914972.404999914579093 ], [ 382998.83899999386631, 6912689.564999714493752 ], [ 384714.527999992773402, 6916117.189999770373106 ], [ 379353.156999999308027, 6917700.545999556779861 ], [ 379391.471000000252388, 6923011.360999550670385 ], [ 376480.67600000591483, 6923018.188999404199421 ], [ 380878.424999998183921, 6925215.278999615460634 ], [ 380496.243999998783693, 6926019.666999597102404 ], [ 376198.300000006740447, 6923361.368999389000237 ], [ 379334.512000000977423, 6926317.466999544762075 ], [ 373351.522000015305821, 6926806.931999207474291 ], [ 375450.606000009283889, 6927094.76299933809787 ], [ 372350.440000021248125, 6936799.62699911557138 ], [ 376036.578000011737458, 6944650.797999341972172 ], [ 371940.959000025410205, 6945869.657999063841999 ], [ 376258.534000012616161, 6950657.125999343581498 ], [ 382378.240999997477047, 6935481.698999665677547 ], [ 392185.815999990794808, 6943010.068999957293272 ], [ 395155.459999989892822, 6939442.320000018924475 ], [ 406701.070999991090503, 6940362.619000162929296 ], [ 410065.515999991912395, 6935294.781000186689198 ], [ 407280.764999991166405, 6935268.407000168226659 ], [ 406221.309999990800861, 6927424.495000160299242 ], [ 400597.9229999895324, 6922646.116000101901591 ], [ 397897.293999988760334, 6916017.045000067912042 ], [ 399970.838999988976866, 6912666.166000096127391 ] ] ] ] } },
{ "type": "Feature", "properties": { "id": 42, "gml_id": 28018804, "natcode": "060", "namefin": "Finström", "nameswe": "Finström", "landarea": 123.52, "freshwarea": 9.45, "seawarea": 39.52, "totalarea": 172.49 }, "geometry": { "type": "MultiPolygon", "coordinates": [ [ [ [ 101328.691304487234447, 6721271.985445694997907 ], [ 102421.185279838799033, 6723514.76655762642622 ], [ 102712.296264848730061, 6721478.209623554721475 ], [ 101328.691304487234447, 6721271.985445694997907 ] ] ], [ [ [ 113871.666911945387255, 6693990.049219854176044 ], [ 103485.323158799437806, 6693846.497084551490843 ], [ 101850.108214218285866, 6697620.153835915029049 ], [ 103471.307205259683542, 6709256.630884005688131 ], [ 107589.641097040264867, 6709342.613375422544777 ], [ 111529.816013742471114, 6714149.446759846992791 ], [ 114136.489949662180152, 6712395.093054655008018 ], [ 109474.114043351262808, 6706706.396619523875415 ], [ 113871.666911945387255, 6693990.049219854176044 ] ], [ [ 103371.35018816171214, 6702714.828957107849419 ], [ 103468.291186243121047, 6702948.707965945824981 ], [ 103638.492181267589331, 6702820.105988398194313 ], [ 103371.35018816171214, 6702714.828957107849419 ] ] ] ] } },
{ "type": "Feature", "properties": { "id": 43, "gml_id": 28026798, "natcode": "071", "namefin": "Haapavesi", "nameswe": "Haapavesi", "landarea": 1050.89, "freshwarea": 35.84, "seawarea": null, "totalarea": 1086.73 }, "geometry": { "type": "MultiPolygon", "coordinates": [ [ [ [ 443036.557999998971354, 7107826.195000292733312 ], [ 443742.73699999897508, 7107133.01500029489398 ], [ 443509.214999999094289, 7106672.414000293239951 ], [ 443036.557999998971354, 7107826.195000292733312 ] ] ], [ [ [ 410341.191999995498918, 7101708.530000195838511 ], [ 410630.008999995363411, 7102073.336000199429691 ], [ 410822.880999995395541, 7102364.466000199317932 ], [ 410717.064999995462131, 7102037.290000198408961 ], [ 410341.191999995498918, 7101708.530000195838511 ] ] ], [ [ [ 412986.623999995994382, 7134009.983000217936933 ], [ 424749.226999997044913, 7139462.176000273786485 ], [ 429577.579999997687992, 7125540.655000285245478 ], [ 440450.598999998765066, 7109910.089000293053687 ], [ 433609.664999997883569, 7107754.562000287696719 ], [ 435651.349999998172279, 7104036.072000288404524 ], [ 429302.691999997361563, 7099745.56700028013438 ], [ 433160.781999997911043, 7098644.830000286921859 ], [ 431064.135999997553881, 7094857.195000282488763 ], [ 428282.551999997347593, 7097106.906000279821455 ], [ 428100.787999997206498, 7089104.381000276654959 ], [ 419895.480999995954335, 7090245.127000253647566 ], [ 411527.059999995166436, 7099937.786000206135213 ], [ 411704.106999995419756, 7104038.678000209853053 ], [ 409240.663999995274935, 7101260.909000185318291 ], [ 397147.527, 7110914.259999993257225 ], [ 396150.592000001401175, 7115313.271999964490533 ], [ 400352.008999998099171, 7113773.540000059641898 ], [ 410560.637999996077269, 7124034.393000198528171 ], [ 412800.270999996049795, 7130590.981000217609107 ], [ 415753.272999996086583, 7128973.687000236473978 ], [ 412986.623999995994382, 7134009.983000217936933 ] ] ], [ [ [ 409936.539999995846301, 7125447.631000190973282 ], [ 409324.600999996066093, 7126284.029000186361372 ], [ 409914.305999995965976, 7125834.950000189244747 ], [ 410634.783999995910563, 7126794.056000197306275 ], [ 409936.539999995846301, 7125447.631000190973282 ] ] ] ] } },
{ "type": "Feature", "properties": { "id": 44, "gml_id": 28022830, "natcode": "729", "namefin": "Saarijärvi", "nameswe": "Saarijärvi", "landarea": 1251.77, "freshwarea": 170.96, "seawarea": null, "totalarea": 1422.73 }, "geometry": { "type": "MultiPolygon", "coordinates": [ [ [ [ 372356.168000026722439, 6955798.066999071277678 ], [ 389285.191999994218349, 6964843.74899987410754 ], [ 394174.543999991205055, 6958027.294999996200204 ], [ 395308.740999991539866, 6963387.582000015303493 ], [ 391551.332999992766418, 6965752.722999933175743 ], [ 399938.646999991324265, 6971738.933000089600682 ], [ 406827.237999991688412, 6964481.633000164292753 ], [ 413355.655999993206933, 6965786.865000208839774 ], [ 422124.875999995390885, 6976321.495000241324306 ], [ 426671.992999996407889, 6976335.01900025177747 ], [ 433491.843999997712672, 6962014.069000255316496 ], [ 422908.88999999553198, 6955970.966000239364803 ], [ 421755.833999995258637, 6946316.578000232577324 ], [ 424107.163999995682389, 6942473.565000238828361 ], [ 417949.166999994020443, 6933216.313000220805407 ], [ 410065.515999991912395, 6935294.781000186689198 ], [ 406701.070999991090503, 6940362.619000162929296 ], [ 405811.567999991006218, 6940718.820000155828893 ], [ 395155.459999989892822, 6939442.320000018924475 ], [ 392185.815999990794808, 6943010.068999957293272 ], [ 382378.240999997477047, 6935481.698999665677547 ], [ 372356.168000026722439, 6955798.066999071277678 ] ] ] ] } },
{ "type": "Feature", "properties": { "id": 45, "gml_id": 28018589, "natcode": "295", "namefin": "Kumlinge", "nameswe": "Kumlinge", "landarea": 99.17, "freshwarea": 0.38, "seawarea": 766.25, "totalarea": 865.8 }, "geometry": { "type": "MultiPolygon", "coordinates": [ [ [ [ 130490.069725232257042, 6759966.309129395522177 ], [ 143329.356502595590428, 6741792.778199878521264 ], [ 143398.804474337899592, 6720017.354332850314677 ], [ 156256.46933880931465, 6718700.769019910134375 ], [ 159345.370306270197034, 6711369.003187234513462 ], [ 166938.534248499840032, 6709809.248492524959147 ], [ 168498.101235419802833, 6705446.84856182616204 ], [ 162720.354269524395932, 6696983.509377405047417 ], [ 159927.189277974888682, 6679907.965328328311443 ], [ 150914.17735620343592, 6683806.436920228414237 ], [ 144951.169424148218241, 6691887.870575597509742 ], [ 148689.254396120028105, 6702665.073721271008253 ], [ 147210.369419329508673, 6709978.724605760537088 ], [ 143835.101455480093136, 6708555.446423290297389 ], [ 144820.222451864625327, 6715222.73544361628592 ], [ 140496.266512120026164, 6721257.998145707882941 ], [ 136118.410572022083215, 6721648.381851489655674 ], [ 137667.699573721096385, 6737834.618849268183112 ], [ 124827.075823628809303, 6756008.839663652703166 ], [ 130490.069725232257042, 6759966.309129395522177 ] ], [ [ 167378.365244301094208, 6707881.434514603577554 ], [ 167409.495244110468775, 6707908.714515633881092 ], [ 167439.060243847372476, 6707805.085517023690045 ], [ 167378.365244301094208, 6707881.434514603577554 ] ] ], [ [ [ 168428.665236037224531, 6705720.372558560222387 ], [ 168442.380235962977167, 6705744.429558964446187 ], [ 168458.096235836856067, 6705704.866559634916484 ], [ 168428.665236037224531, 6705720.372558560222387 ] ] ], [ [ [ 162712.442269312217832, 6696597.229378441348672 ], [ 162736.055269150121603, 6696610.888379304669797 ], [ 162723.320269213523716, 6696569.203378957696259 ], [ 162712.442269312217832, 6696597.229378441348672 ] ] ], [ [ [ 162731.482268923486117, 6696238.216380420140922 ], [ 162773.611268563603517, 6696159.668382315896451 ], [ 162729.195268863346428, 6696128.125380715355277 ], [ 162731.482268923486117, 6696238.216380420140922 ] ] ] ] } },
{ "type": "Feature", "properties": { "id": 46, "gml_id": 28028098, "natcode": "240", "namefin": "Kemi", "nameswe": "Kemi", "landarea": 95.72, "freshwarea": 6.96, "seawarea": 644.48, "totalarea": 747.16 }, "geometry": { "type": "MultiPolygon", "coordinates": [ [ [ [ 367343.655000230995938, 7249044.45999700948596 ], [ 369177.909000226703938, 7279711.873997122049332 ], [ 388122.169000048248563, 7299270.588999360799789 ], [ 394766.473000022757333, 7293967.353999740444124 ], [ 396561.130000017466955, 7287772.239999823272228 ], [ 382862.490000066696666, 7261658.245999056845903 ], [ 367343.655000230995938, 7249044.45999700948596 ] ], [ [ 389105.994000041508116, 7289733.704999446868896 ], [ 388893.644000042520929, 7289811.512999434955418 ], [ 389067.077000041608699, 7289832.452999444678426 ], [ 389105.994000041508116, 7289733.704999446868896 ] ], [ [ 389036.834000041766558, 7289859.320999442599714 ], [ 389030.60000004194444, 7289923.5769994398579 ], [ 389224.631000041146763, 7289885.069999454542994 ], [ 389036.834000041766558, 7289859.320999442599714 ] ] ] ] } },
{ "type": "Feature", "properties": { "id": 47, "gml_id": 28025801, "natcode": "276", "namefin": "Kontiolahti", "nameswe": "Kontiolahti", "landarea": 799.8, "freshwarea": 230.02, "seawarea": null, "totalarea": 1029.82 }, "geometry": { "type": "MultiPolygon", "coordinates": [ [ [ [ 635125.143999935942702, 6949862.09599840734154 ], [ 630726.037999955937266, 6965153.039998791180551 ], [ 638630.657999896327965, 6971477.506997872143984 ], [ 632100.624999940628186, 6984752.322998592630029 ], [ 644746.744999802089296, 6996142.214996690861881 ], [ 649789.701999716926366, 6991215.546995610930026 ], [ 649880.826999733690172, 6976093.870995745994151 ], [ 655004.356999634532258, 6964709.983994499780238 ], [ 663199.29999938479159, 6959102.413991662673652 ], [ 668582.22099917428568, 6948948.484989364631474 ], [ 664344.528999375062995, 6944403.974991467781365 ], [ 659635.308999536908232, 6945837.527993275783956 ], [ 651244.413999749696814, 6940711.584995779208839 ], [ 648754.284999785944819, 6947504.309996277093887 ], [ 635125.143999935942702, 6949862.09599840734154 ] ] ] ] } },
{ "type": "Feature", "properties": { "id": 48, "gml_id": 28025918, "natcode": "732", "namefin": "Salla", "nameswe": "Salla", "landarea": 5729.77, "freshwarea": 142.63, "seawarea": null, "totalarea": 5872.4 }, "geometry": { "type": "MultiPolygon", "coordinates": [ [ [ [ 575470.260000001057051, 7375090.258000274188817 ], [ 562149.926000000908971, 7375474.39500031247735 ], [ 554638.625000000698492, 7367022.047000320628285 ], [ 550800.376000000513159, 7368510.817000321112573 ], [ 547840.443000000319444, 7376208.209000321105123 ], [ 552751.405000000610016, 7390284.340000322088599 ], [ 551033.071000000461936, 7398151.583000321872532 ], [ 546980.158000000403263, 7398733.503000322729349 ], [ 541487.003000000258908, 7406765.444000326097012 ], [ 539466.605000000214204, 7426306.568000325001776 ], [ 541652.829000000259839, 7434993.629000321961939 ], [ 572720.464000000501983, 7447903.362000278197229 ], [ 583261.250999996438622, 7475569.208000177517533 ], [ 612091.899999871035106, 7523305.399998530745506 ], [ 627859.699999576085247, 7509583.999995374120772 ], [ 624978.799999677576125, 7492585.399996395222843 ], [ 613666.999999879626557, 7471233.699998592957854 ], [ 608563.299999924493022, 7468132.599999135360122 ], [ 588909.499999993829988, 7424527.900000111199915 ], [ 592595.799999990384094, 7409584.20000004209578 ], [ 604455.999999964027666, 7393092.599999614059925 ], [ 614766.057999912183732, 7370520.71199890319258 ], [ 600714.573999978834763, 7369981.51499982457608 ], [ 600847.894999979063869, 7367226.2359998235479 ], [ 575470.260000001057051, 7375090.258000274188817 ] ], [ [ 555874.30700000084471, 7392080.846000318415463 ], [ 556298.088000000687316, 7391732.18000031914562 ], [ 556067.403000000747852, 7391580.853000321425498 ], [ 555874.30700000084471, 7392080.846000318415463 ] ] ] ] } },
{ "type": "Feature", "properties": { "id": 49, "gml_id": 28025979, "natcode": "615", "namefin": "Pudasjärvi", "nameswe": "Pudasjärvi", "landarea": 5638.96, "freshwarea": 228.38, "seawarea": null, "totalarea": 5867.34 }, "geometry": { "type": "MultiPolygon", "coordinates": [ [ [ [ 461385.91699999984121, 7289578.810000321827829 ], [ 484995.635999999940395, 7286582.189000319689512 ], [ 501042.169999999925494, 7288021.036000319756567 ], [ 518504.474000000045635, 7313091.031000322662294 ], [ 523951.184000000183005, 7311273.286000322550535 ], [ 529768.179000000120141, 7315646.993000321090221 ], [ 535884.59900000016205, 7302094.746000322513282 ], [ 532616.564000000129454, 7295659.374000317417085 ], [ 537909.957000000169501, 7281546.950000317767262 ], [ 537767.002000000094995, 7258017.103000316768885 ], [ 553051.591000000713393, 7246493.273000314831734 ], [ 554383.620000000693835, 7237109.199000313878059 ], [ 544482.124000000185333, 7231907.344000312499702 ], [ 542034.916000000201166, 7218936.990000313147902 ], [ 531310.617000000085682, 7222140.255000312812626 ], [ 521287.781999999948312, 7218248.378000312484801 ], [ 480898.690000000060536, 7219399.672000313177705 ], [ 468009.56899999990128, 7231051.7860003169626 ], [ 464234.848999999871012, 7239236.425000316463411 ], [ 471989.998999999894295, 7244910.524000314995646 ], [ 464134.677999999839813, 7244694.714000316336751 ], [ 462505.279999999969732, 7245541.671000317670405 ], [ 460525.568999999843072, 7247455.009000317193568 ], [ 464191.820999999879859, 7244813.414000315591693 ], [ 473314.689999999944121, 7247271.047000316902995 ], [ 472162.07999999995809, 7250233.09400031529367 ], [ 460700.885999999882188, 7255425.283000317402184 ], [ 461385.91699999984121, 7289578.810000321827829 ] ] ], [ [ [ 465882.281999999890104, 7249890.269000316038728 ], [ 467352.707999999984168, 7251182.716000314801931 ], [ 466162.083999999857042, 7249611.965000317431986 ], [ 465882.281999999890104, 7249890.269000316038728 ] ] ] ] } },
{ "type": "Feature", "properties": { "id": 50, "gml_id": 28023618, "natcode": "743", "namefin": "Seinäjoki", "nameswe": "Seinäjoki", "landarea": 1431.59, "freshwarea": 37.52, "seawarea": null, "totalarea": 1469.11 }, "geometry": { "type": "MultiPolygon", "coordinates": [ [ [ [ 286846.473009198554792, 6996800.668920375406742 ], [ 287337.913008515140973, 6978130.508925185538828 ], [ 302288.27200427360367, 6975938.654958633705974 ], [ 297610.494005241780542, 6970735.971950651146472 ], [ 305867.083003538486082, 6970888.556964726187289 ], [ 310144.483002816501539, 6965973.222970875911415 ], [ 303353.320003779488616, 6953056.35896245483309 ], [ 310341.131002594076563, 6943643.054972579702735 ], [ 308398.059002851368859, 6942546.261970301158726 ], [ 306963.875003034365363, 6939661.119968664832413 ], [ 312534.219002199708484, 6927715.965975947678089 ], [ 300261.951003897353075, 6915694.296960932202637 ], [ 298464.079004420607816, 6928646.24395673442632 ], [ 289974.872006915393285, 6947656.869936965405941 ], [ 288071.840007507533301, 6946907.893932334147394 ], [ 286617.684008168755099, 6953752.372927361167967 ], [ 289022.974007418379188, 6956906.779933211393654 ], [ 279978.130011327157263, 6967911.55890395026654 ], [ 284586.114009528886527, 6975794.180917484685779 ], [ 283232.283010178420227, 6978432.021912681870162 ], [ 260556.009024942206452, 6971497.368808846920729 ], [ 266521.786020209896378, 6978803.848841236904263 ], [ 267643.22701988753397, 6988541.675843747332692 ], [ 274362.05601573275635, 7000649.614873012527823 ], [ 281740.431011638138443, 7002279.760902426205575 ], [ 286846.473009198554792, 6996800.668920375406742 ] ] ], [ [ [ 295531.117005939653609, 6980224.379945210181177 ], [ 295185.548006024793722, 6979706.464944528415799 ], [ 295304.37700600217795, 6980268.234944713301957 ], [ 295531.117005939653609, 6980224.379945210181177 ] ] ], [ [ [ 295466.451005946204532, 6979623.84294514823705 ], [ 295628.785005917714443, 6980485.099945388734341 ], [ 296485.733005677466281, 6979806.68294729012996 ], [ 295466.451005946204532, 6979623.84294514823705 ] ] ], [ [ [ 295238.406005994416773, 6978854.880944753997028 ], [ 295039.437006055784877, 6979211.254944271408021 ], [ 295351.451005966868252, 6979039.165944975800812 ], [ 295238.406005994416773, 6978854.880944753997028 ] ] ], [ [ [ 295328.728005966870114, 6978698.406944968737662 ], [ 295267.82600597909186, 6978456.896944867447019 ], [ 295259.742005985172, 6978668.955944824032485 ], [ 295328.728005966870114, 6978698.406944968737662 ] ] ], [ [ [ 294567.360006178962067, 6978747.317943291738629 ], [ 294911.260006081138272, 6978663.218944063410163 ], [ 294814.576006106100976, 6978561.131943865679204 ], [ 294567.360006178962067, 6978747.317943291738629 ] ] ], [ [ [ 309216.433002732461318, 6942115.082971337251365 ], [ 309406.792002708825748, 6942402.890971548855305 ], [ 309284.571002720622346, 6941838.279971439391375 ], [ 309216.433002732461318, 6942115.082971337251365 ] ] ] ] } },
{ "type": "Feature", "properties": { "id": 51, "gml_id": 28021160, "natcode": "504", "namefin": "Myrskylä", "nameswe": "Mörskom", "landarea": 200.48, "freshwarea": 5.87, "seawarea": null, "totalarea": 206.35 }, "geometry": { "type": "MultiPolygon", "coordinates": [ [ [ [ 440828.432999998447485, 6733857.073000180535018 ], [ 440101.119999998365529, 6722859.865000178106129 ], [ 445065.247999998973683, 6723948.382000178098679 ], [ 445982.390999998897314, 6720911.89000017568469 ], [ 435590.599999997590203, 6713100.502000172622502 ], [ 426631.179999995511025, 6720528.16900016926229 ], [ 431598.60299999685958, 6730923.0900001777336 ], [ 440828.432999998447485, 6733857.073000180535018 ] ] ] ] } },
{ "type": "Feature", "properties": { "id": 52, "gml_id": 28023896, "natcode": "484", "namefin": "Merikarvia", "nameswe": "Sastmola", "landarea": 446.34, "freshwarea": 4.56, "seawarea": 795.34, "totalarea": 1246.24 }, "geometry": { "type": "MultiPolygon", "coordinates": [ [ [ [ 176308.585300979437307, 6880854.954252313822508 ], [ 200249.327150253462605, 6881206.405056394636631 ], [ 213658.470101292885374, 6889017.399334922432899 ], [ 225348.301068945263978, 6887071.5515261804685 ], [ 219842.281077801715583, 6865149.138471161946654 ], [ 221807.994071429420728, 6857383.968508877791464 ], [ 177111.126275384216569, 6855934.353380405344069 ], [ 176308.585300979437307, 6880854.954252313822508 ] ] ] ] } },
{ "type": "Feature", "properties": { "id": 53, "gml_id": 28019841, "natcode": "636", "namefin": "Pöytyä", "nameswe": "Pöytyä", "landarea": 749.99, "freshwarea": 23.56, "seawarea": null, "totalarea": 773.55 }, "geometry": { "type": "MultiPolygon", "coordinates": [ [ [ [ 261728.109013047098415, 6762641.747885216958821 ], [ 258697.330014499020763, 6757976.772874232381582 ], [ 260436.313013383885846, 6753935.292882373556495 ], [ 268497.490009585104417, 6750847.949911259114742 ], [ 278461.804006036370993, 6737972.110939419828355 ], [ 273291.590007329767104, 6728645.780928523279727 ], [ 256459.072014705161564, 6732989.545871697366238 ], [ 241445.870026967866579, 6748953.619785258546472 ], [ 237353.478032026963774, 6758228.768751432187855 ], [ 242104.380027453124058, 6763708.03378274384886 ], [ 257436.007015571201919, 6765638.90186664275825 ], [ 261728.109013047098415, 6762641.747885216958821 ] ] ] ] } },
{ "type": "Feature", "properties": { "id": 54, "gml_id": 28022203, "natcode": "097", "namefin": "Hirvensalmi", "nameswe": "Hirvensalmi", "landarea": 465.19, "freshwarea": 281.4, "seawarea": null, "totalarea": 746.59 }, "geometry": { "type": "MultiPolygon", "coordinates": [ [ [ [ 474311.49800000002142, 6832730.575000219978392 ], [ 475162.571000000054482, 6841206.497000223957002 ], [ 466646.517, 6852939.704000229015946 ], [ 467275.026000000012573, 6857272.810000229626894 ], [ 475532.309, 6858056.471000228077173 ], [ 476368.686999999918044, 6855408.95000023022294 ], [ 479269.288000000058673, 6858484.524000231176615 ], [ 481308.611000000149943, 6850687.899000228382647 ], [ 483435.31599999993341, 6855450.984000226482749 ], [ 490603.679000000061933, 6859256.993000230751932 ], [ 493865.734000000229571, 6844951.219000223092735 ], [ 499060.834999999962747, 6840837.129000222310424 ], [ 500367.853000000061002, 6832655.149000220932066 ], [ 497442.150999999954365, 6830848.061000219546258 ], [ 501318.150000000139698, 6823435.759000219404697 ], [ 498066.770999999949709, 6818863.90500021725893 ], [ 491274.430000000051223, 6821040.22000021673739 ], [ 488468.130999999935739, 6827507.147000218741596 ], [ 486295.131000000110362, 6825297.024000219069421 ], [ 478783.560000000055879, 6830093.662000219337642 ], [ 478759.813999999954831, 6822624.445000217296183 ], [ 474311.49800000002142, 6832730.575000219978392 ] ] ] ] } },
{ "type": "Feature", "properties": { "id": 55, "gml_id": 28019741, "natcode": "061", "namefin": "Forssa", "nameswe": "Forssa", "landarea": 248.87, "freshwarea": 4.49, "seawarea": null, "totalarea": 253.36 }, "geometry": { "type": "MultiPolygon", "coordinates": [ [ [ [ 328775.254000444198027, 6760206.70999211538583 ], [ 324225.629000601242296, 6760248.959990223869681 ], [ 318026.138000859646127, 6753746.972987213172019 ], [ 320586.470000709872693, 6745606.739988807588816 ], [ 316771.281000885821413, 6742929.05898679047823 ], [ 312251.770001158642117, 6744213.355983855202794 ], [ 312868.97200118744513, 6759376.301983753219247 ], [ 308185.517001576954499, 6766112.177979853004217 ], [ 322286.219000704004429, 6768255.123989119194448 ], [ 328775.254000444198027, 6760206.70999211538583 ] ] ] ] } },
{ "type": "Feature", "properties": { "id": 56, "gml_id": 28024512, "natcode": "145", "namefin": "Ilmajoki", "nameswe": "Ilmajoki", "landarea": 576.72, "freshwarea": 2.89, "seawarea": null, "totalarea": 579.61 }, "geometry": { "type": "MultiPolygon", "coordinates": [ [ [ [ 287666.692007752484642, 6951654.695930525660515 ], [ 279152.426011115778238, 6949750.313905098475516 ], [ 277334.629012068035081, 6951851.564898137003183 ], [ 278375.080011428974103, 6948122.065902744419873 ], [ 275442.942012941930443, 6948981.814891688525677 ], [ 274928.723013332579285, 6951909.741888926364481 ], [ 252161.233033434167737, 6963676.432752436958253 ], [ 259059.772026381338947, 6971163.904799195937812 ], [ 283232.283010178420227, 6978432.021912681870162 ], [ 284586.114009528886527, 6975794.180917484685779 ], [ 279978.130011327157263, 6967911.55890395026654 ], [ 289022.974007418379188, 6956906.779933211393654 ], [ 287666.692007752484642, 6951654.695930525660515 ] ] ] ] } },
{ "type": "Feature", "properties": { "id": 57, "gml_id": 28025677, "natcode": "607", "namefin": "Polvijärvi", "nameswe": "Polvijärvi", "landarea": 804.68, "freshwarea": 153.65, "seawarea": null, "totalarea": 958.33 }, "geometry": { "type": "MultiPolygon", "coordinates": [ [ [ [ 622811.277999989688396, 6952316.301999394781888 ], [ 614469.029000002308749, 6964953.623999755829573 ], [ 602254.596000008750707, 6973094.307000058703125 ], [ 598006.633000008529052, 6979998.462000113911927 ], [ 601327.515000008279458, 6979098.636000068858266 ], [ 600004.690000008326024, 6982527.134000089019537 ], [ 607783.378000006079674, 6986258.264999940060079 ], [ 608710.923000005073845, 6990737.068999914452434 ], [ 619052.982999990694225, 6993850.253999526612461 ], [ 620565.754999985569157, 7000040.473999438807368 ], [ 625977.277999968500808, 6995378.749999097548425 ], [ 638630.657999896327965, 6971477.506997872143984 ], [ 630726.037999955937266, 6965153.039998791180551 ], [ 632146.535999951185659, 6957206.257998686283827 ], [ 625846.496999979484826, 6957002.853999197483063 ], [ 622811.277999989688396, 6952316.301999394781888 ] ] ] ] } },
{ "type": "Feature", "properties": { "id": 58, "gml_id": 28020584, "natcode": "434", "namefin": "Loviisa", "nameswe": "Lovisa", "landarea": 820.38, "freshwarea": 25.44, "seawarea": 905.7, "totalarea": 1751.52 }, "geometry": { "type": "MultiPolygon", "coordinates": [ [ [ [ 459410.056999999738764, 6656612.67500014975667 ], [ 447734.942999999329913, 6680761.076000159606338 ], [ 440422.213999998173676, 6679133.428000157698989 ], [ 442518.716999998607207, 6680108.378000159747899 ], [ 440226.511999998241663, 6684222.574000161141157 ], [ 441981.100999998569023, 6697323.176000165753067 ], [ 434110.318999997281935, 6706238.575000167824328 ], [ 435775.775999997567851, 6714002.58000017143786 ], [ 441792.402999998419546, 6715647.398000175133348 ], [ 445343.494999998889398, 6723529.062000178731978 ], [ 449391.835999999311753, 6723569.393000178970397 ], [ 450143.083999999333173, 6717622.116000178270042 ], [ 453489.887999999686144, 6715315.299000174738467 ], [ 454696.639999999548309, 6717911.045000176876783 ], [ 460632.95599999994738, 6707322.597000171430409 ], [ 465961.263999999966472, 6708197.656000171788037 ], [ 464312.69299999991199, 6725246.074000178836286 ], [ 474758.047999999951571, 6717763.489000175148249 ], [ 475008.678999999945518, 6713299.021000173874199 ], [ 469660.842999999935273, 6706380.051000173203647 ], [ 480933.84599999996135, 6670541.515000157058239 ], [ 471794.312000000150874, 6668616.332000155933201 ], [ 459410.056999999738764, 6656612.67500014975667 ] ] ] ] } },
{ "type": "Feature", "properties": { "id": 59, "gml_id": 28023804, "natcode": "922", "namefin": "Vesilahti", "nameswe": "Vesilahti", "landarea": 301.08, "freshwarea": 52.85, "seawarea": null, "totalarea": 353.93 }, "geometry": { "type": "MultiPolygon", "coordinates": [ [ [ [ 325014.538000668166205, 6796004.594989807344973 ], [ 322247.307000777218491, 6791190.064988533966243 ], [ 307593.313001777103636, 6790341.530978217720985 ], [ 306133.791001944453456, 6794100.165976649150252 ], [ 300346.113002619240433, 6795011.413970320485532 ], [ 301102.603002571209799, 6800694.351970852352679 ], [ 297788.895003073674161, 6805221.833966357633471 ], [ 300931.473002659156919, 6808129.884970164857805 ], [ 308556.798001776158344, 6804525.654978418722749 ], [ 307206.59400193230249, 6808297.845976961776614 ], [ 308321.024001836194657, 6810410.297977915965021 ], [ 311934.627001522807404, 6812066.55698100104928 ], [ 325014.538000668166205, 6796004.594989807344973 ] ], [ [ 309808.22400169679895, 6810356.97497926838696 ], [ 310122.384001668426208, 6810318.432979547418654 ], [ 310034.405001675419044, 6810169.628979476168752 ], [ 309808.22400169679895, 6810356.97497926838696 ] ] ] ] } },
{ "type": "Feature", "properties": { "id": 60, "gml_id": 28023206, "natcode": "500", "namefin": "Muurame", "nameswe": "Muurame", "landarea": 144.07, "freshwarea": 49.99, "seawarea": null, "totalarea": 194.06 }, "geometry": { "type": "MultiPolygon", "coordinates": [ [ [ [ 435607.854999997885898, 6881871.840000233612955 ], [ 420601.02599999436643, 6884704.181000215001404 ], [ 424031.159999995317776, 6892855.821000225841999 ], [ 420839.973999994574115, 6895655.202000218443573 ], [ 421723.214999995019753, 6901049.367000221274793 ], [ 425743.025999995996244, 6902051.390000231564045 ], [ 426733.720999996119644, 6895892.157000228762627 ], [ 430600.780999996990431, 6897516.207000236026943 ], [ 431927.295999997179024, 6894450.361000233329833 ], [ 435547.502999997755978, 6894835.547000240534544 ], [ 437152.515999997965991, 6891742.341000235639513 ], [ 432474.640999997209292, 6890668.607000233605504 ], [ 437094.213999998057261, 6885285.371000234037638 ], [ 435607.854999997885898, 6881871.840000233612955 ] ] ] ] } },
{ "type": "Feature", "properties": { "id": 61, "gml_id": 28024056, "natcode": "893", "namefin": "Uusikaarlepyy", "nameswe": "Nykarleby", "landarea": 732.86, "freshwarea": 4.49, "seawarea": 937.86, "totalarea": 1675.21 }, "geometry": { "type": "MultiPolygon", "coordinates": [ [ [ [ 280240.272013236186467, 7024528.828891336917877 ], [ 276843.884015522198752, 7030808.729875233024359 ], [ 263745.76502635050565, 7033349.833801498636603 ], [ 254049.107038925401866, 7041655.537720328196883 ], [ 232980.196089258242864, 7071558.439418754540384 ], [ 247329.894054496922763, 7073840.815624927170575 ], [ 252487.637046008574544, 7080001.357677422463894 ], [ 292166.972008536336944, 7050018.450926299206913 ], [ 291976.823008490959182, 7045424.804926563985646 ], [ 296118.268007028615102, 7044471.75893768388778 ], [ 293420.789007906627376, 7043135.998930946923792 ], [ 294080.171007509692572, 7035861.479933859780431 ], [ 298610.931006078841165, 7034288.401944918558002 ], [ 298813.974005920696072, 7028712.223946087062359 ], [ 293423.040007662493736, 7032753.486932640895247 ], [ 286823.700010246946476, 7032714.967913249507546 ], [ 281448.327012761554215, 7029351.512894853018224 ], [ 286859.233010214404203, 7032165.546913479454815 ], [ 287627.128009835490957, 7030654.004916255362332 ], [ 280240.272013236186467, 7024528.828891336917877 ] ], [ [ 292722.666007958818227, 7034933.162930420599878 ], [ 294507.34900733071845, 7034255.264935203827918 ], [ 292434.552008049795404, 7034448.54192971996963 ], [ 292722.666007958818227, 7034933.162930420599878 ] ] ] ] } },
{ "type": "Feature", "properties": { "id": 62, "gml_id": 28027925, "natcode": "320", "namefin": "Kemijärvi", "nameswe": "Kemijärvi", "landarea": 3503.94, "freshwarea": 427.22, "seawarea": null, "totalarea": 3931.16 }, "geometry": { "type": "MultiPolygon", "coordinates": [ [ [ [ 555874.30700000084471, 7392080.846000318415463 ], [ 556298.088000000687316, 7391732.18000031914562 ], [ 556067.403000000747852, 7391580.853000321425498 ], [ 555874.30700000084471, 7392080.846000318415463 ] ] ], [ [ [ 518606.7620000000461, 7352192.601000322960317 ], [ 486582.211999999941327, 7383990.811000324785709 ], [ 484922.514999999955762, 7411618.588000324554741 ], [ 476747.712000000057742, 7424183.039000324904919 ], [ 510844.980000000039581, 7432805.538000324741006 ], [ 514602.317000000155531, 7436216.001000327058136 ], [ 517344.36199999996461, 7432222.519000326283276 ], [ 529899.707000000053085, 7429190.254000326618552 ], [ 538619.006000000168569, 7418935.01400032453239 ], [ 541487.003000000258908, 7406765.444000326097012 ], [ 546980.158000000403263, 7398733.503000322729349 ], [ 551033.071000000461936, 7398151.583000321872532 ], [ 552751.405000000610016, 7390284.340000322088599 ], [ 547840.443000000319444, 7376208.209000321105123 ], [ 550800.376000000513159, 7368510.817000321112573 ], [ 535378.621000000159256, 7368308.191000323742628 ], [ 526623.087000000057742, 7364728.303000323474407 ], [ 518606.7620000000461, 7352192.601000322960317 ] ], [ [ 538716.037000000127591, 7370145.63900032453239 ], [ 539785.796000000205822, 7369972.618000323884189 ], [ 539536.31900000013411, 7369574.379000321961939 ], [ 538716.037000000127591, 7370145.63900032453239 ] ] ] ] } },
{ "type": "Feature", "properties": { "id": 63, "gml_id": 28025527, "natcode": "140", "namefin": "Iisalmi", "nameswe": "Idensalmi", "landarea": 763.01, "freshwarea": 109.16, "seawarea": null, "totalarea": 872.17 }, "geometry": { "type": "MultiPolygon", "coordinates": [ [ [ [ 512905.775000000081491, 7062367.74000028707087 ], [ 518261.549000000115484, 7054881.637000284157693 ], [ 526914.361000000266358, 7050970.423000284470618 ], [ 533260.686000000103377, 7040135.246000284329057 ], [ 528365.096000000019558, 7039498.565000283531845 ], [ 524262.08399999991525, 7044094.388000283390284 ], [ 522795.839000000094529, 7038906.361000281758606 ], [ 520848.295000000100117, 7043132.853000284172595 ], [ 515491.408000000054017, 7033982.789000279270113 ], [ 510252.105000000039581, 7035313.812000281177461 ], [ 505955.992000000027474, 7026731.548000278882682 ], [ 508639.47199999995064, 7023805.829000276513398 ], [ 509139.435, 7023009.574000277556479 ], [ 509161.972, 7022394.746000278741121 ], [ 502631.875999999931082, 7018936.614000275731087 ], [ 496593.56599999993341, 7036147.51800028141588 ], [ 492593.288, 7037654.537000281736255 ], [ 490149.767, 7056711.280000286176801 ], [ 491521.86099999997532, 7059901.95200028643012 ], [ 497584.158000000054017, 7053612.130000284872949 ], [ 500635.070000000065193, 7054145.453000284731388 ], [ 503182.18400000006659, 7060467.576000288128853 ], [ 510347.007000000041444, 7058177.839000287465751 ], [ 512905.775000000081491, 7062367.74000028707087 ] ] ] ] } },
{ "type": "Feature", "properties": { "id": 64, "gml_id": 28021538, "natcode": "211", "namefin": "Kangasala", "nameswe": "Kangasala", "landarea": 658.03, "freshwarea": 212.84, "seawarea": null, "totalarea": 870.87 }, "geometry": { "type": "MultiPolygon", "coordinates": [ [ [ [ 391802.691999982576817, 6814673.846999984234571 ], [ 381898.969999983208254, 6819488.900999748148024 ], [ 378918.741999984253198, 6814558.265999650582671 ], [ 363858.73000001325272, 6811612.34899877756834 ], [ 355052.201000063272659, 6814610.487997823394835 ], [ 355899.839000054402277, 6810180.344997951760888 ], [ 340639.778000229271129, 6801594.19799523614347 ], [ 337279.333000299870037, 6803325.691994308494031 ], [ 334112.119000397680793, 6814346.141993155702949 ], [ 347270.109000162105076, 6836030.210996404290199 ], [ 353699.595000083674677, 6829178.151997555978596 ], [ 357714.081000053556636, 6830878.399998082779348 ], [ 359126.455000042915344, 6827513.749998259358108 ], [ 373679.487999991164543, 6822313.435999410226941 ], [ 379648.670999984839, 6823439.441999670118093 ], [ 380221.665999985183589, 6827896.204999687150121 ], [ 390777.873999983072281, 6824551.545999965630472 ], [ 391802.691999982576817, 6814673.846999984234571 ] ] ] ] } },
{ "type": "Feature", "properties": { "id": 65, "gml_id": 28025692, "natcode": "204", "namefin": "Kaavi", "nameswe": "Kaavi", "landarea": 674.1, "freshwarea": 115.49, "seawarea": null, "totalarea": 789.59 }, "geometry": { "type": "MultiPolygon", "coordinates": [ [ [ [ 604624.085000007180497, 6985773.065000009723008 ], [ 600004.690000008326024, 6982527.134000089019537 ], [ 601327.515000008279458, 6979098.636000068858266 ], [ 598006.633000008529052, 6979998.462000113911927 ], [ 606795.790000007837079, 6970125.148999970406294 ], [ 598490.720000009052455, 6961765.921000110916793 ], [ 592178.462000008090399, 6967957.980000173673034 ], [ 587750.825000006821938, 6966309.018000205047429 ], [ 584310.041000006254762, 6973884.595000218600035 ], [ 570283.986000003060326, 6982319.260000254958868 ], [ 574577.481000003986992, 6987854.197000251151621 ], [ 570748.676000003004447, 6993623.0850002579391 ], [ 577962.83300000440795, 7000380.050000246614218 ], [ 588843.377000006730668, 7002040.871000199578702 ], [ 594040.00800000759773, 6993322.291000158526003 ], [ 604624.085000007180497, 6985773.065000009723008 ] ] ] ] } },
{ "type": "Feature", "properties": { "id": 66, "gml_id": 28027087, "natcode": "748", "namefin": "Siikajoki", "nameswe": "Siikajoki", "landarea": 1055.54, "freshwarea": 8.73, "seawarea": 591.09, "totalarea": 1655.36 }, "geometry": { "type": "MultiPolygon", "coordinates": [ [ [ [ 389998.486000019009225, 7182429.409999687224627 ], [ 390178.78400001837872, 7181458.65099969599396 ], [ 389604.114000019966625, 7182862.514999667182565 ], [ 389998.486000019009225, 7182429.409999687224627 ] ] ], [ [ [ 389214.970000021043234, 7182010.68299965094775 ], [ 388887.211000022070948, 7182659.935999631881714 ], [ 389346.378000020631589, 7182058.161999654956162 ], [ 389214.970000021043234, 7182010.68299965094775 ] ] ], [ [ [ 393245.738000010838732, 7173583.1799998274073 ], [ 393252.010000011068769, 7173665.25399983022362 ], [ 393262.676000010687858, 7173566.309999828226864 ], [ 393245.738000010838732, 7173583.1799998274073 ] ] ], [ [ [ 424470.39599999692291, 7144318.744000274688005 ], [ 411552.859999996435363, 7151196.279000204056501 ], [ 406327.09999999764841, 7157955.228000144474208 ], [ 391626.297000012651552, 7164350.757999777793884 ], [ 395393.326000007393304, 7172655.065999902784824 ], [ 387801.405000025755726, 7186547.959999572485685 ], [ 355122.821000451978762, 7195769.240994454361498 ], [ 360431.317000333103351, 7212610.456995787099004 ], [ 393701.714000013074838, 7199025.714999817311764 ], [ 405158.020000000251457, 7206221.723000111058354 ], [ 402826.438000000780448, 7189072.135000073350966 ], [ 429661.012999997765291, 7166694.445000289939344 ], [ 426218.195999997435138, 7166771.24000028334558 ], [ 422340.813999996869825, 7160577.150000269524753 ], [ 426843.085999997332692, 7153698.287000282667577 ], [ 424767.285999997053295, 7151133.595000275410712 ], [ 426943.205999997269828, 7145583.187000282108784 ], [ 424470.39599999692291, 7144318.744000274688005 ] ], [ [ 402736.93599999928847, 7160813.298000085167587 ], [ 404759.925999998289626, 7160165.552000118419528 ], [ 403396.97099999897182, 7160009.892000096850097 ], [ 402736.93599999928847, 7160813.298000085167587 ] ], [ [ 406791.958999997528736, 7159093.68300015013665 ], [ 406771.676999997522216, 7159360.325000150129199 ], [ 406976.146999997494277, 7159563.429000152274966 ], [ 406791.958999997528736, 7159093.68300015013665 ] ], [ [ 423796.103999996907078, 7146723.32100027333945 ], [ 424379.150999996985774, 7148080.121000275947154 ], [ 424535.841999996977393, 7145425.172000275924802 ], [ 423796.103999996907078, 7146723.32100027333945 ] ], [ [ 388777.399000022618566, 7185667.119999624788761 ], [ 388759.867000022786669, 7185861.786999621428549 ], [ 388883.448000022443011, 7185745.515999629162252 ], [ 388777.399000022618566, 7185667.119999624788761 ] ], [ [ 391641.114000015426427, 7185197.451999751850963 ], [ 392078.243000014626887, 7185270.267999771051109 ], [ 391864.502000014879741, 7184978.697999762371182 ], [ 391641.114000015426427, 7185197.451999751850963 ] ], [ [ 391249.520000016374979, 7186270.002999735996127 ], [ 391058.691000016988255, 7186278.569999728351831 ], [ 391225.18400001648115, 7186463.105999734252691 ], [ 391249.520000016374979, 7186270.002999735996127 ] ], [ [ 390829.544000017107464, 7183926.409999719820917 ], [ 390451.461000018112827, 7184371.344999703578651 ], [ 390186.869000018807128, 7185155.523999689146876 ], [ 390377.286000018357299, 7185281.047999699600041 ], [ 390946.00700001680525, 7184488.085999724455178 ], [ 390829.544000017107464, 7183926.409999719820917 ] ], [ [ 390024.03100001916755, 7184415.043999683111906 ], [ 390106.709000018890947, 7184417.308999689295888 ], [ 390079.616000018897466, 7184350.447999686934054 ], [ 390024.03100001916755, 7184415.043999683111906 ] ], [ [ 391839.387000014365185, 7180608.034999768249691 ], [ 392329.199000013410114, 7180742.866999784484506 ], [ 392069.353000013856217, 7180371.59699977748096 ], [ 391839.387000014365185, 7180608.034999768249691 ] ], [ [ 393642.813000010850374, 7179580.695999839343131 ], [ 393799.067000010574702, 7179627.960999842733145 ], [ 393674.681000010692514, 7179430.822999837808311 ], [ 393642.813000010850374, 7179580.695999839343131 ] ], [ [ 391996.034000013838522, 7179480.2829997735098 ], [ 392049.615000013785902, 7179724.626999775879085 ], [ 392131.041000013588928, 7179666.715999780222774 ], [ 391996.034000013838522, 7179480.2829997735098 ] ], [ [ 394697.451000009197742, 7179573.260999876074493 ], [ 394754.168000008852687, 7179496.252999873831868 ], [ 394633.416000009106938, 7179486.384999870322645 ], [ 394697.451000009197742, 7179573.260999876074493 ] ], [ [ 394547.33200000890065, 7176932.280999871902168 ], [ 394724.949000008637086, 7176769.804999875836074 ], [ 394553.55200000887271, 7176745.443999871611595 ], [ 394547.33200000890065, 7176932.280999871902168 ] ], [ [ 398042.270000004325993, 7176540.387999973259866 ], [ 397980.627000004227739, 7176749.733999972231686 ], [ 398045.66500000434462, 7176780.442999974824488 ], [ 398042.270000004325993, 7176540.387999973259866 ] ], [ [ 396413.801000005681999, 7170757.391999934799969 ], [ 396299.433000006014481, 7171518.342999931424856 ], [ 396537.037000005599111, 7171087.040999935939908 ], [ 396802.12300000526011, 7171326.736999943852425 ], [ 396819.571000005234964, 7171157.37099994532764 ], [ 397342.033000004477799, 7170994.143999960273504 ], [ 397381.804000004427508, 7170818.014999960549176 ], [ 396413.801000005681999, 7170757.391999934799969 ] ], [ [ 394808.866000007838011, 7170844.169999884441495 ], [ 395043.75600000761915, 7171160.188999891281128 ], [ 394845.062000007950701, 7170741.823999884538352 ], [ 394808.866000007838011, 7170844.169999884441495 ] ] ], [ [ [ 422902.404999996884726, 7160843.365000272169709 ], [ 423276.499999997206032, 7161231.842000274918973 ], [ 423073.980999997176696, 7160579.076000270433724 ], [ 422902.404999996884726, 7160843.365000272169709 ] ] ], [ [ [ 429213.025999997451436, 7135050.769000286236405 ], [ 431171.608999997843057, 7136043.264000290073454 ], [ 432780.693999997922219, 7136873.377000290900469 ], [ 432683.143999997933861, 7134082.088000290095806 ], [ 429213.025999997451436, 7135050.769000286236405 ] ] ] ] } },
{ "type": "Feature", "properties": { "id": 67, "gml_id": 28020176, "natcode": "050", "namefin": "Eura", "nameswe": "Eura", "landarea": 578.94, "freshwarea": 51.26, "seawarea": null, "totalarea": 630.2 }, "geometry": { "type": "MultiPolygon", "coordinates": [ [ [ [ 223864.961055485589895, 6789881.080601739697158 ], [ 228319.82604812819045, 6792513.433648467063904 ], [ 225238.035054492007475, 6799992.912608746439219 ], [ 226487.05505340511445, 6807892.814616162329912 ], [ 241334.38703128445195, 6800405.002758823335171 ], [ 239160.08503338866285, 6796013.569744541309774 ], [ 243027.290028654650087, 6790768.230776015669107 ], [ 243395.267026217392413, 6763918.680791228078306 ], [ 237353.478032026963774, 6758228.768751432187855 ], [ 235893.980034065432847, 6761936.978738012723625 ], [ 228110.67204458580818, 6762167.035669039934874 ], [ 226929.747047512151767, 6770748.484650836326182 ], [ 221429.938057709834538, 6774755.503586602397263 ], [ 233925.761038104188628, 6777536.028712274506688 ], [ 233155.733039608690888, 6781881.202702701091766 ], [ 223864.961055485589895, 6789881.080601739697158 ] ] ] ] } },
{ "type": "Feature", "properties": { "id": 68, "gml_id": 28021355, "natcode": "507", "namefin": "Mäntyharju", "nameswe": "Mäntyharju", "landarea": 1356.16, "freshwarea": 309.0, "seawarea": null, "totalarea": 1665.16 }, "geometry": { "type": "MultiPolygon", "coordinates": [ [ [ [ 511641.684, 6798136.86800020840019 ], [ 520842.24, 6785377.226000203751028 ], [ 517830.403999999980442, 6781615.046000202186406 ], [ 501677.656000000075437, 6779725.218000202439725 ], [ 495275.032000000064727, 6783192.165000200271606 ], [ 493633.327000000164844, 6794561.122000205330551 ], [ 481801.401000000012573, 6785877.968000203371048 ], [ 480126.493999999947846, 6795433.211000207811594 ], [ 473937.341999999945983, 6793135.157000203616917 ], [ 473576.84599999996135, 6800740.239000208675861 ], [ 471350.142999999865424, 6802116.070000210776925 ], [ 472325.839999999967404, 6798856.638000207953155 ], [ 467854.783, 6798804.094000207260251 ], [ 461910.766, 6803800.027000209316611 ], [ 463668.833999999857042, 6807388.991000210866332 ], [ 459283.459999999729916, 6819805.728000215254724 ], [ 464555.223999999987427, 6818309.985000214539468 ], [ 465301.355999999912456, 6819144.388000216335058 ], [ 463787.641999999817926, 6821422.007000215351582 ], [ 461426.683000000019092, 6819659.947000216692686 ], [ 460774.128999999782536, 6827600.957000219263136 ], [ 463869.65300000004936, 6826687.856000217609107 ], [ 467013.912999999942258, 6836218.060000221244991 ], [ 474311.49800000002142, 6832730.575000219978392 ], [ 478759.813999999954831, 6822624.445000217296183 ], [ 478783.560000000055879, 6830093.662000219337642 ], [ 486295.131000000110362, 6825297.024000219069421 ], [ 488468.130999999935739, 6827507.147000218741596 ], [ 491274.430000000051223, 6821040.22000021673739 ], [ 496707.211000000010245, 6821110.488000215031207 ], [ 499470.22500000015134, 6814532.668000214733183 ], [ 503041.968, 6815342.659000215120614 ], [ 503969.039999999979045, 6807703.952000211924314 ], [ 508807.475000000034925, 6807537.844000210054219 ], [ 507965.233, 6805040.549000211060047 ], [ 501030.648000000044703, 6805670.159000210464001 ], [ 497532.996000000042841, 6801506.625000209547579 ], [ 513949.941, 6798891.473000208847225 ], [ 511641.684, 6798136.86800020840019 ] ] ] ] } },
{ "type": "Feature", "properties": { "id": 69, "gml_id": 28021603, "natcode": "441", "namefin": "Luumäki", "nameswe": "Luumäki", "landarea": 750.2, "freshwarea": 109.63, "seawarea": null, "totalarea": 859.83 }, "geometry": { "type": "MultiPolygon", "coordinates": [ [ [ [ 527469.947999999974854, 6740530.869000186212361 ], [ 506704.586999999941327, 6758480.566000191494823 ], [ 513436.95599999994738, 6759229.396000193431973 ], [ 507631.866000000038184, 6763970.443000194616616 ], [ 509979.247000000032131, 6772385.843000199645758 ], [ 518308.163999999989755, 6774695.854000199586153 ], [ 524672.179000000120141, 6765093.692000196315348 ], [ 548739.337000000756234, 6763218.372000195086002 ], [ 550665.713000000803731, 6749701.73900019004941 ], [ 548969.299000000697561, 6746170.098000190220773 ], [ 547330.836000000592321, 6749215.348000188358128 ], [ 545984.238000000710599, 6743561.027000186964869 ], [ 540435.684000000357628, 6744263.385000185109675 ], [ 538858.650000000372529, 6740202.11700018402189 ], [ 527469.947999999974854, 6740530.869000186212361 ] ] ] ] } },
{ "type": "Feature", "properties": { "id": 70, "gml_id": 28020436, "natcode": "202", "namefin": "Kaarina", "nameswe": "St Karins", "landarea": 150.65, "freshwarea": 1.05, "seawarea": 27.89, "totalarea": 179.59 }, "geometry": { "type": "MultiPolygon", "coordinates": [ [ [ [ 241481.885023512382759, 6700941.815806592814624 ], [ 239767.446025346434908, 6705590.767794009298086 ], [ 245135.427021025301656, 6708589.064824634231627 ], [ 243944.766022294177674, 6713793.512815898284316 ], [ 249439.647017991839675, 6710136.731846544891596 ], [ 257388.913013444253011, 6714773.216880371794105 ], [ 258062.787012614164269, 6702148.122886140830815 ], [ 256148.920013502327492, 6699808.677879308350384 ], [ 241481.885023512382759, 6700941.815806592814624 ] ], [ [ 251887.026016434334451, 6710854.774857961572707 ], [ 252090.491016339190537, 6711523.373858689330518 ], [ 252201.797016266034916, 6711439.672859223559499 ], [ 251887.026016434334451, 6710854.774857961572707 ] ], [ [ 257615.640013059222838, 6707935.655882999300957 ], [ 257683.96201302940608, 6708066.381883230060339 ], [ 257650.450013041816419, 6707944.103883130475879 ], [ 257615.640013059222838, 6707935.655882999300957 ] ] ], [ [ [ 256900.777013709652238, 6714939.774878381751478 ], [ 257061.113013620866695, 6714851.483879045583308 ], [ 256914.705013699422125, 6714871.952878452837467 ], [ 256900.777013709652238, 6714939.774878381751478 ] ] ] ] } },
{ "type": "Feature", "properties": { "id": 71, "gml_id": 28025502, "natcode": "925", "namefin": "Vieremä", "nameswe": "Vieremä", "landarea": 925.3, "freshwarea": 48.08, "seawarea": null, "totalarea": 973.38 }, "geometry": { "type": "MultiPolygon", "coordinates": [ [ [ [ 491527.006, 7059898.865000286139548 ], [ 496285.193000000203028, 7061725.061000285670161 ], [ 491367.027, 7071248.190000290051103 ], [ 493449.851999999955297, 7073642.973000290803611 ], [ 490647.792999999946915, 7077674.56500029284507 ], [ 486518.900000000197906, 7076861.145000289194286 ], [ 485617.694000000017695, 7079907.608000289648771 ], [ 489176.400999999954365, 7079546.056000290438533 ], [ 488147.587000000057742, 7084239.598000291734934 ], [ 478421.210000000195578, 7093042.385000292211771 ], [ 493669.471000000252388, 7101140.705000293441117 ], [ 505472.894999999960419, 7096400.085000295192003 ], [ 507904.116000000038184, 7090204.377000293694437 ], [ 512159.771999999938998, 7092064.515000292100012 ], [ 517517.270000000018626, 7074281.941000289283693 ], [ 512211.906000000191852, 7070754.756000288762152 ], [ 510551.227000000129919, 7058234.802000286057591 ], [ 503182.18400000006659, 7060467.576000288128853 ], [ 500759.898000000044703, 7054278.438000285997987 ], [ 497584.158000000054017, 7053612.130000284872949 ], [ 491527.006, 7059898.865000286139548 ] ] ] ] } },
{ "type": "Feature", "properties": { "id": 72, "gml_id": 28025707, "natcode": "857", "namefin": "Tuusniemi", "nameswe": "Tuusniemi", "landarea": 543.15, "freshwarea": 156.27, "seawarea": null, "totalarea": 699.42 }, "geometry": { "type": "MultiPolygon", "coordinates": [ [ [ [ 575358.681000004056841, 6940004.235000239685178 ], [ 567248.300000002607703, 6947448.529000249691308 ], [ 570569.27200000314042, 6952584.973000250756741 ], [ 565949.591000002343208, 6959995.959000255912542 ], [ 568016.08300000266172, 6961152.694000256247818 ], [ 563816.703000001958571, 6960456.93200025614351 ], [ 567745.49500000255648, 6963129.953000253997743 ], [ 567412.864000002387911, 6967628.640000255778432 ], [ 564313.811000002082437, 6965209.755000257864594 ], [ 559143.678000001586042, 6973267.712000261992216 ], [ 566133.015000002342276, 6973965.589000257663429 ], [ 566453.14600000239443, 6978652.991000261157751 ], [ 563188.16600000183098, 6980011.060000262223184 ], [ 561539.822000001673587, 6981238.569000262767076 ], [ 566542.865000002435409, 6979695.079000258818269 ], [ 571668.303000003215857, 6982413.427000254392624 ], [ 584310.041000006254762, 6973884.595000218600035 ], [ 589124.816000007558614, 6964415.961000193841755 ], [ 583873.47100000618957, 6960006.168000219389796 ], [ 587148.600000006961636, 6952676.30300020519644 ], [ 582367.609000005992129, 6940740.84500022046268 ], [ 575358.681000004056841, 6940004.235000239685178 ] ] ] ] } },
{ "type": "Feature", "properties": { "id": 73, "gml_id": 28019696, "natcode": "783", "namefin": "Säkylä", "nameswe": "Säkylä", "landarea": 406.87, "freshwarea": 120.94, "seawarea": null, "totalarea": 527.81 }, "geometry": { "type": "MultiPolygon", "coordinates": [ [ [ [ 256995.750017005193513, 6790196.091857205145061 ], [ 262130.106013218202861, 6772503.932884297333658 ], [ 267534.563010526588187, 6768963.19190455134958 ], [ 260942.911013742268551, 6769767.251880294643342 ], [ 257779.8210154910048, 6768440.942867345176637 ], [ 260943.870013512554578, 6764023.988881790079176 ], [ 243759.880025831487728, 6763353.696793851442635 ], [ 243027.290028654650087, 6790768.230776015669107 ], [ 239160.08503338866285, 6796013.569744541309774 ], [ 241334.38703128445195, 6800405.002758823335171 ], [ 246310.079025635524886, 6793564.281796743161976 ], [ 256995.750017005193513, 6790196.091857205145061 ] ] ], [ [ [ 261557.39001370218466, 6777044.99888086039573 ], [ 261439.507013775961241, 6777288.336880325339735 ], [ 261791.337013581040082, 6777172.358881765045226 ], [ 261557.39001370218466, 6777044.99888086039573 ] ] ] ] } },
{ "type": "Feature", "properties": { "id": 74, "gml_id": 28020963, "natcode": "235", "namefin": "Kauniainen", "nameswe": "Grankulla", "landarea": 5.89, "freshwarea": 0.11, "seawarea": null, "totalarea": 6.0 }, "geometry": { "type": "MultiPolygon", "coordinates": [ [ [ [ 375297.416999967186712, 6678163.547999628819525 ], [ 371987.127999966905918, 6676674.53899950440973 ], [ 371177.531999967060983, 6677182.197999470867217 ], [ 375297.416999967186712, 6678163.547999628819525 ] ] ] ] } },
{ "type": "Feature", "properties": { "id": 75, "gml_id": 28019584, "natcode": "430", "namefin": "Loimaa", "nameswe": "Loimaa", "landarea": 848.1, "freshwarea": 3.76, "seawarea": null, "totalarea": 851.86 }, "geometry": { "type": "MultiPolygon", "coordinates": [ [ [ [ 269332.747009227634408, 6749678.536914017982781 ], [ 272536.436008061631583, 6749239.96192323975265 ], [ 270251.787009252933785, 6763214.647914244793355 ], [ 264370.495011649269145, 6759954.755895669572055 ], [ 260228.329014042537892, 6767544.47287798114121 ], [ 273760.975008137756959, 6769282.365923216566443 ], [ 274959.607008022372611, 6781270.39892447181046 ], [ 284781.103005072567612, 6771831.92894833534956 ], [ 291954.114003649563529, 6772407.675960632041097 ], [ 299342.653002472128719, 6763417.688971165567636 ], [ 297451.456002649385482, 6756204.327969381585717 ], [ 290311.612003736547194, 6755994.396959532983601 ], [ 290386.608003660861868, 6750853.005960097536445 ], [ 295059.644002909888513, 6749230.719966847449541 ], [ 283433.03200480499072, 6735784.010949770919979 ], [ 269332.747009227634408, 6749678.536914017982781 ] ], [ [ 275111.778007935732603, 6779812.168925119563937 ], [ 275469.770007789018564, 6778685.8769262554124 ], [ 275036.828007936128415, 6778790.219925087876618 ], [ 275111.778007935732603, 6779812.168925119563937 ] ] ] ] } },
{ "type": "Feature", "properties": { "id": 76, "gml_id": 28019089, "natcode": "771", "namefin": "Sund", "nameswe": "Sund", "landarea": 108.22, "freshwarea": 4.29, "seawarea": 71.91, "totalarea": 184.42 }, "geometry": { "type": "MultiPolygon", "coordinates": [ [ [ [ 128537.155651171400677, 6699324.000458124093711 ], [ 124977.390693839115556, 6690337.92524877935648 ], [ 119119.776791985728778, 6687192.928779575042427 ], [ 115392.322872624557931, 6690682.059401754289865 ], [ 114679.840905059187207, 6698471.306254375725985 ], [ 127423.418684845033567, 6708463.881300020962954 ], [ 128537.155651171400677, 6699324.000458124093711 ] ] ], [ [ [ 131270.226609628822189, 6699697.12165954709053 ], [ 129313.392640942940488, 6700542.594508065842092 ], [ 131123.170614100876264, 6701145.299638410098851 ], [ 131270.226609628822189, 6699697.12165954709053 ] ] ], [ [ [ 129281.427638218330685, 6698566.840520408004522 ], [ 130016.134627215215005, 6698792.051573789678514 ], [ 129741.252630588132888, 6698257.828557220287621 ], [ 129281.427638218330685, 6698566.840520408004522 ] ] ] ] } },
{ "type": "Feature", "properties": { "id": 77, "gml_id": 28018499, "natcode": "445", "namefin": "Parainen", "nameswe": "Pargas", "landarea": 884.68, "freshwarea": 9.71, "seawarea": 4653.47, "totalarea": 5547.86 }, "geometry": { "type": "MultiPolygon", "coordinates": [ [ [ [ 222641.081034841830842, 6606081.868721516802907 ], [ 188628.50910218176432, 6605905.393295369111001 ], [ 170740.177172692317981, 6610069.480886899866164 ], [ 183780.112133075541351, 6652180.832121018320322 ], [ 174673.608176249603275, 6660186.494877095334232 ], [ 172798.744192876270972, 6674623.730787497013807 ], [ 168214.520222206658218, 6680237.596627864986658 ], [ 178985.103183050989173, 6721226.617850730195642 ], [ 186604.751145177695435, 6716432.424062096513808 ], [ 194846.442113825585693, 6716583.816242534667253 ], [ 198336.176099542644806, 6705803.472325165756047 ], [ 202416.079087887541391, 6705973.115394835360348 ], [ 204505.562080466013867, 6697220.411438741721213 ], [ 208849.996069564367644, 6693802.314505299553275 ], [ 213460.961060494708363, 6696600.86056219600141 ], [ 217665.069052012986504, 6691300.089615566655993 ], [ 220926.822046737885103, 6691558.621649614535272 ], [ 226297.424039323348552, 6694335.234698446467519 ], [ 228148.4690374697675, 6699679.758711153641343 ], [ 235792.214028605492786, 6698209.134770992211998 ], [ 247790.661018703423906, 6702155.179840987548232 ], [ 249709.224017218133667, 6698463.158851621672511 ], [ 254020.431014600588242, 6698327.89887098968029 ], [ 240974.596022147510666, 6673492.413814693689346 ], [ 236899.763025631604251, 6673242.145790060982108 ], [ 231197.711030642152764, 6665258.006754809059203 ], [ 230575.092030659201555, 6657728.2627541590482 ], [ 219889.210043197555933, 6650329.805669256485999 ], [ 222641.081034841830842, 6606081.868721516802907 ] ], [ [ 200194.39309342240449, 6703270.307361304759979 ], [ 200369.346092714811675, 6702430.645365432836115 ], [ 199566.971095115353819, 6702809.680351134389639 ], [ 200194.39309342240449, 6703270.307361304759979 ] ] ], [ [ [ 211742.240064445417374, 6699582.572537722066045 ], [ 211063.349066246591974, 6701755.138526712544262 ], [ 212419.222063424240332, 6701693.127544314600527 ], [ 211742.240064445417374, 6699582.572537722066045 ] ] ] ] } },
{ "type": "Feature", "properties": { "id": 78, "gml_id": 28022063, "natcode": "213", "namefin": "Kangasniemi", "nameswe": "Kangasniemi", "landarea": 1068.92, "freshwarea": 257.83, "seawarea": null, "totalarea": 1326.75 }, "geometry": { "type": "MultiPolygon", "coordinates": [ [ [ [ 492319.43, 6888548.702000240795314 ], [ 493436.44600000011269, 6879166.913000238128006 ], [ 497355.325999999942724, 6879378.193000237457454 ], [ 506773.267999999981839, 6870262.188000234775245 ], [ 499088.695999999938067, 6863305.511000230908394 ], [ 496963.840000000200234, 6865520.291000232100487 ], [ 492978.886000000173226, 6863187.215000231750309 ], [ 491632.971000000252388, 6857690.135000229813159 ], [ 483435.31599999993341, 6855450.984000226482749 ], [ 481308.611000000149943, 6850687.899000228382647 ], [ 479269.288000000058673, 6858484.524000231176615 ], [ 475420.640000000072177, 6855510.609000227414072 ], [ 475532.309, 6858056.471000228077173 ], [ 470223.675999999919441, 6856464.578000228852034 ], [ 467301.631, 6861310.393000230193138 ], [ 464468.087999999930616, 6860960.471000229939818 ], [ 465072.045000000100117, 6868875.069000232964754 ], [ 469313.863999999943189, 6871316.53400023560971 ], [ 459342.96799999976065, 6887632.550000239163637 ], [ 464464.103, 6896781.870000241324306 ], [ 471298.36099999997532, 6897778.593000244349241 ], [ 476326.768999999912921, 6903855.307000244967639 ], [ 481935.341999999945983, 6898394.919000241905451 ], [ 479801.383000000030734, 6907082.017000246793032 ], [ 483572.479999999923166, 6908502.157000243663788 ], [ 484103.439000000013039, 6898137.212000243365765 ], [ 492319.43, 6888548.702000240795314 ] ] ] ] } },
{ "type": "Feature", "properties": { "id": 79, "gml_id": 28031666, "natcode": "046", "namefin": "Enonkoski", "nameswe": "Enonkoski", "landarea": 320.38, "freshwarea": 130.15, "seawarea": null, "totalarea": 450.53 }, "geometry": { "type": "MultiPolygon", "coordinates": [ [ [ [ 599895.119000011356547, 6903886.845000098459423 ], [ 599448.996000011684373, 6898234.869000101462007 ], [ 603609.098000012221746, 6897827.623000048100948 ], [ 609289.988000012584962, 6890028.444999947212636 ], [ 608287.386000012862496, 6887024.097999968566 ], [ 610975.69200001261197, 6886871.704999909736216 ], [ 609032.524000013712794, 6876694.307999956421554 ], [ 604806.560000013210811, 6878738.942000031471252 ], [ 600341.48100001248531, 6875229.570000092498958 ], [ 595799.084000011207536, 6879075.100000138394535 ], [ 593633.931000010459684, 6877670.31700015347451 ], [ 590268.319000009214506, 6881472.808000174351037 ], [ 595996.082000011228956, 6882883.375000135041773 ], [ 585012.721000007237308, 6892678.663000200875103 ], [ 586255.473000007448718, 6901934.997000199742615 ], [ 593308.936000009649433, 6898932.266000157222152 ], [ 590936.648000009008683, 6907357.790000174194574 ], [ 599895.119000011356547, 6903886.845000098459423 ] ] ] ] } },
{ "type": "Feature", "properties": { "id": 80, "gml_id": 28028063, "natcode": "845", "namefin": "Tervola", "nameswe": "Tervola", "landarea": 1559.94, "freshwarea": 32.09, "seawarea": null, "totalarea": 1592.03 }, "geometry": { "type": "MultiPolygon", "coordinates": [ [ [ [ 401561.363000015146099, 7359275.277999918907881 ], [ 424987.055999998701736, 7344373.170000279322267 ], [ 444853.569999999366701, 7344279.765000319108367 ], [ 457544.31299999973271, 7336146.669000321999192 ], [ 444094.816999999282416, 7330386.502000318840146 ], [ 434263.849999998696148, 7333631.003000306896865 ], [ 419356.793999998830259, 7316762.73100024741143 ], [ 413933.013000000268221, 7314999.202000198885798 ], [ 410848.256000001623761, 7315447.43000015988946 ], [ 410969.732000001647975, 7318521.062000159174204 ], [ 403959.705000007874332, 7318059.707000027410686 ], [ 404400.972000007401221, 7320335.089000034146011 ], [ 396119.615000022458844, 7317634.64999976567924 ], [ 387125.974000060232356, 7325545.342999218031764 ], [ 387116.986000065342523, 7342874.887999165803194 ], [ 401561.363000015146099, 7359275.277999918907881 ] ], [ [ 390301.385000044945627, 7328677.972999437712133 ], [ 390593.552000042807776, 7325209.13799946475774 ], [ 389704.266000047617126, 7328769.472999397665262 ], [ 390301.385000044945627, 7328677.972999437712133 ] ], [ [ 391873.583000038168393, 7327969.066999536938965 ], [ 392286.699000036460347, 7328205.145999558269978 ], [ 392021.179000037489459, 7327845.741999544203281 ], [ 391873.583000038168393, 7327969.066999536938965 ] ] ] ] } },
{ "type": "Feature", "properties": { "id": 81, "gml_id": 28020909, "natcode": "245", "namefin": "Kerava", "nameswe": "Kervo", "landarea": 30.64, "freshwarea": 0.15, "seawarea": null, "totalarea": 30.79 }, "geometry": { "type": "MultiPolygon", "coordinates": [ [ [ [ 398347.982999981439207, 6702173.082000063732266 ], [ 398283.833999980939552, 6692852.540000058710575 ], [ 396034.01999997976236, 6693012.69100003875792 ], [ 393886.902999978279695, 6699368.314000017009676 ], [ 398347.982999981439207, 6702173.082000063732266 ] ] ] ] } },
{ "type": "Feature", "properties": { "id": 82, "gml_id": 28027988, "natcode": "854", "namefin": "Pello", "nameswe": "Pello", "landarea": 1738.11, "freshwarea": 125.6, "seawarea": null, "totalarea": 1863.71 }, "geometry": { "type": "MultiPolygon", "coordinates": [ [ [ [ 411402.468000005057547, 7405428.684000127948821 ], [ 409704.070000006642658, 7402589.309000099077821 ], [ 409669.989000006578863, 7405466.501000096090138 ], [ 399967.096000024001114, 7406563.324999806471169 ], [ 398139.564000028185546, 7398444.577999735251069 ], [ 396697.936000033223536, 7401010.872999660670757 ], [ 390560.528000058955513, 7392082.867999293841422 ], [ 381386.66800013196189, 7389093.537998378276825 ], [ 380122.141000143601559, 7383812.124998234212399 ], [ 373986.399000235949643, 7386389.638997185043991 ], [ 376808.319000187329948, 7383341.427997728809714 ], [ 374880.006000214780215, 7379860.339997410774231 ], [ 370346.473000304074958, 7380921.320996440947056 ], [ 370852.429000290227123, 7378574.441996581852436 ], [ 363936.83100047102198, 7375115.130994692444801 ], [ 357160.500000764383003, 7383043.901991832070053 ], [ 361600.084000579430722, 7388340.852993636392057 ], [ 362666.674000578059349, 7408425.05799368955195 ], [ 368070.428000405256171, 7414693.334995430894196 ], [ 359578.177000780822709, 7435379.800991791300476 ], [ 376196.123000238905661, 7435270.811997215263546 ], [ 406916.182000011554919, 7426050.172000017017126 ], [ 411402.468000005057547, 7405428.684000127948821 ] ] ] ] } },
{ "type": "Feature", "properties": { "id": 83, "gml_id": 28022228, "natcode": "681", "namefin": "Rantasalmi", "nameswe": "Rantasalmi", "landarea": 559.66, "freshwarea": 365.51, "seawarea": null, "totalarea": 925.17 }, "geometry": { "type": "MultiPolygon", "coordinates": [ [ [ [ 564115.07700000226032, 6867829.082000229507685 ], [ 562009.790000001899898, 6871747.477000231854618 ], [ 557700.808000001241453, 6868365.315000232309103 ], [ 545654.414000000455417, 6875206.721000234596431 ], [ 548420.613000000477768, 6883700.346000237390399 ], [ 552203.519000000669621, 6881424.943000233732164 ], [ 550855.522000000695698, 6885778.775000238791108 ], [ 556354.164000001037493, 6887621.067000239156187 ], [ 553483.156000000890344, 6893580.75300023984164 ], [ 553425.966000000946224, 6897475.152000241912901 ], [ 556805.28500000119675, 6897921.49500023946166 ], [ 554513.79200000106357, 6900833.998000241816044 ], [ 555068.568000001017936, 6901763.498000242747366 ], [ 557616.836000001407228, 6899889.70300024189055 ], [ 561402.990000001736917, 6900174.115000239573419 ], [ 563758.347000002046116, 6898243.01200023945421 ], [ 567815.591000002808869, 6900724.033000238239765 ], [ 572240.425000003771856, 6898837.521000233478844 ], [ 574011.60500000405591, 6888136.157000225037336 ], [ 583167.512000006623566, 6886596.132000206969678 ], [ 585198.22600000735838, 6877286.095000198110938 ], [ 588014.880000008502975, 6876810.630000185221434 ], [ 586791.364000008092262, 6872949.661000191234052 ], [ 591178.033000009716488, 6872219.38200016785413 ], [ 587873.581000008620322, 6867234.804000182077289 ], [ 581237.58500000636559, 6869754.138000208884478 ], [ 575157.357000004383735, 6865410.567000217735767 ], [ 564115.07700000226032, 6867829.082000229507685 ] ], [ [ 561387.423000001697801, 6891848.413000239990652 ], [ 560063.15300000179559, 6891717.434000238776207 ], [ 559584.906000001472421, 6892025.804000237956643 ], [ 561153.760000001755543, 6892625.467000238597393 ], [ 561387.423000001697801, 6891848.413000239990652 ] ], [ [ 560094.402000001515262, 6891014.221000238321722 ], [ 560436.081000001635402, 6891175.272000237368047 ], [ 560440.622000001603737, 6890910.418000236153603 ], [ 560094.402000001515262, 6891014.221000238321722 ] ] ], [ [ [ 556893.614000001223758, 6900909.499000241979957 ], [ 556670.88200000138022, 6900876.491000243462622 ], [ 556611.432000001310371, 6901001.565000242553651 ], [ 556893.614000001223758, 6900909.499000241979957 ] ] ], [ [ [ 558127.316000001272187, 6901114.510000242851675 ], [ 557860.565000001224689, 6900882.902000240981579 ], [ 557354.959000001312234, 6901067.02100024279207 ], [ 557575.941000001272187, 6901173.582000243477523 ], [ 558029.155000001424924, 6901240.359000244177878 ], [ 558127.316000001272187, 6901114.510000242851675 ] ], [ [ 557839.526000001234934, 6901183.183000241406262 ], [ 557809.090000001480803, 6901174.736000240780413 ], [ 557802.767000001273118, 6901189.741000243462622 ], [ 557839.526000001234934, 6901183.183000241406262 ] ], [ [ 558018.534000001382083, 6901054.134000240825117 ], [ 557921.413000001339242, 6901024.174000238999724 ], [ 557872.495000001392327, 6901094.365000242367387 ], [ 558018.534000001382083, 6901054.134000240825117 ] ] ], [ [ [ 561033.223000001627952, 6892480.315000238828361 ], [ 561183.056000001728535, 6892329.495000238530338 ], [ 560985.04100000159815, 6892459.652000237256289 ], [ 561033.223000001627952, 6892480.315000238828361 ] ] ], [ [ [ 561162.905000001657754, 6892396.304000238887966 ], [ 561170.956000001751818, 6892402.640000238083303 ], [ 561168.178000001818873, 6892394.438000237569213 ], [ 561162.905000001657754, 6892396.304000238887966 ] ] ], [ [ [ 561010.572000001673587, 6892316.962000237777829 ], [ 561033.534000001964159, 6892282.300000239163637 ], [ 560987.675000001792796, 6892305.004000237211585 ], [ 561010.572000001673587, 6892316.962000237777829 ] ] ], [ [ [ 560329.550000001559965, 6890990.947000239044428 ], [ 560355.406000001472421, 6890994.274000238627195 ], [ 560368.261000001919456, 6890977.56900023855269 ], [ 560329.550000001559965, 6890990.947000239044428 ] ] ], [ [ [ 560382.008000001660548, 6890931.060000236146152 ], [ 560388.627000001608394, 6890951.813000238500535 ], [ 560401.688000001595356, 6890941.884000237099826 ], [ 560382.008000001660548, 6890931.060000236146152 ] ] ], [ [ [ 560201.135000001639128, 6891019.134000236168504 ], [ 560225.546000001602806, 6891033.962000238709152 ], [ 560230.569000001531094, 6890999.039000237360597 ], [ 560201.135000001639128, 6891019.134000236168504 ] ] ] ] } },
{ "type": "Feature", "properties": { "id": 84, "gml_id": 28020474, "natcode": "078", "namefin": "Hanko", "nameswe": "Hangö", "landarea": 117.6, "freshwarea": 1.52, "seawarea": 680.91, "totalarea": 800.03 }, "geometry": { "type": "MultiPolygon", "coordinates": [ [ [ [ 255142.398010932229226, 6616097.708895474672318 ], [ 265772.153007763030473, 6645183.226922227069736 ], [ 276752.147004828206263, 6645025.716947150416672 ], [ 281606.203003945760429, 6650689.344955187290907 ], [ 285304.670003273640759, 6646798.315961262211204 ], [ 288744.377002804016229, 6649908.337965765967965 ], [ 292813.716002260684036, 6646290.796970955096185 ], [ 286758.855002760945354, 6618646.917965425178409 ], [ 255142.398010932229226, 6616097.708895474672318 ] ] ] ] } },
{ "type": "Feature", "properties": { "id": 85, "gml_id": 28026992, "natcode": "625", "namefin": "Pyhäjoki", "nameswe": "Pyhäjoki", "landarea": 544.66, "freshwarea": 5.68, "seawarea": 816.21, "totalarea": 1366.55 }, "geometry": { "type": "MultiPolygon", "coordinates": [ [ [ [ 386300.932000022148713, 7141178.317999569699168 ], [ 383016.550000032701064, 7139330.016999386250973 ], [ 381101.27400004118681, 7141791.920999254100025 ], [ 379153.861000049393624, 7138010.792999115772545 ], [ 376806.969000062497798, 7137839.032998919487 ], [ 379862.238000046345405, 7139707.03699916601181 ], [ 378726.802000052994117, 7142300.352999069727957 ], [ 373569.925000085961074, 7140184.239998592063785 ], [ 370683.980000107141677, 7133128.373998285271227 ], [ 370075.784000113257207, 7133753.233998204581439 ], [ 371007.083000105107203, 7134907.388998317532241 ], [ 371060.304000105301384, 7136206.754998316988349 ], [ 371696.335000100021716, 7136894.871998391114175 ], [ 371640.470000100787729, 7137643.567998381331563 ], [ 367731.058000138727948, 7134639.837997876107693 ], [ 354536.436000385670923, 7142479.627995003946126 ], [ 314558.544004120631143, 7156529.462961888872087 ], [ 341837.678000969346613, 7171207.742989181540906 ], [ 377672.090000063180923, 7155101.286998939700425 ], [ 389498.930000015767291, 7152667.246999706141651 ], [ 398198.206000001460779, 7141785.061999998986721 ], [ 387987.368000017188024, 7138529.044999655336142 ], [ 388315.24400001676986, 7140809.642999668605626 ], [ 386300.932000022148713, 7141178.317999569699168 ] ], [ [ 380921.085000042279717, 7143011.448999236337841 ], [ 378494.2810000544996, 7142932.088999048806727 ], [ 380911.602000042563304, 7143726.242999235168099 ], [ 380921.085000042279717, 7143011.448999236337841 ] ] ], [ [ [ 386402.741000021575019, 7139482.820999577641487 ], [ 386861.714000020409003, 7140775.29899959731847 ], [ 386947.93500002019573, 7139683.348999605514109 ], [ 386402.741000021575019, 7139482.820999577641487 ] ] ], [ [ [ 388863.536000015039463, 7138165.917999696917832 ], [ 388629.329000015510246, 7137686.409999686293304 ], [ 387856.985000017331913, 7137388.829999651759863 ], [ 388863.536000015039463, 7138165.917999696917832 ] ] ], [ [ [ 377366.57900006021373, 7140721.01399896107614 ], [ 377602.071000058960635, 7140812.271998981013894 ], [ 377485.811000059475191, 7140647.87299897056073 ], [ 377366.57900006021373, 7140721.01399896107614 ] ] ], [ [ [ 382475.724000034795608, 7138701.837999353185296 ], [ 381609.328000038163736, 7138827.56399929523468 ], [ 381796.628000037511811, 7139494.469999305903912 ], [ 382475.724000034795608, 7138701.837999353185296 ] ] ], [ [ [ 378046.016000056115445, 7140303.233999019488692 ], [ 378363.035000054514967, 7140701.816999044269323 ], [ 378110.502000055741519, 7140262.732999028638005 ], [ 378046.016000056115445, 7140303.233999019488692 ] ] ], [ [ [ 376197.565000066882931, 7139471.982998859137297 ], [ 376474.822000065352768, 7139493.330998882651329 ], [ 376473.260000065318309, 7139460.198998883366585 ], [ 376197.565000066882931, 7139471.982998859137297 ] ] ], [ [ [ 372805.290000090666581, 7136813.756998519413173 ], [ 372870.377000089851208, 7136748.052998529747128 ], [ 372863.192000090028159, 7136739.725998527370393 ], [ 372805.290000090666581, 7136813.756998519413173 ] ] ], [ [ [ 369386.358000120089855, 7133564.525998114608228 ], [ 369618.323000117670745, 7133588.833998146466911 ], [ 369569.27200011810055, 7133328.266998142004013 ], [ 369386.358000120089855, 7133564.525998114608228 ] ] ] ] } },
{ "type": "Feature", "properties": { "id": 86, "gml_id": 28019644, "natcode": "103", "namefin": "Humppila", "nameswe": "Humppila", "landarea": 147.96, "freshwarea": 0.65, "seawarea": null, "totalarea": 148.61 }, "geometry": { "type": "MultiPolygon", "coordinates": [ [ [ [ 297451.456002649385482, 6756204.327969381585717 ], [ 299342.653002472128719, 6763417.688971165567636 ], [ 294311.009003223967738, 6768899.465964362025261 ], [ 303420.561002054659184, 6769865.450975228101015 ], [ 310586.745001362927724, 6762154.354981964454055 ], [ 305758.153001715661958, 6753729.174978287890553 ], [ 297451.456002649385482, 6756204.327969381585717 ] ] ] ] } },
{ "type": "Feature", "properties": { "id": 87, "gml_id": 28022785, "natcode": "226", "namefin": "Karstula", "nameswe": "Karstula", "landarea": 887.08, "freshwarea": 76.11, "seawarea": null, "totalarea": 963.19 }, "geometry": { "type": "MultiPolygon", "coordinates": [ [ [ [ 365541.960000075632706, 6984316.806998340412974 ], [ 370479.529000044218265, 6983800.296998840756714 ], [ 372206.064000034879427, 6980420.818998996168375 ], [ 378684.049000014085323, 6987618.742999416776001 ], [ 383913.867000002588611, 6985880.678999671712518 ], [ 389548.310999996378087, 6991970.373999864794314 ], [ 400224.024999992048834, 6992283.823000089265406 ], [ 401860.867999991634861, 6980949.763000113889575 ], [ 408039.324999992270023, 6978522.908000175841153 ], [ 407443.601999992039055, 6973074.489000170491636 ], [ 413355.655999993206933, 6965786.865000208839774 ], [ 406827.237999991688412, 6964481.633000164292753 ], [ 399938.646999991324265, 6971738.933000089600682 ], [ 391551.332999992766418, 6965752.722999933175743 ], [ 395308.740999991539866, 6963387.582000015303493 ], [ 394174.543999991205055, 6958027.294999996200204 ], [ 389285.191999994218349, 6964843.74899987410754 ], [ 372356.168000026722439, 6955798.066999071277678 ], [ 364378.617000078083947, 6971320.846998260356486 ], [ 365587.729000070481561, 6974440.919998387806118 ], [ 370211.515000042039901, 6973788.009998846799135 ], [ 369641.310000046738423, 6977920.937998784705997 ], [ 365064.470000076689757, 6979207.829998306930065 ], [ 365541.960000075632706, 6984316.806998340412974 ] ] ] ] } },
{ "type": "Feature", "properties": { "id": 88, "gml_id": 28019771, "natcode": "834", "namefin": "Tammela", "nameswe": "Tammela", "landarea": 640.57, "freshwarea": 74.59, "seawarea": null, "totalarea": 715.16 }, "geometry": { "type": "MultiPolygon", "coordinates": [ [ [ [ 312251.770001158642117, 6744213.355983855202794 ], [ 316771.281000885821413, 6742929.05898679047823 ], [ 320586.470000709872693, 6745606.739988807588816 ], [ 318017.386000860133208, 6753719.540987208485603 ], [ 324225.629000601242296, 6760248.959990223869681 ], [ 327839.403000471414998, 6759242.021991772577167 ], [ 329994.91400041570887, 6763826.294992509298027 ], [ 335966.391000264906324, 6761762.659994450397789 ], [ 340193.721000171150081, 6747966.527995667420328 ], [ 338549.562000171281397, 6726621.974995492957532 ], [ 318783.129000739136245, 6729183.270988279953599 ], [ 318787.478000748320483, 6732082.176988209597766 ], [ 309159.559001342742704, 6737515.968981835059822 ], [ 312251.770001158642117, 6744213.355983855202794 ] ] ] ] } },
{ "type": "Feature", "properties": { "id": 89, "gml_id": 28025933, "natcode": "305", "namefin": "Kuusamo", "nameswe": "Kuusamo", "landarea": 4979.41, "freshwarea": 829.58, "seawarea": null, "totalarea": 5808.99 }, "geometry": { "type": "MultiPolygon", "coordinates": [ [ [ [ 576108.408000001800247, 7290789.287000275216997 ], [ 562203.232000001124106, 7320717.462000312283635 ], [ 575008.83000000147149, 7319436.64500027988106 ], [ 579288.810000001336448, 7321216.015000256709754 ], [ 579928.397000001277775, 7325866.071000251919031 ], [ 573532.92300000146497, 7328766.401000287383795 ], [ 574439.627000001491979, 7330457.993000282905996 ], [ 572435.541000001481734, 7335122.877000290900469 ], [ 577450.110000001150183, 7336119.469000266864896 ], [ 578610.673000000882894, 7349374.686000259593129 ], [ 571535.29800000146497, 7350680.020000291056931 ], [ 568892.524000001139939, 7357831.515000300481915 ], [ 575470.260000001057051, 7375090.258000274188817 ], [ 600847.894999979063869, 7367226.2359998235479 ], [ 600714.573999978834763, 7369981.51499982457608 ], [ 614766.057999912183732, 7370520.71199890319258 ], [ 621075.599999860278331, 7352445.799998244270682 ], [ 631979.399999693036079, 7337161.899996333755553 ], [ 644242.099999400088564, 7286581.49999319575727 ], [ 638519.399999588844366, 7289404.199995134025812 ], [ 625258.19999985198956, 7282170.399998046457767 ], [ 632179.799999754410237, 7273925.599996896460652 ], [ 627450.599999834550545, 7266675.499997810460627 ], [ 615939.308999939355999, 7265146.135999149642885 ], [ 602326.882999986759387, 7268036.090999885462224 ], [ 588882.280999999609776, 7281899.838000175543129 ], [ 585250.240000001038425, 7276520.596000215038657 ], [ 576763.781000001938082, 7278715.842000274918973 ], [ 576108.408000001800247, 7290789.287000275216997 ] ] ], [ [ [ 573447.297000001533888, 7330503.20100028719753 ], [ 573284.907000001403503, 7330518.586000286974013 ], [ 573296.494000001461245, 7330553.398000286892056 ], [ 573447.297000001533888, 7330503.20100028719753 ] ] ] ] } },
{ "type": "Feature", "properties": { "id": 90, "gml_id": 28020884, "natcode": "858", "namefin": "Tuusula", "nameswe": "Tusby", "landarea": 219.54, "freshwarea": 5.91, "seawarea": null, "totalarea": 225.45 }, "geometry": { "type": "MultiPolygon", "coordinates": [ [ [ [ 398475.84199998161057, 6710386.973000063560903 ], [ 392299.657999977702275, 6710036.469999996945262 ], [ 392747.795999977679458, 6702964.899000003933907 ], [ 398399.183999981323723, 6702299.268000061623752 ], [ 393886.902999978279695, 6699368.314000017009676 ], [ 392345.172999977017753, 6691702.006999999284744 ], [ 387070.681999973312486, 6690188.007999919354916 ], [ 382428.604999971401412, 6697670.542999821715057 ], [ 388349.711999975261278, 6708344.847999939695001 ], [ 385516.72899997420609, 6715109.225999885238707 ], [ 392539.010999978054315, 6717680.829000002704561 ], [ 398475.84199998161057, 6710386.973000063560903 ] ] ] ] } },
{ "type": "Feature", "properties": { "id": 91, "gml_id": 28022093, "natcode": "593", "namefin": "Pieksämäki", "nameswe": "Pieksämäki", "landarea": 1569.0, "freshwarea": 267.23, "seawarea": null, "totalarea": 1836.23 }, "geometry": { "type": "MultiPolygon", "coordinates": [ [ [ [ 520552.042000000190455, 6874895.344000234268606 ], [ 507048.685, 6896374.060000241734087 ], [ 502128.227000000013504, 6895025.391000243835151 ], [ 502897.908000000054017, 6891959.422000241465867 ], [ 500272.360000000102445, 6894672.60000024177134 ], [ 499329.345000000030268, 6894444.186000240966678 ], [ 495742.044, 6887484.165000240318477 ], [ 485472.471000000019558, 6895961.375000242143869 ], [ 482484.620000000111759, 6910650.180000246502459 ], [ 488625.39000000001397, 6913268.467000246979296 ], [ 483489.125999999931082, 6919208.534000250510871 ], [ 484991.471000000019558, 6924674.438000249676406 ], [ 487638.622999999963213, 6921438.363000251352787 ], [ 493788.071000000170898, 6928274.445000254549086 ], [ 497645.943000000086613, 6923459.815000250004232 ], [ 498388.796999999962281, 6928647.666000251658261 ], [ 503160.479, 6926689.347000252455473 ], [ 505874.645000000076834, 6930580.097000252455473 ], [ 508598.941, 6925350.612000252120197 ], [ 511594.191000000049826, 6927678.736000251024961 ], [ 514639.030000000086147, 6925702.54800025280565 ], [ 518710.73800000018673, 6933279.584000253118575 ], [ 535450.227000000071712, 6917662.627000249922276 ], [ 533721.302999999956228, 6905695.082000246271491 ], [ 525626.562999999965541, 6904890.354000245220959 ], [ 529295.508999999961816, 6899861.024000244215131 ], [ 526062.924, 6900324.108000244945288 ], [ 529357.444000000017695, 6891001.169000241905451 ], [ 532883.421000000089407, 6891073.612000241875648 ], [ 534402.54700000025332, 6877665.815000236965716 ], [ 524707.780999999959022, 6877813.781000236980617 ], [ 521102.674999999930151, 6881517.856000238098204 ], [ 520552.042000000190455, 6874895.344000234268606 ] ] ] ] } },
{ "type": "Feature", "properties": { "id": 92, "gml_id": 28026803, "natcode": "791", "namefin": "Siikalatva", "nameswe": "Siikalatva", "landarea": 2173.46, "freshwarea": 56.43, "seawarea": null, "totalarea": 2229.89 }, "geometry": { "type": "MultiPolygon", "coordinates": [ [ [ [ 461472.13599999982398, 7093311.673000293783844 ], [ 462500.586999999883119, 7094906.590000293217599 ], [ 462669.12699999997858, 7093593.391000293195248 ], [ 461472.13599999982398, 7093311.673000293783844 ] ] ], [ [ [ 423796.103999996907078, 7146723.32100027333945 ], [ 424379.150999996985774, 7148080.121000275947154 ], [ 424535.841999996977393, 7145425.172000275924802 ], [ 423796.103999996907078, 7146723.32100027333945 ] ] ], [ [ [ 424470.39599999692291, 7144318.744000274688005 ], [ 426943.205999997269828, 7145583.187000282108784 ], [ 424767.285999997053295, 7151133.595000275410712 ], [ 426843.085999997332692, 7153698.287000282667577 ], [ 422340.813999996869825, 7160577.150000269524753 ], [ 429259.374999997729901, 7167927.44100028835237 ], [ 439513.348999998648651, 7155303.517000298947096 ], [ 440912.204999998910353, 7158971.876000300049782 ], [ 445466.200999999186024, 7155537.221000302582979 ], [ 448539.904999999562278, 7159514.905000302940607 ], [ 462321.252000000036787, 7148806.180000304244459 ], [ 465921.866999999911059, 7150589.585000302642584 ], [ 471002.151000000187196, 7146722.185000302270055 ], [ 475171.270000000018626, 7141615.502000303007662 ], [ 474006.231000000087079, 7136407.46400030143559 ], [ 484564.683000000019092, 7132279.760000298731029 ], [ 488879.423, 7121106.639000300318003 ], [ 481887.085000000020955, 7120579.803000298328698 ], [ 475393.828999999968801, 7124287.685000298544765 ], [ 470766.991000000038184, 7122659.59200029913336 ], [ 469746.523999999975786, 7118503.709000296890736 ], [ 467072.305999999982305, 7119547.363000299781561 ], [ 467283.981999999901745, 7116091.818000298924744 ], [ 458151.604999999690335, 7112800.336000298149884 ], [ 462361.70499999995809, 7107191.137000296264887 ], [ 460317.509000000020023, 7096721.518000292591751 ], [ 449607.50399999943329, 7105619.072000294923782 ], [ 442936.450999999011401, 7106660.881000293418765 ], [ 435969.665999998338521, 7115116.673000290989876 ], [ 425944.007999997178558, 7132953.497000277973711 ], [ 424470.39599999692291, 7144318.744000274688005 ] ], [ [ 422902.404999996884726, 7160843.365000272169709 ], [ 423276.499999997206032, 7161231.842000274918973 ], [ 423073.980999997176696, 7160579.076000270433724 ], [ 422902.404999996884726, 7160843.365000272169709 ] ], [ [ 429213.025999997451436, 7135050.769000286236405 ], [ 431171.608999997843057, 7136043.264000290073454 ], [ 432780.693999997922219, 7136873.377000290900469 ], [ 432683.143999997933861, 7134082.088000290095806 ], [ 429213.025999997451436, 7135050.769000286236405 ] ], [ [ 455744.860999999684282, 7105111.778000296093524 ], [ 458741.668999999703374, 7103840.884000294841826 ], [ 457932.695999999821652, 7103440.687000296078622 ], [ 455744.860999999684282, 7105111.778000296093524 ] ] ] ] } },
{ "type": "Feature", "properties": { "id": 93, "gml_id": 28021908, "natcode": "689", "namefin": "Rautjärvi", "nameswe": "Rautjärvi", "landarea": 351.48, "freshwarea": 50.42, "seawarea": null, "totalarea": 401.9 }, "geometry": { "type": "MultiPolygon", "coordinates": [ [ [ [ 611969.617000019876286, 6788011.963999919593334 ], [ 608560.973000018624589, 6791652.928999981842935 ], [ 610931.760000018519349, 6805770.364999937824905 ], [ 607889.976000017602928, 6806883.306999990716577 ], [ 612901.201000018627383, 6806477.03399989567697 ], [ 615023.114000017987564, 6812491.612999840639532 ], [ 610033.228000017581508, 6815822.390999952331185 ], [ 622639.586000013398007, 6822660.991999579593539 ], [ 630413.280000003403984, 6812512.265999196097255 ], [ 620362.300000018673018, 6795006.699999691918492 ], [ 611969.617000019876286, 6788011.963999919593334 ] ] ] ] } },
{ "type": "Feature", "properties": { "id": 94, "gml_id": 28024555, "natcode": "231", "namefin": "Kaskinen", "nameswe": "Kaskö", "landarea": 10.64, "freshwarea": 0.15, "seawarea": 164.57, "totalarea": 175.36 }, "geometry": { "type": "MultiPolygon", "coordinates": [ [ [ [ 173191.600367686827667, 6923273.609920931048691 ], [ 195357.825195911806077, 6925093.729812402278185 ], [ 200723.52716810425045, 6927927.951963627710938 ], [ 201762.340164585562889, 6931718.809983353130519 ], [ 203767.406153466319665, 6928456.017044153064489 ], [ 195818.549190328863915, 6919478.489841755479574 ], [ 173652.691357595904265, 6917659.010970656760037 ], [ 173191.600367686827667, 6923273.609920931048691 ] ] ], [ [ [ 199969.441172575927339, 6929207.577939355745912 ], [ 200052.951171974244062, 6928849.575942596420646 ], [ 199867.75917296926491, 6928916.63893717713654 ], [ 199969.441172575927339, 6929207.577939355745912 ] ] ], [ [ [ 200319.614170373475645, 6928370.105951278470457 ], [ 200415.024170008895453, 6928642.18695330247283 ], [ 200350.538170194020495, 6928326.242952251806855 ], [ 200319.614170373475645, 6928370.105951278470457 ] ] ], [ [ [ 200052.731171655876096, 6928165.213944250717759 ], [ 199288.520175519865006, 6927883.596923150122166 ], [ 199657.268174150667619, 6929087.137930760160089 ], [ 200052.731171655876096, 6928165.213944250717759 ] ] ], [ [ [ 199427.154175338742789, 6929039.013924279250205 ], [ 199357.016175562283024, 6928731.081923023797572 ], [ 199332.345175689610187, 6928724.454922331497073 ], [ 199427.154175338742789, 6929039.013924279250205 ] ] ], [ [ [ 200299.098170463810675, 6928337.692950778640807 ], [ 200276.829170579614583, 6928339.419950149022043 ], [ 200281.584170566988178, 6928365.263950219377875 ], [ 200299.098170463810675, 6928337.692950778640807 ] ] ] ] } },
{ "type": "Feature", "properties": { "id": 95, "gml_id": 28019791, "natcode": "761", "namefin": "Somero", "nameswe": "Somero", "landarea": 668.07, "freshwarea": 29.61, "seawarea": null, "totalarea": 697.68 }, "geometry": { "type": "MultiPolygon", "coordinates": [ [ [ [ 328244.54900036030449, 6712063.461992714554071 ], [ 315435.500000828295015, 6708165.01598700042814 ], [ 312425.03700099978596, 6710150.227985109202564 ], [ 313647.083000937243924, 6711950.150985824875534 ], [ 307817.797001331811771, 6716210.429981637746096 ], [ 309224.066001263796352, 6722809.054982449859381 ], [ 302390.448001795681193, 6717646.379976925440133 ], [ 292306.717003038618714, 6722632.419965147972107 ], [ 295306.359002665616572, 6727167.024968698620796 ], [ 290626.557003535679542, 6743768.628961066715419 ], [ 296901.866002542432398, 6736363.868970026262105 ], [ 308607.988001396879554, 6739889.216981309466064 ], [ 311144.787001189193688, 6734830.62398340832442 ], [ 318787.478000748320483, 6732082.176988209597766 ], [ 318783.129000739136245, 6729183.270988279953599 ], [ 330561.662000330863521, 6727772.869993259198964 ], [ 328533.194000376970507, 6724398.217992620542645 ], [ 331428.894000301253982, 6722861.158993607386947 ], [ 327002.247000405797735, 6717531.524992178194225 ], [ 328244.54900036030449, 6712063.461992714554071 ] ] ] ] } },
{ "type": "Feature", "properties": { "id": 96, "gml_id": 28023402, "natcode": "214", "namefin": "Kankaanpää", "nameswe": "Kankaanpää", "landarea": 1021.27, "freshwarea": 16.6, "seawarea": null, "totalarea": 1037.87 }, "geometry": { "type": "MultiPolygon", "coordinates": [ [ [ [ 244964.638032298884355, 6858301.889755086041987 ], [ 238452.786041184590431, 6862380.126697363331914 ], [ 246466.18903162231436, 6870105.135760144330561 ], [ 238242.47404320462374, 6876938.868685244582593 ], [ 236801.933046090882272, 6882124.137667182832956 ], [ 244585.65503549418645, 6887072.980735529214144 ], [ 249538.893030320265098, 6894974.540769926272333 ], [ 255859.267023934022291, 6894485.532812832854688 ], [ 258966.253021522978088, 6898659.030829522758722 ], [ 260465.938020020723343, 6893508.922839747741818 ], [ 260466.555020259111188, 6897648.970838231965899 ], [ 262437.17601861373987, 6894732.431849622167647 ], [ 261385.167018973530503, 6887173.902846836484969 ], [ 259078.379020747059258, 6887321.856834475882351 ], [ 262063.695018421421992, 6886068.221850677393377 ], [ 258549.358021015941631, 6884740.858832513913512 ], [ 272284.096011964371428, 6877936.502896985039115 ], [ 271125.582012398866937, 6873958.556893656030297 ], [ 264211.437016218318604, 6871049.151865803636611 ], [ 265239.556015091133304, 6860206.000873560085893 ], [ 271821.96401142643299, 6855863.801900372840464 ], [ 272227.793010998982936, 6848590.89690337702632 ], [ 264982.579014682094567, 6847237.862876099534333 ], [ 248231.580028520635096, 6856285.65978017449379 ], [ 246557.785029712540563, 6849132.827771846204996 ], [ 244964.638032298884355, 6858301.889755086041987 ] ] ] ] } },
{ "type": "Feature", "properties": { "id": 97, "gml_id": 28020146, "natcode": "918", "namefin": "Vehmaa", "nameswe": "Vehmaa", "landarea": 189.22, "freshwarea": 3.07, "seawarea": 9.76, "totalarea": 202.05 }, "geometry": { "type": "MultiPolygon", "coordinates": [ [ [ [ 214247.914063939475454, 6726375.842543474398553 ], [ 199938.138103215140291, 6737671.951307445764542 ], [ 204004.930092158028856, 6742021.332373442128301 ], [ 203530.96309455082519, 6746118.477359674870968 ], [ 213141.035070153709967, 6747496.730507056228817 ], [ 216583.548062343441416, 6744890.582555120810866 ], [ 214247.914063939475454, 6726375.842543474398553 ] ] ], [ [ [ 216670.643060889618937, 6737246.732563506811857 ], [ 216695.868060851062182, 6737316.218563754111528 ], [ 216715.449060802464373, 6737257.95956404786557 ], [ 216670.643060889618937, 6737246.732563506811857 ] ] ] ] } },
{ "type": "Feature", "properties": { "id": 98, "gml_id": 28021210, "natcode": "576", "namefin": "Padasjoki", "nameswe": "Padasjoki", "landarea": 523.06, "freshwarea": 206.75, "seawarea": null, "totalarea": 729.81 }, "geometry": { "type": "MultiPolygon", "coordinates": [ [ [ [ 391802.691999982576817, 6814673.846999984234571 ], [ 416789.251999992644414, 6818020.264000187627971 ], [ 422133.796999994665384, 6800320.820000195875764 ], [ 420573.832999993872363, 6797562.909000189974904 ], [ 415159.048999991908204, 6798601.650000177323818 ], [ 411351.203999990189914, 6791654.821000163443387 ], [ 394254.45099998236401, 6791800.027000025846064 ], [ 393510.74299998220522, 6796819.551000013947487 ], [ 391280.958999981521629, 6795343.083999978378415 ], [ 389631.155999981157947, 6797443.8519999505952 ], [ 388903.03899998095585, 6797083.333999936468899 ], [ 388570.141999980842229, 6796523.808999929577112 ], [ 386004.132999982219189, 6817676.615999867208302 ], [ 391802.691999982576817, 6814673.846999984234571 ] ] ], [ [ [ 389783.631999981240369, 6796581.987999951466918 ], [ 388938.132999980938621, 6796995.11499993596226 ], [ 389427.047999980975874, 6797023.51699994597584 ], [ 389783.631999981240369, 6796581.987999951466918 ] ] ] ] } },
{ "type": "Feature", "properties": { "id": 99, "gml_id": 28023668, "natcode": "250", "namefin": "Kihniö", "nameswe": "Kihniö", "landarea": 357.19, "freshwarea": 33.29, "seawarea": null, "totalarea": 390.48 }, "geometry": { "type": "MultiPolygon", "coordinates": [ [ [ [ 304153.954003242659383, 6917135.547966562211514 ], [ 313738.511001861887053, 6896936.099978730082512 ], [ 311165.510002137394622, 6897849.173976177349687 ], [ 306556.562002626073081, 6888949.321971624158323 ], [ 298516.531003897194751, 6889386.678960535675287 ], [ 292281.080005604249891, 6912797.496946774423122 ], [ 304153.954003242659383, 6917135.547966562211514 ] ] ] ] } },
{ "type": "Feature", "properties": { "id": 100, "gml_id": 28020207, "natcode": "503", "namefin": "Mynämäki", "nameswe": "Mynämäki", "landarea": 520.13, "freshwarea": 2.45, "seawarea": 13.54, "totalarea": 536.12 }, "geometry": { "type": "MultiPolygon", "coordinates": [ [ [ [ 250110.716019243351184, 6742255.862839040346444 ], [ 237713.062030172499362, 6741455.258762950077653 ], [ 221887.700050045212265, 6728162.507631322368979 ], [ 213491.640065255342051, 6724913.721535153687 ], [ 216605.690062382724136, 6745387.550554919056594 ], [ 235893.980034065432847, 6761936.978738012723625 ], [ 241445.870026967866579, 6748953.619785258546472 ], [ 250110.716019243351184, 6742255.862839040346444 ] ], [ [ 216670.643060889618937, 6737246.732563506811857 ], [ 216695.868060851062182, 6737316.218563754111528 ], [ 216715.449060802464373, 6737257.95956404786557 ], [ 216670.643060889618937, 6737246.732563506811857 ] ] ] ] } },
{ "type": "Feature", "properties": { "id": 101, "gml_id": 28021145, "natcode": "616", "namefin": "Pukkila", "nameswe": "Pukkila", "landarea": 145.09, "freshwarea": 0.85, "seawarea": null, "totalarea": 145.94 }, "geometry": { "type": "MultiPolygon", "coordinates": [ [ [ [ 419174.129999993077945, 6730717.88200016412884 ], [ 424096.83899999485584, 6726998.039000171236694 ], [ 431598.60299999685958, 6730923.0900001777336 ], [ 425890.743999995233025, 6718914.821000168099999 ], [ 422033.202999994042329, 6720617.096000163815916 ], [ 418695.893999992753379, 6716908.780000156722963 ], [ 413935.767999990843236, 6726304.67500014975667 ], [ 419174.129999993077945, 6730717.88200016412884 ] ] ] ] } },
{ "type": "Feature", "properties": { "id": 102, "gml_id": 28021155, "natcode": "018", "namefin": "Askola", "nameswe": "Askola", "landarea": 212.63, "freshwarea": 5.41, "seawarea": null, "totalarea": 218.04 }, "geometry": { "type": "MultiPolygon", "coordinates": [ [ [ [ 435459.200999997439794, 6713354.279000171460211 ], [ 431842.093999996781349, 6712417.915000170469284 ], [ 429744.181999996188097, 6705662.097000165842474 ], [ 425989.909999995259568, 6708046.895000164397061 ], [ 423421.769999994430691, 6704555.899000159464777 ], [ 422418.881999994046055, 6707848.004000158049166 ], [ 413795.168999990448356, 6706224.10800014436245 ], [ 413073.962999990209937, 6712770.87800014205277 ], [ 422033.202999994042329, 6720617.096000163815916 ], [ 432565.265999996918254, 6717622.634000172838569 ], [ 435459.200999997439794, 6713354.279000171460211 ] ] ] ] } },
{ "type": "Feature", "properties": { "id": 103, "gml_id": 28023678, "natcode": "010", "namefin": "Alavus", "nameswe": "Alavus", "landarea": 1087.19, "freshwarea": 64.32, "seawarea": null, "totalarea": 1151.51 }, "geometry": { "type": "MultiPolygon", "coordinates": [ [ [ [ 309502.375002868939191, 6961659.036970368586481 ], [ 319010.864001689828001, 6951358.665980899706483 ], [ 319807.861001630022656, 6953456.03398148342967 ], [ 324145.051001273910515, 6951598.085984880104661 ], [ 329822.446000953903422, 6962332.911988141946495 ], [ 331466.168000858160667, 6960120.354989109560847 ], [ 339041.74300054134801, 6963080.179992495104671 ], [ 343298.204000405501574, 6961570.194994021207094 ], [ 346258.166000318655279, 6953333.28099500387907 ], [ 343433.663000362634193, 6937442.656994391232729 ], [ 339774.899000464298297, 6936991.646993205882609 ], [ 335490.565000593778677, 6928824.016991704702377 ], [ 327654.950000942975748, 6924153.086987970396876 ], [ 319415.59900151140755, 6925258.644982344470918 ], [ 319878.471001446945593, 6920000.355982916429639 ], [ 310740.236002394522075, 6925423.720974154770374 ], [ 312534.219002199708484, 6927715.965975947678089 ], [ 306963.875003034365363, 6939661.119968664832413 ], [ 308398.059002851368859, 6942546.261970301158726 ], [ 310341.131002594076563, 6943643.054972579702735 ], [ 303550.398003719281405, 6950988.661962936632335 ], [ 305926.321003414574079, 6960566.501965650357306 ], [ 309502.375002868939191, 6961659.036970368586481 ] ], [ [ 309216.433002732461318, 6942115.082971337251365 ], [ 309406.792002708825748, 6942402.890971548855305 ], [ 309284.571002720622346, 6941838.279971439391375 ], [ 309216.433002732461318, 6942115.082971337251365 ] ] ], [ [ [ 333911.129000763350632, 6968504.390990148298442 ], [ 336830.545000629033893, 6965327.765991551801562 ], [ 333282.255000778881367, 6963623.50798995513469 ], [ 331365.767000885680318, 6967087.544988874346018 ], [ 333911.129000763350632, 6968504.390990148298442 ] ] ] ] } },
{ "type": "Feature", "properties": { "id": 104, "gml_id": 28026391, "natcode": "425", "namefin": "Liminka", "nameswe": "Limingo", "landarea": 637.36, "freshwarea": 5.31, "seawarea": 9.03, "totalarea": 651.7 }, "geometry": { "type": "MultiPolygon", "coordinates": [ [ [ [ 465921.866999999911059, 7150589.585000302642584 ], [ 462321.252000000036787, 7148806.180000304244459 ], [ 448539.904999999562278, 7159514.905000302940607 ], [ 445466.200999999186024, 7155537.221000302582979 ], [ 440912.204999998910353, 7158971.876000300049782 ], [ 439513.348999998648651, 7155303.517000298947096 ], [ 433830.792999998084269, 7165105.401000296697021 ], [ 417599.489999996731058, 7175103.672000246122479 ], [ 412780.844999996945262, 7180099.313000213354826 ], [ 420782.006999997072853, 7196394.278000263497233 ], [ 426386.797999997565057, 7197366.200000286102295 ], [ 431515.410999997984618, 7192449.020000294782221 ], [ 429498.850999997812323, 7187876.266000289469957 ], [ 433689.803999998432118, 7178702.944000298157334 ], [ 429704.378999997861683, 7180197.482000291347504 ], [ 428546.162999997846782, 7176629.555000288411975 ], [ 432153.801999997987878, 7167575.178000293672085 ], [ 438980.184999998717103, 7162550.155000301077962 ], [ 439700.774999998684507, 7166978.622000301256776 ], [ 436268.539999998407438, 7167580.660000298172235 ], [ 440595.914999998814892, 7171403.574000301770866 ], [ 451403.374999999476131, 7160880.847000303678215 ], [ 456863.653999999747612, 7160163.334000302478671 ], [ 458254.219999999797437, 7162550.230000305920839 ], [ 450146.72499999939464, 7171080.342000305652618 ], [ 460177.575999999884516, 7163264.791000306606293 ], [ 465921.866999999911059, 7150589.585000302642584 ] ], [ [ 460732.897, 7160177.109000304713845 ], [ 460401.652, 7160405.497000304982066 ], [ 460765.456999999820255, 7160219.419000304304063 ], [ 460732.897, 7160177.109000304713845 ] ] ], [ [ [ 432378.807999998156447, 7184552.234000296331942 ], [ 432774.192999998107553, 7184811.262000296264887 ], [ 432480.498999998148065, 7184472.392000297084451 ], [ 432378.807999998156447, 7184552.234000296331942 ] ] ] ] } },
{ "type": "Feature", "properties": { "id": 105, "gml_id": 28022640, "natcode": "584", "namefin": "Perho", "nameswe": "Perho", "landarea": 747.87, "freshwarea": 27.31, "seawarea": null, "totalarea": 775.18 }, "geometry": { "type": "MultiPolygon", "coordinates": [ [ [ [ 358049.251000182586722, 7025711.054996996186674 ], [ 368311.879000074637588, 7025840.862998478114605 ], [ 370293.249000062874984, 7029679.170998672954738 ], [ 378728.175000023387838, 7031589.023999335244298 ], [ 388595.831000001169741, 7027489.372999805957079 ], [ 389814.313999998907093, 7018219.868999854661524 ], [ 387296.023000001674518, 7017190.733999770134687 ], [ 385696.266000002331566, 7003990.698999722488225 ], [ 387722.499999999534339, 7002395.288999799638987 ], [ 375623.274000027915463, 7005527.283999186940491 ], [ 366787.925000074377749, 7001300.582998408935964 ], [ 357452.604000173509121, 7005219.79999703541398 ], [ 360769.9960001334548, 7007607.465997580438852 ], [ 352036.619000277947634, 7017751.91599578037858 ], [ 358049.251000182586722, 7025711.054996996186674 ] ] ] ] } },
{ "type": "Feature", "properties": { "id": 106, "gml_id": 28026396, "natcode": "859", "namefin": "Tyrnävä", "nameswe": "Tyrnävä", "landarea": 491.8, "freshwarea": 3.05, "seawarea": null, "totalarea": 494.85 }, "geometry": { "type": "MultiPolygon", "coordinates": [ [ [ [ 439677.813999998848885, 7198391.512000305578113 ], [ 447198.762999999220483, 7185761.643000308424234 ], [ 445386.791999999200925, 7187555.681000307202339 ], [ 443421.938999999198131, 7187634.156000307761133 ], [ 443330.646999999065883, 7186853.673000304959714 ], [ 452067.557999999553431, 7177393.721000308170915 ], [ 449103.853999999468215, 7169736.851000305265188 ], [ 458254.219999999797437, 7162550.230000305920839 ], [ 456863.653999999747612, 7160163.334000302478671 ], [ 451403.374999999476131, 7160880.847000303678215 ], [ 440595.914999998814892, 7171403.574000301770866 ], [ 436268.539999998407438, 7167580.660000298172235 ], [ 439700.774999998684507, 7166978.622000301256776 ], [ 438980.184999998717103, 7162550.155000301077962 ], [ 431738.572999998112209, 7168450.508000292815268 ], [ 428546.162999997846782, 7176629.555000288411975 ], [ 429704.378999997861683, 7180197.482000291347504 ], [ 433631.342999998189043, 7180515.055000296793878 ], [ 429537.115999997709878, 7188132.295000293292105 ], [ 431165.597999998019077, 7192479.234000294469297 ], [ 435656.933999998494983, 7191684.974000301212072 ], [ 439677.813999998848885, 7198391.512000305578113 ] ], [ [ 432378.807999998156447, 7184552.234000296331942 ], [ 432774.192999998107553, 7184811.262000296264887 ], [ 432480.498999998148065, 7184472.392000297084451 ], [ 432378.807999998156447, 7184552.234000296331942 ] ] ] ] } },
{ "type": "Feature", "properties": { "id": 107, "gml_id": 28024771, "natcode": "052", "namefin": "Evijärvi", "nameswe": "Evijärvi", "landarea": 354.2, "freshwarea": 36.51, "seawarea": null, "totalarea": 390.71 }, "geometry": { "type": "MultiPolygon", "coordinates": [ [ [ [ 316136.270002670120448, 7044336.509972960688174 ], [ 320481.677002139680553, 7046141.492977631278336 ], [ 327811.153001416067127, 7042330.426984213292599 ], [ 334929.075000905024353, 7032219.919989095069468 ], [ 335329.946000858501066, 7024159.80798951908946 ], [ 330989.9980011068983, 7023433.330987045541406 ], [ 330481.568001149222255, 7025762.315986648201942 ], [ 328823.440001249895431, 7022503.899985656142235 ], [ 327057.438001394970343, 7025404.602984292432666 ], [ 321812.008001840207726, 7021902.961980132386088 ], [ 323240.731001691077836, 7019817.338981481269002 ], [ 317466.486002352554351, 7026486.069975570775568 ], [ 314887.33900267718127, 7025161.864972714334726 ], [ 310172.688003488525283, 7033619.633965874090791 ], [ 316136.270002670120448, 7044336.509972960688174 ] ], [ [ 312541.250003092980478, 7033022.729969213716686 ], [ 312368.225003095518332, 7030521.872969167307019 ], [ 312044.813003167917486, 7032679.139968572184443 ], [ 312541.250003092980478, 7033022.729969213716686 ] ] ], [ [ [ 310498.252003539237194, 7043346.545965554192662 ], [ 312686.422003157204017, 7041825.659968757070601 ], [ 312117.778003247047309, 7041641.781967994756997 ], [ 310498.252003539237194, 7043346.545965554192662 ] ] ], [ [ [ 325377.35100150492508, 7020107.38298321608454 ], [ 324491.441001582774334, 7020550.246982492506504 ], [ 324981.603001544368453, 7021279.001982857473195 ], [ 325377.35100150492508, 7020107.38298321608454 ] ] ], [ [ [ 326345.185001431615092, 7021292.907983914949 ], [ 325723.902001477545127, 7020385.177983475849032 ], [ 325364.975001515762415, 7022042.407983128912747 ], [ 326345.185001431615092, 7021292.907983914949 ] ] ] ] } },
{ "type": "Feature", "properties": { "id": 108, "gml_id": 28020619, "natcode": "098", "namefin": "Hollola", "nameswe": "Hollola", "landarea": 651.96, "freshwarea": 75.52, "seawarea": null, "totalarea": 727.48 }, "geometry": { "type": "MultiPolygon", "coordinates": [ [ [ [ 413193.18599999055732, 6747622.581000154837966 ], [ 405921.920999987167306, 6761994.733000127598643 ], [ 401842.244999984977767, 6758690.618000100366771 ], [ 397829.5099999824306, 6749094.964000066742301 ], [ 397251.568999982089736, 6749240.904000059701502 ], [ 396647.599999981932342, 6755267.635000051930547 ], [ 392003.32599997962825, 6756401.466999993659556 ], [ 394917.108999981661327, 6769761.045000034384429 ], [ 402770.859999985783361, 6772609.557000110857189 ], [ 406024.757999987399671, 6777231.027000132016838 ], [ 407223.621999988041352, 6774944.919000139459968 ], [ 414240.001999991305638, 6775727.316000166349113 ], [ 421278.20099999406375, 6780454.096000188030303 ], [ 422536.611999994609505, 6776416.536000185646117 ], [ 434003.030999997397885, 6775347.801000194624066 ], [ 430648.730999996652827, 6770455.631000192835927 ], [ 435614.585999997681938, 6767948.932000191882253 ], [ 423571.516999994695652, 6767953.908000183291733 ], [ 421051.484999993874226, 6763473.644000180065632 ], [ 421760.257999994093552, 6756264.118000174872577 ], [ 427499.194999995816033, 6752742.932000184431672 ], [ 426209.355999995488673, 6749764.705000180751085 ], [ 420727.771999993768986, 6748967.112000172957778 ], [ 419577.223999993293546, 6752005.276000170968473 ], [ 413193.18599999055732, 6747622.581000154837966 ] ] ] ] } },
{ "type": "Feature", "properties": { "id": 109, "gml_id": 28027713, "natcode": "691", "namefin": "Reisjärvi", "nameswe": "Reisjärvi", "landarea": 474.32, "freshwarea": 28.76, "seawarea": null, "totalarea": 503.08 }, "geometry": { "type": "MultiPolygon", "coordinates": [ [ [ [ 397801.506999996956438, 7072293.820000026375055 ], [ 395620.165999998396728, 7071392.569999977946281 ], [ 395519.140999998373445, 7071621.171999974176288 ], [ 397801.506999996956438, 7072293.820000026375055 ] ] ], [ [ [ 389610.528000004705973, 7069940.562999803572893 ], [ 387657.151000008219853, 7072183.107999727129936 ], [ 388749.673000006354414, 7072774.294999768957496 ], [ 389610.528000004705973, 7069940.562999803572893 ] ] ], [ [ [ 382089.064000019105151, 7060305.112999480217695 ], [ 382547.096000018471386, 7064249.434999498538673 ], [ 385214.342000011878554, 7063404.680999632924795 ], [ 382382.773000019369647, 7066074.330999488011003 ], [ 382241.929000020085368, 7067370.781999477185309 ], [ 385366.49800001148833, 7063566.581999640911818 ], [ 388144.80700000654906, 7066976.41199975181371 ], [ 397642.940999996615574, 7061760.218000028282404 ], [ 395107.457999998354353, 7065699.102999967522919 ], [ 397902.522999996435829, 7063481.038000030443072 ], [ 399154.279999996244442, 7071603.042000052519143 ], [ 405349.818999994546175, 7068795.94500014744699 ], [ 405678.360999994562007, 7070840.460000149905682 ], [ 406387.545999994617887, 7071758.781000160612166 ], [ 413854.07299999485258, 7056709.494000220671296 ], [ 407657.21699999406701, 7050922.609000174328685 ], [ 402107.618999993777834, 7038128.975000110454857 ], [ 391822.979999999981374, 7052793.190999889746308 ], [ 382089.064000019105151, 7060305.112999480217695 ] ], [ [ 404636.192999994731508, 7066662.826000139117241 ], [ 403966.181999994732905, 7068581.189000129699707 ], [ 405577.832999994512647, 7067691.095000149682164 ], [ 404636.192999994731508, 7066662.826000139117241 ] ] ], [ [ [ 417581.223999995272607, 7053873.77200024202466 ], [ 418282.843999995384365, 7056119.615000244230032 ], [ 418485.791999995301012, 7054001.707000243477523 ], [ 417581.223999995272607, 7053873.77200024202466 ] ] ], [ [ [ 378948.690000030735973, 7065568.71999927982688 ], [ 377491.649000036879443, 7066615.618999175727367 ], [ 377733.312000036065001, 7067378.703999191522598 ], [ 377964.477000035170931, 7067514.089999209158123 ], [ 378948.690000030735973, 7065568.71999927982688 ] ] ], [ [ [ 381061.826000024040695, 7068288.895999406464398 ], [ 381046.401000023994129, 7068381.815999407321215 ], [ 381227.59400002338225, 7068282.625999418087304 ], [ 381427.927000022842549, 7068291.374999428167939 ], [ 381422.326000022701919, 7068206.113999429158866 ], [ 381436.70700002257945, 7068190.958999431692064 ], [ 381510.311000022338703, 7068175.803999434225261 ], [ 381468.035000022558961, 7068110.835999432951212 ], [ 381458.256000022636726, 7068075.056999430991709 ], [ 381504.789000022457913, 7068016.468999434262514 ], [ 381451.299000022583641, 7067961.537999431602657 ], [ 381466.068000022438355, 7067930.969999433495104 ], [ 381424.922000022721477, 7067922.478999429382384 ], [ 381376.646000022767112, 7068207.578999425284564 ], [ 381061.826000024040695, 7068288.895999406464398 ] ] ], [ [ [ 381558.028000022168271, 7067949.947999437339604 ], [ 381514.975000022328459, 7068015.190999435260892 ], [ 381517.3460000223713, 7068170.244999434798956 ], [ 381427.319000022660475, 7068301.74499942921102 ], [ 380927.121000024431851, 7068633.410999401472509 ], [ 381562.009000022313558, 7068239.820999438874424 ], [ 381558.028000022168271, 7067949.947999437339604 ] ] ], [ [ [ 379387.104000028921291, 7064648.014999309554696 ], [ 378613.145000031741802, 7064592.243999259546399 ], [ 378711.259000031626783, 7065405.390999265015125 ], [ 379387.104000028921291, 7064648.014999309554696 ] ] ] ] } },
{ "type": "Feature", "properties": { "id": 110, "gml_id": 28023272, "natcode": "936", "namefin": "Virrat", "nameswe": "Virdois", "landarea": 1162.54, "freshwarea": 136.54, "seawarea": null, "totalarea": 1299.08 }, "geometry": { "type": "MultiPolygon", "coordinates": [ [ [ [ 345382.816000254475512, 6891191.695995470508933 ], [ 334884.316000546328723, 6898502.557992029003799 ], [ 336616.118000475573353, 6892493.468992795795202 ], [ 332137.935000624333043, 6888127.9489910826087 ], [ 324642.405000980361365, 6886969.455987274646759 ], [ 313738.511001861887053, 6896936.099978730082512 ], [ 303714.57200331275817, 6917099.095965954475105 ], [ 307589.745002806652337, 6925168.37397047970444 ], [ 310933.46700238250196, 6926894.948974282480776 ], [ 319878.471001446945593, 6920000.355982916429639 ], [ 319415.59900151140755, 6925258.644982344470918 ], [ 327654.950000942975748, 6924153.086987970396876 ], [ 335490.565000593778677, 6928824.016991704702377 ], [ 336977.916000549332239, 6933246.459992223419249 ], [ 336987.610000540385954, 6929367.885992298834026 ], [ 340216.677000441588461, 6931991.178993438370526 ], [ 340448.679000418633223, 6923133.135993650183082 ], [ 345455.368000287853647, 6918226.111995195038617 ], [ 345809.975000273203477, 6912634.290995349176228 ], [ 356360.623000109218992, 6903931.430997525341809 ], [ 352958.484000147262122, 6903122.047996970824897 ], [ 350809.280000171042047, 6897231.94799661077559 ], [ 347012.654000231123064, 6896938.239995803683996 ], [ 345382.816000254475512, 6891191.695995470508933 ] ] ] ] } },
{ "type": "Feature", "properties": { "id": 111, "gml_id": 28021668, "natcode": "935", "namefin": "Virolahti", "nameswe": "Virolahti", "landarea": 372.56, "freshwarea": 4.21, "seawarea": 182.21, "totalarea": 558.98 }, "geometry": { "type": "MultiPolygon", "coordinates": [ [ [ [ 548650.460000000661239, 6719998.894000176340342 ], [ 542496.900000000372529, 6711086.90000017452985 ], [ 541149.100000000325963, 6701892.400000169873238 ], [ 537811.900000000139698, 6699895.700000169686973 ], [ 540002.000000000349246, 6695252.900000168010592 ], [ 535868.481000000145286, 6689986.42200016323477 ], [ 529428.714000000152737, 6700522.994000169448555 ], [ 521882.925999999977648, 6704353.992000170052052 ], [ 521257.299000000057276, 6718540.708000176586211 ], [ 524868.520000000018626, 6722898.182000178843737 ], [ 527075.76, 6718457.09100017696619 ], [ 529138.62300000002142, 6724632.749000179581344 ], [ 532153.167000000015832, 6725156.139000181108713 ], [ 537718.111000000266358, 6720741.720000174827874 ], [ 544832.553000000421889, 6724586.087000179104507 ], [ 548650.460000000661239, 6719998.894000176340342 ] ] ] ] } },
{ "type": "Feature", "properties": { "id": 112, "gml_id": 28019130, "natcode": "478", "namefin": "Maarianhamina", "nameswe": "Mariehamn", "landarea": 11.83, "freshwarea": 0.0, "seawarea": 8.93, "totalarea": 20.76 }, "geometry": { "type": "MultiPolygon", "coordinates": [ [ [ [ 106669.07603426190326, 6677676.692643946968019 ], [ 106066.18605593231041, 6680406.297545960173011 ], [ 107055.337047599023208, 6686269.311587826348841 ], [ 109363.682994151953608, 6686625.613834286108613 ], [ 106669.07603426190326, 6677676.692643946968019 ] ], [ [ 106299.848050948523451, 6680657.232569009996951 ], [ 106325.186050302640069, 6680644.21157197188586 ], [ 106299.589050872309599, 6680626.132569341920316 ], [ 106299.848050948523451, 6680657.232569009996951 ] ], [ [ 106252.261051510286052, 6680436.016566294245422 ], [ 106250.256051403586753, 6680377.574566747061908 ], [ 106219.242052379588131, 6680463.006562313996255 ], [ 106252.261051510286052, 6680436.016566294245422 ] ], [ [ 106279.955050945689436, 6680475.205568910576403 ], [ 106324.720049776893575, 6680441.595574261620641 ], [ 106290.051050548499916, 6680417.106570702977479 ], [ 106279.955050945689436, 6680475.205568910576403 ] ] ] ] } },
{ "type": "Feature", "properties": { "id": 113, "gml_id": 28024482, "natcode": "545", "namefin": "Närpiö", "nameswe": "Närpes", "landarea": 977.86, "freshwarea": 9.96, "seawarea": 1346.32, "totalarea": 2334.14 }, "geometry": { "type": "MultiPolygon", "coordinates": [ [ [ [ 173191.600367686827667, 6923273.609920931048691 ], [ 165571.979505473806057, 6964247.652249711565673 ], [ 201572.233181101037189, 6964639.081897362135351 ], [ 208119.840146969130728, 6961636.345083711668849 ], [ 212960.414129680662882, 6971155.641180933453143 ], [ 228928.234076378401369, 6967311.165487328544259 ], [ 231118.879071628150996, 6970711.536515852436423 ], [ 233606.194064302952029, 6962292.144559369422495 ], [ 222606.645090558682568, 6953265.493402854539454 ], [ 222504.420088795130141, 6944931.709412511438131 ], [ 217058.599103545304388, 6936696.916326203383505 ], [ 218977.094096441927832, 6933299.883366989903152 ], [ 202884.456153262639418, 6918062.904044082388282 ], [ 196226.738185514463112, 6914505.836867145262659 ], [ 174061.103348887350876, 6912685.70201369933784 ], [ 173652.691357595904265, 6917659.010970656760037 ], [ 200873.499164746317547, 6922174.021981328725815 ], [ 203807.416152754682116, 6927198.462047941051424 ], [ 201846.823164168628864, 6931729.03198563773185 ], [ 200723.52716810425045, 6927927.951963627710938 ], [ 195357.825195911806077, 6925093.729812402278185 ], [ 173191.600367686827667, 6923273.609920931048691 ] ], [ [ 213553.551126321370248, 6968424.528199528343976 ], [ 213667.325125456263777, 6967234.610204282216728 ], [ 212932.021128359832801, 6967112.908187954686582 ], [ 213553.551126321370248, 6968424.528199528343976 ] ], [ [ 214356.705122043320443, 6965143.610223318450153 ], [ 213203.731126420898363, 6964697.032198618166149 ], [ 213453.069125672802329, 6965400.78820289298892 ], [ 214356.705122043320443, 6965143.610223318450153 ] ], [ [ 200052.731171655876096, 6928165.213944250717759 ], [ 199288.520175519865006, 6927883.596923150122166 ], [ 199657.268174150667619, 6929087.137930760160089 ], [ 200052.731171655876096, 6928165.213944250717759 ] ], [ [ 200319.614170373475645, 6928370.105951278470457 ], [ 200415.024170008895453, 6928642.18695330247283 ], [ 200350.538170194020495, 6928326.242952251806855 ], [ 200319.614170373475645, 6928370.105951278470457 ] ], [ [ 199969.441172575927339, 6929207.577939355745912 ], [ 200052.951171974244062, 6928849.575942596420646 ], [ 199867.75917296926491, 6928916.63893717713654 ], [ 199969.441172575927339, 6929207.577939355745912 ] ], [ [ 200299.098170463810675, 6928337.692950778640807 ], [ 200276.829170579614583, 6928339.419950149022043 ], [ 200281.584170566988178, 6928365.263950219377875 ], [ 200299.098170463810675, 6928337.692950778640807 ] ], [ [ 199427.154175338742789, 6929039.013924279250205 ], [ 199357.016175562283024, 6928731.081923023797572 ], [ 199332.345175689610187, 6928724.454922331497073 ], [ 199427.154175338742789, 6929039.013924279250205 ] ] ] ] } },
{ "type": "Feature", "properties": { "id": 114, "gml_id": 28020639, "natcode": "316", "namefin": "Kärkölä", "nameswe": "Kärkölä", "landarea": 256.68, "freshwarea": 2.62, "seawarea": null, "totalarea": 259.3 }, "geometry": { "type": "MultiPolygon", "coordinates": [ [ [ [ 396257.423999981430825, 6744498.902000045403838 ], [ 405921.920999987167306, 6761994.733000127598643 ], [ 415415.399999991757795, 6741467.59300016053021 ], [ 411827.687999989837408, 6736406.800000146962702 ], [ 407242.577999987406656, 6736361.884000129066408 ], [ 402662.437999985122588, 6746389.452000103890896 ], [ 396257.423999981430825, 6744498.902000045403838 ] ] ] ] } },
{ "type": "Feature", "properties": { "id": 115, "gml_id": 28026808, "natcode": "626", "namefin": "Pyhäjärvi", "nameswe": "Pyhäjärvi", "landarea": 1310.56, "freshwarea": 148.41, "seawarea": null, "totalarea": 1458.97 }, "geometry": { "type": "MultiPolygon", "coordinates": [ [ [ [ 434271.819999997911509, 7076962.283000282943249 ], [ 435416.502999998105224, 7079992.804000284522772 ], [ 434586.818999998096842, 7076762.268000283278525 ], [ 434271.819999997911509, 7076962.283000282943249 ] ] ], [ [ [ 417998.279999995254911, 7051438.60700024291873 ], [ 428750.954999997164123, 7058267.187000270932913 ], [ 434089.188999998150393, 7075393.087000282481313 ], [ 463262.870999999868218, 7089025.474000291898847 ], [ 461527.866999999911059, 7078487.965000289492309 ], [ 464854.405999999959022, 7051516.751000284217298 ], [ 460032.115999999805354, 7049273.187000283971429 ], [ 457055.197999999625608, 7036862.779000280424953 ], [ 444765.299999999289867, 7035052.776000279001892 ], [ 439004.418999998539221, 7042516.975000278092921 ], [ 424539.133999996352941, 7045824.724000262096524 ], [ 417998.279999995254911, 7051438.60700024291873 ] ] ] ] } },
{ "type": "Feature", "properties": { "id": 116, "gml_id": 28026351, "natcode": "244", "namefin": "Kempele", "nameswe": "Kempele", "landarea": 110.14, "freshwarea": 0.17, "seawarea": 0.03, "totalarea": 110.34 }, "geometry": { "type": "MultiPolygon", "coordinates": [ [ [ [ 436231.238999998546205, 7192063.656000302173197 ], [ 426386.797999997565057, 7197366.200000286102295 ], [ 426188.061999997589737, 7203600.460000284016132 ], [ 437864.879999998782296, 7201451.532000304199755 ], [ 439838.149999998742715, 7198560.584000304341316 ], [ 436231.238999998546205, 7192063.656000302173197 ] ] ] ] } },
{ "type": "Feature", "properties": { "id": 117, "gml_id": 28027001, "natcode": "678", "namefin": "Raahe", "nameswe": "Brahestad", "landarea": 1013.72, "freshwarea": 12.83, "seawarea": 860.76, "totalarea": 1887.31 }, "geometry": { "type": "MultiPolygon", "coordinates": [ [ [ [ 388777.399000022618566, 7185667.119999624788761 ], [ 388759.867000022786669, 7185861.786999621428549 ], [ 388883.448000022443011, 7185745.515999629162252 ], [ 388777.399000022618566, 7185667.119999624788761 ] ] ], [ [ [ 391249.520000016374979, 7186270.002999735996127 ], [ 391058.691000016988255, 7186278.569999728351831 ], [ 391225.18400001648115, 7186463.105999734252691 ], [ 391249.520000016374979, 7186270.002999735996127 ] ] ], [ [ [ 391641.114000015426427, 7185197.451999751850963 ], [ 392078.243000014626887, 7185270.267999771051109 ], [ 391864.502000014879741, 7184978.697999762371182 ], [ 391641.114000015426427, 7185197.451999751850963 ] ] ], [ [ [ 390829.544000017107464, 7183926.409999719820917 ], [ 390451.461000018112827, 7184371.344999703578651 ], [ 390186.869000018807128, 7185155.523999689146876 ], [ 390377.286000018357299, 7185281.047999699600041 ], [ 390946.00700001680525, 7184488.085999724455178 ], [ 390829.544000017107464, 7183926.409999719820917 ] ] ], [ [ [ 390024.03100001916755, 7184415.043999683111906 ], [ 390106.709000018890947, 7184417.308999689295888 ], [ 390079.616000018897466, 7184350.447999686934054 ], [ 390024.03100001916755, 7184415.043999683111906 ] ] ], [ [ [ 391839.387000014365185, 7180608.034999768249691 ], [ 392329.199000013410114, 7180742.866999784484506 ], [ 392069.353000013856217, 7180371.59699977748096 ], [ 391839.387000014365185, 7180608.034999768249691 ] ] ], [ [ [ 393642.813000010850374, 7179580.695999839343131 ], [ 393799.067000010574702, 7179627.960999842733145 ], [ 393674.681000010692514, 7179430.822999837808311 ], [ 393642.813000010850374, 7179580.695999839343131 ] ] ], [ [ [ 391996.034000013838522, 7179480.2829997735098 ], [ 392049.615000013785902, 7179724.626999775879085 ], [ 392131.041000013588928, 7179666.715999780222774 ], [ 391996.034000013838522, 7179480.2829997735098 ] ] ], [ [ [ 394697.451000009197742, 7179573.260999876074493 ], [ 394754.168000008852687, 7179496.252999873831868 ], [ 394633.416000009106938, 7179486.384999870322645 ], [ 394697.451000009197742, 7179573.260999876074493 ] ] ], [ [ [ 394547.33200000890065, 7176932.280999871902168 ], [ 394724.949000008637086, 7176769.804999875836074 ], [ 394553.55200000887271, 7176745.443999871611595 ], [ 394547.33200000890065, 7176932.280999871902168 ] ] ], [ [ [ 398042.270000004325993, 7176540.387999973259866 ], [ 397980.627000004227739, 7176749.733999972231686 ], [ 398045.66500000434462, 7176780.442999974824488 ], [ 398042.270000004325993, 7176540.387999973259866 ] ] ], [ [ [ 396413.801000005681999, 7170757.391999934799969 ], [ 396299.433000006014481, 7171518.342999931424856 ], [ 396537.037000005599111, 7171087.040999935939908 ], [ 396802.12300000526011, 7171326.736999943852425 ], [ 396819.571000005234964, 7171157.37099994532764 ], [ 397342.033000004477799, 7170994.143999960273504 ], [ 397381.804000004427508, 7170818.014999960549176 ], [ 396413.801000005681999, 7170757.391999934799969 ] ] ], [ [ [ 394808.866000007838011, 7170844.169999884441495 ], [ 395043.75600000761915, 7171160.188999891281128 ], [ 394845.062000007950701, 7170741.823999884538352 ], [ 394808.866000007838011, 7170844.169999884441495 ] ] ], [ [ [ 402736.93599999928847, 7160813.298000085167587 ], [ 404759.925999998289626, 7160165.552000118419528 ], [ 403396.97099999897182, 7160009.892000096850097 ], [ 402736.93599999928847, 7160813.298000085167587 ] ] ], [ [ [ 341837.678000969346613, 7171207.742989181540906 ], [ 348971.787000629352406, 7174943.524992549791932 ], [ 355122.821000451978762, 7195769.240994454361498 ], [ 387801.405000025755726, 7186547.959999572485685 ], [ 395393.326000007393304, 7172655.065999902784824 ], [ 391626.297000012651552, 7164350.757999777793884 ], [ 424115.359999996842816, 7145343.231000272557139 ], [ 425799.693999997107312, 7138315.664000277407467 ], [ 423658.043999996909406, 7139590.133000273257494 ], [ 414158.974999995902181, 7133006.334000227041543 ], [ 402326.204999998386484, 7137080.609000087715685 ], [ 389498.930000015767291, 7152667.246999706141651 ], [ 377672.090000063180923, 7155101.286998939700425 ], [ 341837.678000969346613, 7171207.742989181540906 ] ], [ [ 389998.486000019009225, 7182429.409999687224627 ], [ 390178.78400001837872, 7181458.65099969599396 ], [ 389604.114000019966625, 7182862.514999667182565 ], [ 389998.486000019009225, 7182429.409999687224627 ] ], [ [ 389214.970000021043234, 7182010.68299965094775 ], [ 388887.211000022070948, 7182659.935999631881714 ], [ 389346.378000020631589, 7182058.161999654956162 ], [ 389214.970000021043234, 7182010.68299965094775 ] ], [ [ 393245.738000010838732, 7173583.1799998274073 ], [ 393252.010000011068769, 7173665.25399983022362 ], [ 393262.676000010687858, 7173566.309999828226864 ], [ 393245.738000010838732, 7173583.1799998274073 ] ] ], [ [ [ 406791.958999997528736, 7159093.68300015013665 ], [ 406771.676999997522216, 7159360.325000150129199 ], [ 406976.146999997494277, 7159563.429000152274966 ], [ 406791.958999997528736, 7159093.68300015013665 ] ] ] ] } },
{ "type": "Feature", "properties": { "id": 118, "gml_id": 28020954, "natcode": "091", "namefin": "Helsinki", "nameswe": "Helsingfors", "landarea": 214.58, "freshwarea": 0.84, "seawarea": 500.05, "totalarea": 715.47 }, "geometry": { "type": "MultiPolygon", "coordinates": [ [ [ [ 396776.283999979612418, 6679289.111000043340027 ], [ 403516.212999984330963, 6685567.211000096052885 ], [ 397119.090999978827313, 6646433.217000038363039 ], [ 384970.196999969019089, 6644567.215999888256192 ], [ 376718.773999965866096, 6664611.854999684728682 ], [ 379768.801999967487063, 6667904.737999768927693 ], [ 379983.812999968940858, 6681677.658999769948423 ], [ 390586.998999975505285, 6685274.089999974705279 ], [ 396776.283999979612418, 6679289.111000043340027 ] ] ] ] } },
{ "type": "Feature", "properties": { "id": 119, "gml_id": 28023171, "natcode": "892", "namefin": "Uurainen", "nameswe": "Uurainen", "landarea": 347.99, "freshwarea": 24.26, "seawarea": null, "totalarea": 372.25 }, "geometry": { "type": "MultiPolygon", "coordinates": [ [ [ [ 432762.406999997445382, 6929615.249000245705247 ], [ 422675.774999995250255, 6917196.689000231213868 ], [ 417562.719999993743841, 6919581.967000215314329 ], [ 413337.663999992597383, 6917308.635000200010836 ], [ 403166.585999989998527, 6923156.191000130027533 ], [ 408283.49099999142345, 6936280.871000174432993 ], [ 417949.166999994020443, 6933216.313000220805407 ], [ 425103.822999995783903, 6937067.62000023946166 ], [ 432174.328999997465871, 6934467.437000248581171 ], [ 432762.406999997445382, 6929615.249000245705247 ] ] ] ] } },
{ "type": "Feature", "properties": { "id": 120, "gml_id": 28020091, "natcode": "631", "namefin": "Pyhäranta", "nameswe": "Pyhäranta", "landarea": 143.68, "freshwarea": 4.75, "seawarea": 143.31, "totalarea": 291.74 }, "geometry": { "type": "MultiPolygon", "coordinates": [ [ [ [ 201571.367108022852335, 6773362.639283591881394 ], [ 200351.829108485078905, 6761033.910279413685203 ], [ 196800.934122779988684, 6767108.386197351850569 ], [ 197909.875119989970699, 6771024.884213923476636 ], [ 188815.586162016610615, 6782313.108977547846735 ], [ 164982.27932617161423, 6793620.870103914290667 ], [ 193847.46814166312106, 6787633.758092464879155 ], [ 201697.544108169327956, 6775310.986282967962325 ], [ 208415.439087905280758, 6775582.759402456693351 ], [ 209784.748085321392864, 6780488.865418399684131 ], [ 211697.63807893282501, 6774081.311456164345145 ], [ 207967.258087753725704, 6769724.189402747899294 ], [ 201571.367108022852335, 6773362.639283591881394 ] ] ] ] } },
{ "type": "Feature", "properties": { "id": 121, "gml_id": 28020325, "natcode": "704", "namefin": "Rusko", "nameswe": "Rusko", "landarea": 127.16, "freshwarea": 0.74, "seawarea": null, "totalarea": 127.9 }, "geometry": { "type": "MultiPolygon", "coordinates": [ [ [ [ 233641.174032815149985, 6720243.662743750028312 ], [ 240069.200026680453448, 6727591.833786030299962 ], [ 240519.247026620956603, 6732529.231786725111306 ], [ 250110.716019243351184, 6742255.862839040346444 ], [ 247950.241020170156844, 6730501.927831850014627 ], [ 238308.611027580103837, 6717003.959779205732048 ], [ 233641.174032815149985, 6720243.662743750028312 ] ] ] ] } },
{ "type": "Feature", "properties": { "id": 122, "gml_id": 28022993, "natcode": "921", "namefin": "Vesanto", "nameswe": "Vesanto", "landarea": 422.63, "freshwarea": 147.18, "seawarea": null, "totalarea": 569.81 }, "geometry": { "type": "MultiPolygon", "coordinates": [ [ [ [ 452626.857999999541789, 6973610.366000264883041 ], [ 451260.40999999945052, 6978834.55200026743114 ], [ 460537.808999999775551, 6980747.209000266157091 ], [ 463064.891000000061467, 6977448.452000265941024 ], [ 465210.667999999888707, 6981169.708000267855823 ], [ 461507.933999999950174, 6990710.121000270359218 ], [ 477153.819999999948777, 6985351.95500026922673 ], [ 483803.219000000215601, 6974284.665000265464187 ], [ 481563.044999999925494, 6964665.38200026191771 ], [ 476471.164000000047963, 6965629.40900026448071 ], [ 467138.506999999983236, 6957567.47700026165694 ], [ 456941.819999999774154, 6968646.984000262804329 ], [ 458719.053999999770895, 6970465.058000264689326 ], [ 452626.857999999541789, 6973610.366000264883041 ] ] ] ] } },
{ "type": "Feature", "properties": { "id": 123, "gml_id": 28021958, "natcode": "153", "namefin": "Imatra", "nameswe": "Imatra", "landarea": 155.04, "freshwarea": 36.24, "seawarea": null, "totalarea": 191.28 }, "geometry": { "type": "MultiPolygon", "coordinates": [ [ [ [ 591358.837000010884367, 6789769.53200015053153 ], [ 597829.105000014067627, 6790248.147000108845532 ], [ 598941.40300001448486, 6795109.880000098608434 ], [ 602392.7740000160411, 6795958.022000066936016 ], [ 603481.502000016858801, 6789663.15500005427748 ], [ 608698.741000019013882, 6785463.502999980933964 ], [ 595843.686000013374723, 6772915.863000120967627 ], [ 591358.837000010884367, 6789769.53200015053153 ] ] ] ] } },
{ "type": "Feature", "properties": { "id": 124, "gml_id": 28024116, "natcode": "440", "namefin": "Luoto", "nameswe": "Larsmo", "landarea": 142.93, "freshwarea": 34.0, "seawarea": 676.65, "totalarea": 853.58 }, "geometry": { "type": "MultiPolygon", "coordinates": [ [ [ [ 269757.207025762763806, 7106576.567807553336024 ], [ 291806.796010018326342, 7098121.703916073776782 ], [ 297573.901007383305114, 7082651.379935524426401 ], [ 296048.421007841243409, 7079638.58793200366199 ], [ 299314.935006733343471, 7078590.358940449543297 ], [ 291498.295009325956926, 7069655.196920718066394 ], [ 258908.961037054948974, 7087671.156733926385641 ], [ 269757.207025762763806, 7106576.567807553336024 ] ], [ [ 294768.262008556281216, 7089453.454926771111786 ], [ 294244.961008766549639, 7089734.971925200894475 ], [ 294195.020008792984299, 7089992.175925008952618 ], [ 294768.262008556281216, 7089453.454926771111786 ] ], [ [ 287339.752011699951254, 7084823.203903598710895 ], [ 287311.638011696282774, 7084306.688903617672622 ], [ 286924.333011911599897, 7084831.242902072146535 ], [ 287339.752011699951254, 7084823.203903598710895 ] ], [ [ 283302.12201364239445, 7078473.0678895637393 ], [ 282165.66201428102795, 7077737.856885025277734 ], [ 282463.869014145224355, 7078749.901886006817222 ], [ 283302.12201364239445, 7078473.0678895637393 ] ] ], [ [ [ 318859.524002358084545, 7049696.706975731067359 ], [ 321139.149002067977563, 7046416.088978273794055 ], [ 314614.273002880392596, 7043683.302971137687564 ], [ 312524.269003226887435, 7046138.223968211561441 ], [ 319126.254002300556749, 7046403.28397620934993 ], [ 317320.359002544195391, 7048352.835974089801311 ], [ 318859.524002358084545, 7049696.706975731067359 ] ], [ [ 316118.832002680981532, 7045351.413972873240709 ], [ 316216.780002667452209, 7045344.913972987793386 ], [ 316148.434002676513046, 7045305.238972912542522 ], [ 316118.832002680981532, 7045351.413972873240709 ] ] ] ] } },
{ "type": "Feature", "properties": { "id": 125, "gml_id": 28022485, "natcode": "707", "namefin": "Rääkkylä", "nameswe": "Rääkkylä", "landarea": 428.25, "freshwarea": 271.43, "seawarea": null, "totalarea": 699.68 }, "geometry": { "type": "MultiPolygon", "coordinates": [ [ [ [ 618711.242000003228895, 6919371.209999638609588 ], [ 631158.662999969208613, 6922113.319998883642256 ], [ 636900.764999939361587, 6917058.112998343072832 ], [ 642761.946999886888079, 6922622.429997547529638 ], [ 654478.997999713057652, 6918537.511995208449662 ], [ 656095.949999696807936, 6905020.106994930654764 ], [ 649534.598999820300378, 6901448.335996510460973 ], [ 653806.550999757484533, 6893961.431995638646185 ], [ 644860.204999881563708, 6899063.537997364997864 ], [ 636046.725999954156578, 6896449.608998513780534 ], [ 626280.756999991484918, 6902892.955999280326068 ], [ 618711.242000003228895, 6919371.209999638609588 ] ] ] ] } },
{ "type": "Feature", "properties": { "id": 126, "gml_id": 28025999, "natcode": "777", "namefin": "Suomussalmi", "nameswe": "Suomussalmi", "landarea": 5270.24, "freshwarea": 587.35, "seawarea": null, "totalarea": 5857.59 }, "geometry": { "type": "MultiPolygon", "coordinates": [ [ [ [ 643121.300999641767703, 7165811.374995379708707 ], [ 625313.176999909686856, 7170409.343998587690294 ], [ 619863.83299994666595, 7168000.777999111451209 ], [ 617833.94199995836243, 7162404.441999277099967 ], [ 601036.980999997002073, 7173615.516999999061227 ], [ 586187.937000003061257, 7176802.354000221937895 ], [ 561263.377000001375563, 7197755.394000306725502 ], [ 559441.265000001178123, 7209798.393000309355557 ], [ 553077.018000000738539, 7217513.306000310927629 ], [ 557192.314000001060776, 7226563.776000310666859 ], [ 556095.365000000922009, 7231775.631000310182571 ], [ 546558.322000000625849, 7233468.812000316567719 ], [ 575034.50800000235904, 7241361.841000282205641 ], [ 576524.028000002144836, 7252846.658000276423991 ], [ 583134.771000001812354, 7257341.581000240519643 ], [ 599432.079999992158264, 7260238.059999979101121 ], [ 602326.882999986759387, 7268036.090999885462224 ], [ 615939.308999939355999, 7265146.135999149642885 ], [ 627450.599999834550545, 7266675.499997810460627 ], [ 627803.099999841069803, 7249957.499997857958078 ], [ 621470.999999910825863, 7239929.499998722225428 ], [ 623106.199999898439273, 7236834.699998554773629 ], [ 634990.69999973999802, 7234532.999996651895344 ], [ 632198.2999997951556, 7227486.299997270107269 ], [ 636031.599999731173739, 7223292.499996527098119 ], [ 623570.799999903072603, 7217777.299998581409454 ], [ 623432.899999910732731, 7202901.599998660385609 ], [ 630174.499999852036126, 7187843.199997875839472 ], [ 646732.899999504210427, 7186842.899993970058858 ], [ 644764.999999571940862, 7183087.599994672462344 ], [ 649570.89999943447765, 7171439.799993192777038 ], [ 643121.300999641767703, 7165811.374995379708707 ] ], [ [ 555305.68000000086613, 7217008.428000311367214 ], [ 555086.617000000667758, 7216694.22100031003356 ], [ 553995.573000000673346, 7217736.30900031235069 ], [ 555305.68000000086613, 7217008.428000311367214 ] ] ] ] } },
{ "type": "Feature", "properties": { "id": 127, "gml_id": 28027770, "natcode": "105", "namefin": "Hyrynsalmi", "nameswe": "Hyrynsalmi", "landarea": 1421.5, "freshwarea": 99.88, "seawarea": null, "totalarea": 1521.38 }, "geometry": { "type": "MultiPolygon", "coordinates": [ [ [ [ 589351.221000003279187, 7153309.610000195913017 ], [ 568477.134000002057292, 7164321.92900029104203 ], [ 563255.672000001533888, 7163389.240000300109386 ], [ 559551.799000001279637, 7168560.612000301480293 ], [ 553159.273000000743195, 7170589.590000305324793 ], [ 551354.009000000543892, 7167975.529000304639339 ], [ 550151.859000000637025, 7187539.270000306889415 ], [ 554520.030000000959262, 7187574.191000306978822 ], [ 561263.377000001375563, 7197755.394000306725502 ], [ 586187.937000003061257, 7176802.354000221937895 ], [ 601036.980999997002073, 7173615.516999999061227 ], [ 617833.94199995836243, 7162404.441999277099967 ], [ 615991.936999967088923, 7157166.868999412283301 ], [ 604073.238999995635822, 7149445.730999935418367 ], [ 589351.221000003279187, 7153309.610000195913017 ] ], [ [ 552265.749000000650994, 7185462.409000306390226 ], [ 552220.049000000581145, 7184100.100000305101275 ], [ 551469.23200000054203, 7185352.042000308632851 ], [ 552265.749000000650994, 7185462.409000306390226 ] ] ] ] } },
{ "type": "Feature", "properties": { "id": 128, "gml_id": 28026103, "natcode": "564", "namefin": "Oulu", "nameswe": "Uleåborg", "landarea": 2972.38, "freshwarea": 80.54, "seawarea": 764.82, "totalarea": 3817.74 }, "geometry": { "type": "MultiPolygon", "coordinates": [ [ [ [ 461012.297000000020489, 7270595.634000316262245 ], [ 460700.885999999882188, 7255425.283000317402184 ], [ 472162.07999999995809, 7250233.09400031529367 ], [ 473314.689999999944121, 7247271.047000316902995 ], [ 471459.984999999927823, 7245342.586000315845013 ], [ 465933.340999999956694, 7245900.214000316336751 ], [ 465454.522000000113621, 7244906.431000315584242 ], [ 464616.065999999875203, 7245363.428000316955149 ], [ 464191.820999999879859, 7244813.414000315591693 ], [ 463925.273999999801163, 7245266.67300031799823 ], [ 462633.906999999948312, 7245790.934000315144658 ], [ 462000.621999999857508, 7246557.590000316500664 ], [ 461253.308999999833759, 7246815.067000314593315 ], [ 461080.684999999823049, 7247205.280000317841768 ], [ 460525.568999999843072, 7247455.009000317193568 ], [ 462505.279999999969732, 7245541.671000317670405 ], [ 464134.677999999839813, 7244694.714000316336751 ], [ 471990.611000000033528, 7244909.631000314839184 ], [ 464234.848999999871012, 7239236.425000316463411 ], [ 468009.56899999990128, 7231051.7860003169626 ], [ 482550.406000000017229, 7219321.807000312954187 ], [ 485310.087, 7206136.858000312931836 ], [ 487687.553000000072643, 7207375.227000311948359 ], [ 489189.24, 7204284.337000311352313 ], [ 483975.656000000017229, 7196420.516000311821699 ], [ 479200.44600000011269, 7198155.581000309437513 ], [ 477094.632999999972526, 7191754.259000309742987 ], [ 470667.81599999993341, 7195480.534000312909484 ], [ 471272.134000000136439, 7191252.66400031093508 ], [ 463264.563000000023749, 7195279.723000310361385 ], [ 465608.496999999915715, 7198169.996000312268734 ], [ 461758.818999999843072, 7203136.159000311046839 ], [ 456537.912999999767635, 7202678.223000310361385 ], [ 457297.008999999728985, 7205506.559000313282013 ], [ 451305.261999999464024, 7206718.34700030926615 ], [ 449922.609999999462161, 7203902.174000310711563 ], [ 452514.717999999527819, 7203826.126000311225653 ], [ 444894.901999999186955, 7196609.98200030811131 ], [ 440102.971999998786487, 7196655.33900030516088 ], [ 437864.879999998782296, 7201451.532000304199755 ], [ 426188.061999997589737, 7203600.460000284016132 ], [ 426230.990999997477047, 7196134.158000284805894 ], [ 420782.006999997072853, 7196394.278000263497233 ], [ 407784.852999999013264, 7208121.521000150591135 ], [ 412254.652999998186715, 7216585.946000203490257 ], [ 403898.34000000206288, 7225741.843000079505146 ], [ 364871.816000259015709, 7230928.852996654808521 ], [ 366270.314000240294263, 7238420.563996884040534 ], [ 388075.104000033985358, 7234147.589999501593411 ], [ 417042.582999998005107, 7235995.332000244408846 ], [ 421537.327999997534789, 7238769.74600026756525 ], [ 436900.476999998674728, 7235617.399000307545066 ], [ 441023.52799999905983, 7239065.933000310324132 ], [ 435484.683999998611398, 7248253.301000305451453 ], [ 436667.055999998701736, 7256193.922000309452415 ], [ 444079.255999999120831, 7270323.677000313997269 ], [ 461012.297000000020489, 7270595.634000316262245 ] ], [ [ 453395.500999999698251, 7240901.58600031491369 ], [ 452673.32799999974668, 7248026.658000315539539 ], [ 459258.554999999760184, 7248453.677000315859914 ], [ 460520.948999999905936, 7242121.548000315204263 ], [ 453395.500999999698251, 7240901.58600031491369 ] ], [ [ 465882.281999999890104, 7249890.269000316038728 ], [ 467352.707999999984168, 7251182.716000314801931 ], [ 466162.083999999857042, 7249611.965000317431986 ], [ 465882.281999999890104, 7249890.269000316038728 ] ], [ [ 484576.930999999982305, 7199904.956000310368836 ], [ 482977.977000000129919, 7199140.565000312402844 ], [ 483859.673000000067987, 7201626.339000313542783 ], [ 484576.930999999982305, 7199904.956000310368836 ] ], [ [ 484736.277999999932945, 7202974.07500031311065 ], [ 484976.405999999959022, 7203438.889000312425196 ], [ 485418.886999999987893, 7202411.019000311382115 ], [ 484736.277999999932945, 7202974.07500031311065 ] ], [ [ 485185.674999999930151, 7201714.939000312238932 ], [ 484805.177999999956228, 7201528.349000311456621 ], [ 484744.586000000068452, 7202492.907000310719013 ], [ 485185.674999999930151, 7201714.939000312238932 ] ] ], [ [ [ 432641.424999998358544, 7249187.697000303305686 ], [ 435620.623999998555519, 7249250.105000305920839 ], [ 432539.375999998301268, 7248437.234000300988555 ], [ 432641.424999998358544, 7249187.697000303305686 ] ] ], [ [ [ 455776.334999999788124, 7241502.514000315219164 ], [ 455866.999999999825377, 7241682.410000314936042 ], [ 455947.501999999745749, 7241518.117000312544405 ], [ 455776.334999999788124, 7241502.514000315219164 ] ] ] ] } },
{ "type": "Feature", "properties": { "id": 129, "gml_id": 28022510, "natcode": "426", "namefin": "Liperi", "nameswe": "Liperi", "landarea": 727.55, "freshwarea": 433.68, "seawarea": null, "totalarea": 1161.23 }, "geometry": { "type": "MultiPolygon", "coordinates": [ [ [ [ 612018.016000009491108, 6919096.629999865777791 ], [ 607489.514000010560267, 6923159.420999974012375 ], [ 609128.315000009723008, 6930366.663999931886792 ], [ 599782.285000010044314, 6938646.181000094860792 ], [ 604896.158000009716488, 6942945.931000019423664 ], [ 601449.984000009833835, 6947163.254000071436167 ], [ 609429.38500000780914, 6954101.786999915726483 ], [ 616554.231000001425855, 6952200.820999691262841 ], [ 620045.574999994947575, 6956577.093999532982707 ], [ 622811.277999989688396, 6952316.301999394781888 ], [ 625846.496999979484826, 6957002.853999197483063 ], [ 632146.535999951185659, 6957206.257998686283827 ], [ 641593.148999890079722, 6935279.406997649930418 ], [ 642812.496999887167476, 6921563.802997547201812 ], [ 636900.764999939361587, 6917058.112998343072832 ], [ 631158.662999969208613, 6922113.319998883642256 ], [ 618711.242000003228895, 6919371.209999638609588 ], [ 615224.055000006803311, 6922708.651999766007066 ], [ 612018.016000009491108, 6919096.629999865777791 ] ] ] ] } },
{ "type": "Feature", "properties": { "id": 130, "gml_id": 28019519, "natcode": "102", "namefin": "Huittinen", "nameswe": "Huittinen", "landarea": 532.65, "freshwarea": 6.9, "seawarea": null, "totalarea": 539.55 }, "geometry": { "type": "MultiPolygon", "coordinates": [ [ [ [ 256995.750017005193513, 6790196.091857205145061 ], [ 263766.227013590279967, 6804150.746882653795183 ], [ 264979.83901295386022, 6804276.80788738001138 ], [ 266428.884012000169605, 6798044.508894305676222 ], [ 272987.479009156464599, 6797581.889916019514203 ], [ 275752.320008099894039, 6795513.142924248240888 ], [ 277639.413007486786228, 6796110.484929133206606 ], [ 281540.300006254110485, 6792662.838939003646374 ], [ 283028.141005671699531, 6782373.993943558074534 ], [ 279796.938006476731971, 6779300.945936856791377 ], [ 284595.879005210939795, 6777710.316947303712368 ], [ 280586.879006166011095, 6774590.815939286723733 ], [ 274959.607008022372611, 6781270.39892447181046 ], [ 273760.975008137756959, 6769282.365923216566443 ], [ 267926.190010343794711, 6768451.661905943416059 ], [ 262130.106013218202861, 6772503.932884297333658 ], [ 256995.750017005193513, 6790196.091857205145061 ] ], [ [ 270161.348010280285962, 6797123.241907330229878 ], [ 270357.851010207727086, 6797467.643907897174358 ], [ 270365.880010196939111, 6797227.382907970808446 ], [ 270161.348010280285962, 6797123.241907330229878 ] ], [ [ 271289.451009814511053, 6797186.642910909838974 ], [ 271440.553009751078207, 6797108.413911399431527 ], [ 271273.086009820457548, 6797161.334910866804421 ], [ 271289.451009814511053, 6797186.642910909838974 ] ], [ [ 261557.39001370218466, 6777044.99888086039573 ], [ 261439.507013775961241, 6777288.336880325339735 ], [ 261791.337013581040082, 6777172.358881765045226 ], [ 261557.39001370218466, 6777044.99888086039573 ] ] ], [ [ [ 275111.778007935732603, 6779812.168925119563937 ], [ 275469.770007789018564, 6778685.8769262554124 ], [ 275036.828007936128415, 6778790.219925087876618 ], [ 275111.778007935732603, 6779812.168925119563937 ] ] ], [ [ [ 283298.549005470471457, 6774688.70094505790621 ], [ 283224.103005484386813, 6774446.921944934874773 ], [ 283151.995005503180437, 6774515.17194477841258 ], [ 283298.549005470471457, 6774688.70094505790621 ] ] ] ] } },
{ "type": "Feature", "properties": { "id": 131, "gml_id": 28021005, "natcode": "149", "namefin": "Inkoo", "nameswe": "Ingå", "landarea": 350.99999999999989, "freshwarea": 8.08, "seawarea": 594.94, "totalarea": 954.02 }, "geometry": { "type": "MultiPolygon", "coordinates": [ [ [ [ 330687.540000167209655, 6627606.488994582556188 ], [ 321165.581000420730561, 6646882.045991168357432 ], [ 323613.875000365253072, 6653516.452991998754442 ], [ 319064.688000520109199, 6658816.563990039750934 ], [ 325964.05100031895563, 6660836.49499271903187 ], [ 323062.73800041625509, 6669532.653991510160267 ], [ 336005.638000143342651, 6671797.729995435103774 ], [ 340836.357000079355203, 6667267.678996478207409 ], [ 344754.121000045211986, 6668792.134997133165598 ], [ 350437.539000002201647, 6656951.447997963987291 ], [ 347449.073000002652407, 6631327.513997714035213 ], [ 330687.540000167209655, 6627606.488994582556188 ] ] ] ] } },
{ "type": "Feature", "properties": { "id": 132, "gml_id": 28021286, "natcode": "016", "namefin": "Asikkala", "nameswe": "Asikkala", "landarea": 563.54, "freshwarea": 192.01, "seawarea": null, "totalarea": 755.55 }, "geometry": { "type": "MultiPolygon", "coordinates": [ [ [ [ 438438.614999998186249, 6774759.93000019621104 ], [ 422536.611999994609505, 6776416.536000185646117 ], [ 421278.20099999406375, 6780454.096000188030303 ], [ 407223.621999988041352, 6774944.919000139459968 ], [ 403543.833999986643903, 6790950.972000120207667 ], [ 411351.203999990189914, 6791654.821000163443387 ], [ 415159.048999991908204, 6798601.650000177323818 ], [ 420573.832999993872363, 6797562.909000189974904 ], [ 432732.950999997206964, 6804050.662000206299126 ], [ 435912.756999997771345, 6793343.390000201761723 ], [ 442401.750999998766929, 6788656.955000203102827 ], [ 439890.578999998280779, 6783966.503000200726092 ], [ 441856.202999998466112, 6780190.753000198863447 ], [ 438438.614999998186249, 6774759.93000019621104 ] ] ] ] } },
{ "type": "Feature", "properties": { "id": 133, "gml_id": 28028107, "natcode": "241", "namefin": "Keminmaa", "nameswe": "Keminmaa", "landarea": 627.28, "freshwarea": 20.96, "seawarea": 0.01, "totalarea": 648.25 }, "geometry": { "type": "MultiPolygon", "coordinates": [ [ [ [ 390301.385000044945627, 7328677.972999437712133 ], [ 390593.552000042807776, 7325209.13799946475774 ], [ 389704.266000047617126, 7328769.472999397665262 ], [ 390301.385000044945627, 7328677.972999437712133 ] ] ], [ [ [ 419356.793999998830259, 7316762.73100024741143 ], [ 419297.56699999893317, 7312996.177000247873366 ], [ 407080.81900000362657, 7301988.682000102475286 ], [ 404401.367000005731825, 7293481.286000052466989 ], [ 400439.839000010862947, 7294076.889999949373305 ], [ 396561.130000017466955, 7287772.239999823272228 ], [ 394766.473000022757333, 7293967.353999740444124 ], [ 388387.568000046885572, 7299121.173999377526343 ], [ 382603.568000080354977, 7296353.717998918145895 ], [ 387089.321000055584591, 7306689.614999269135296 ], [ 387125.974000060232356, 7325545.342999218031764 ], [ 396119.615000022458844, 7317634.64999976567924 ], [ 404400.972000007401221, 7320335.089000034146011 ], [ 403959.705000007874332, 7318059.707000027410686 ], [ 410969.732000001647975, 7318521.062000159174204 ], [ 412751.121000000624917, 7314978.711000185459852 ], [ 419356.793999998830259, 7316762.73100024741143 ] ] ], [ [ [ 391873.583000038168393, 7327969.066999536938965 ], [ 392286.699000036460347, 7328205.145999558269978 ], [ 392021.179000037489459, 7327845.741999544203281 ], [ 391873.583000038168393, 7327969.066999536938965 ] ] ], [ [ [ 389105.994000041508116, 7289733.704999446868896 ], [ 388893.644000042520929, 7289811.512999434955418 ], [ 389067.077000041608699, 7289832.452999444678426 ], [ 389105.994000041508116, 7289733.704999446868896 ] ] ], [ [ [ 389036.834000041766558, 7289859.320999442599714 ], [ 389030.60000004194444, 7289923.5769994398579 ], [ 389224.631000041146763, 7289885.069999454542994 ], [ 389036.834000041766558, 7289859.320999442599714 ] ] ] ] } },
{ "type": "Feature", "properties": { "id": 134, "gml_id": 28024701, "natcode": "924", "namefin": "Veteli", "nameswe": "Vetil", "landarea": 502.91, "freshwarea": 18.0, "seawarea": null, "totalarea": 520.91 }, "geometry": { "type": "MultiPolygon", "coordinates": [ [ [ [ 352829.619000297505409, 7047102.870995666831732 ], [ 355217.569000246468931, 7044069.024996264837682 ], [ 353466.276000267942436, 7033420.079995965585113 ], [ 355374.182000233849976, 7034831.299996381625533 ], [ 359813.381000160297845, 7027952.087997295893729 ], [ 352036.619000277947634, 7017751.91599578037858 ], [ 339520.750000659609213, 7022639.778991559520364 ], [ 333421.937001022044569, 7041329.540987988002598 ], [ 343276.982000574003905, 7049332.032992601394653 ], [ 347840.169000417226925, 7044696.359994289465249 ], [ 352829.619000297505409, 7047102.870995666831732 ] ] ] ] } },
{ "type": "Feature", "properties": { "id": 135, "gml_id": 28019439, "natcode": "529", "namefin": "Naantali", "nameswe": "Nådendal", "landarea": 312.9, "freshwarea": 3.85, "seawarea": 371.5, "totalarea": 688.25 }, "geometry": { "type": "MultiPolygon", "coordinates": [ [ [ [ 230299.542036703089252, 6718842.156717623583972 ], [ 226297.424039323348552, 6694335.234698446467519 ], [ 220926.822046737885103, 6691558.621649614535272 ], [ 217665.069052012986504, 6691300.089615566655993 ], [ 213460.961060494708363, 6696600.86056219600141 ], [ 208849.996069564367644, 6693802.314505299553275 ], [ 204505.562080466013867, 6697220.411438741721213 ], [ 202416.079087887541391, 6705973.115394835360348 ], [ 197854.925101259956136, 6706736.991315103136003 ], [ 199729.771097989694681, 6715828.948335642926395 ], [ 208419.783075165876653, 6717493.373473311774433 ], [ 209754.622073481092229, 6724733.511484382674098 ], [ 213829.192064664326608, 6725561.011538888327777 ], [ 214087.683063083270099, 6719498.749548164196312 ], [ 220809.825050745625049, 6720182.537626178003848 ], [ 225525.690042763249949, 6715253.418677405454218 ], [ 230299.542036703089252, 6718842.156717623583972 ] ], [ [ 211742.240064445417374, 6699582.572537722066045 ], [ 211063.349066246591974, 6701755.138526712544262 ], [ 212419.222063424240332, 6701693.127544314600527 ], [ 211742.240064445417374, 6699582.572537722066045 ] ] ], [ [ [ 200194.39309342240449, 6703270.307361304759979 ], [ 200369.346092714811675, 6702430.645365432836115 ], [ 199566.971095115353819, 6702809.680351134389639 ], [ 200194.39309342240449, 6703270.307361304759979 ] ] ] ] } },
{ "type": "Feature", "properties": { "id": 136, "gml_id": 28022188, "natcode": "171", "namefin": "Joroinen", "nameswe": "Jorois", "landarea": 574.9, "freshwarea": 136.87, "seawarea": null, "totalarea": 711.77 }, "geometry": { "type": "MultiPolygon", "coordinates": [ [ [ [ 534175.036000000080094, 6877445.242000234313309 ], [ 532883.421000000089407, 6891073.612000241875648 ], [ 529357.444000000017695, 6891001.169000241905451 ], [ 526062.924, 6900324.108000244945288 ], [ 529295.508999999961816, 6899861.024000244215131 ], [ 525626.562999999965541, 6904890.354000245220959 ], [ 533721.302999999956228, 6905695.082000246271491 ], [ 535793.999000000301749, 6916121.357000248506665 ], [ 539876.051000000210479, 6914468.688000247813761 ], [ 538366.594000000506639, 6910397.706000247038901 ], [ 543234.046000000322238, 6905450.446000246331096 ], [ 546949.928000000538304, 6906488.752000245265663 ], [ 556805.28500000119675, 6897921.49500023946166 ], [ 553425.966000000946224, 6897475.152000241912901 ], [ 556354.164000001037493, 6887621.067000239156187 ], [ 550855.522000000695698, 6885778.775000238791108 ], [ 552203.519000000669621, 6881424.943000233732164 ], [ 548420.613000000477768, 6883700.346000237390399 ], [ 545654.414000000455417, 6875206.721000234596431 ], [ 541582.970000000204891, 6873070.75600023381412 ], [ 534175.036000000080094, 6877445.242000234313309 ] ] ] ] } },
{ "type": "Feature", "properties": { "id": 137, "gml_id": 28021698, "natcode": "405", "namefin": "Lappeenranta", "nameswe": "Villmanstrand", "landarea": 1434.13, "freshwarea": 289.43, "seawarea": null, "totalarea": 1723.56 }, "geometry": { "type": "MultiPolygon", "coordinates": [ [ [ [ 595843.686000013374723, 6772915.863000120967627 ], [ 589647.600000010686927, 6758294.400000148452818 ], [ 582565.600000007427298, 6758970.000000169500709 ], [ 554539.200000001001172, 6726491.300000176765025 ], [ 549252.63500000082422, 6729295.48100018221885 ], [ 546303.696000000461936, 6737021.315000184811652 ], [ 539642.06000000028871, 6736586.393000185489655 ], [ 539021.8660000001546, 6742674.415000185370445 ], [ 545984.238000000710599, 6743561.027000186964869 ], [ 547330.836000000592321, 6749215.348000188358128 ], [ 548646.930000000749715, 6746125.513000187464058 ], [ 550592.536000000895001, 6749314.099000189453363 ], [ 546857.680000000633299, 6766061.900000196881592 ], [ 550891.34600000095088, 6765390.006000194698572 ], [ 557613.948000001488253, 6775794.622000199742615 ], [ 562555.292000002111308, 6773814.629000197164714 ], [ 561143.706000001984648, 6777767.144000198692083 ], [ 564436.789000002434477, 6774667.932000195607543 ], [ 571741.808000003919005, 6777903.981000192463398 ], [ 575790.737000004970469, 6783230.944000190123916 ], [ 569894.086000003502704, 6790281.106000198982656 ], [ 574927.383000004687347, 6795299.456000197678804 ], [ 585548.764000008581206, 6786031.312000171281397 ], [ 591358.837000010884367, 6789769.53200015053153 ], [ 595843.686000013374723, 6772915.863000120967627 ] ] ] ] } },
{ "type": "Feature", "properties": { "id": 138, "gml_id": 28026230, "natcode": "683", "namefin": "Ranua", "nameswe": "Ranua", "landarea": 3453.91, "freshwarea": 240.9, "seawarea": null, "totalarea": 3694.81 }, "geometry": { "type": "MultiPolygon", "coordinates": [ [ [ [ 444094.816999999282416, 7330386.502000318840146 ], [ 471563.753999999898952, 7344903.170000322163105 ], [ 476092.017000000167172, 7340941.369000322185457 ], [ 483530.019999999960419, 7345025.514000323601067 ], [ 481133.189000000071246, 7351742.129000321030617 ], [ 495535.940000000118744, 7353564.172000324353576 ], [ 497084.710000000020955, 7347121.873000326566398 ], [ 500109.423000000067987, 7347538.638000326231122 ], [ 504368.778000000223983, 7342356.769000323489308 ], [ 511398.289000000164378, 7342580.689000323414803 ], [ 512311.554000000061933, 7335857.752000323496759 ], [ 521212.658, 7331553.645000322721899 ], [ 520795.84699999995064, 7316637.623000321909785 ], [ 501042.169999999925494, 7288021.036000319756567 ], [ 484995.635999999940395, 7286582.189000319689512 ], [ 461385.91699999984121, 7289578.810000321827829 ], [ 461616.218999999808148, 7300363.885000319220126 ], [ 451429.650999999721535, 7295129.029000319540501 ], [ 439885.679999999178108, 7308498.831000314094126 ], [ 447684.230999999446794, 7322077.929000317119062 ], [ 444094.816999999282416, 7330386.502000318840146 ] ] ] ] } },
{ "type": "Feature", "properties": { "id": 139, "gml_id": 28023432, "natcode": "581", "namefin": "Parkano", "nameswe": "Parkano", "landarea": 852.91, "freshwarea": 56.66, "seawarea": null, "totalarea": 909.57 }, "geometry": { "type": "MultiPolygon", "coordinates": [ [ [ [ 297785.724004042975139, 6890020.005959304980934 ], [ 310145.229002175969072, 6887445.003975698724389 ], [ 306184.90600250265561, 6868744.271972472779453 ], [ 297717.892003789893351, 6868657.583961123600602 ], [ 297508.737003898015246, 6874346.627960290759802 ], [ 291001.564005203079432, 6869897.937949270009995 ], [ 288135.293005944578908, 6871074.119943236000836 ], [ 287870.596006137959193, 6877634.652941807173193 ], [ 285087.319006878242362, 6874521.185935823246837 ], [ 285540.195006794237997, 6877032.108936544507742 ], [ 280543.179008430568501, 6876588.109923697076738 ], [ 276267.698009954823647, 6871570.626911890693009 ], [ 265533.982015909277834, 6882440.353868389502168 ], [ 279531.322009111929219, 6888121.0049187252298 ], [ 279725.246009322814643, 6898573.054917356930673 ], [ 284575.913007604773156, 6900287.773930643685162 ], [ 283617.55500819394365, 6911239.147926303558052 ], [ 292281.080005604249891, 6912797.496946774423122 ], [ 297785.724004042975139, 6890020.005959304980934 ] ], [ [ 284488.161007118178532, 6877155.883933974429965 ], [ 283109.305007561808452, 6877249.708930481225252 ], [ 282711.987007694318891, 6877281.389929444529116 ], [ 283388.019007518538274, 6879354.706930870190263 ], [ 284488.161007118178532, 6877155.883933974429965 ] ] ] ] } },
{ "type": "Feature", "properties": { "id": 140, "gml_id": 28021417, "natcode": "291", "namefin": "Kuhmoinen", "nameswe": "Kuhmoinen", "landarea": 660.94, "freshwarea": 275.75, "seawarea": null, "totalarea": 936.69 }, "geometry": { "type": "MultiPolygon", "coordinates": [ [ [ [ 384140.797999984584749, 6838254.769999803975224 ], [ 391889.347999983932823, 6834729.063999984413385 ], [ 389680.958999984199181, 6843238.392999939620495 ], [ 392079.217999984626658, 6848643.009999983943999 ], [ 394520.625999984913506, 6845861.520000024698675 ], [ 393433.928999984986149, 6852102.657000007107854 ], [ 413979.944999991857912, 6843292.710000185295939 ], [ 416140.771999992954079, 6848058.914000195451081 ], [ 422729.75199999473989, 6850493.619000210426748 ], [ 416789.251999992644414, 6818020.264000187627971 ], [ 391802.691999982576817, 6814673.846999984234571 ], [ 390777.873999983072281, 6824551.545999965630472 ], [ 387200.554999983054586, 6825346.014999890699983 ], [ 389443.040999983262736, 6830216.790999939665198 ], [ 385706.303999983356334, 6830186.714999853633344 ], [ 385063.837999983108602, 6826579.341999836266041 ], [ 382925.559999984223396, 6832142.776999771595001 ], [ 384140.797999984584749, 6838254.769999803975224 ] ] ] ] } },
{ "type": "Feature", "properties": { "id": 141, "gml_id": 28022168, "natcode": "420", "namefin": "Leppävirta", "nameswe": "Leppävirta", "landarea": 1136.26, "freshwarea": 383.38, "seawarea": null, "totalarea": 1519.64 }, "geometry": { "type": "MultiPolygon", "coordinates": [ [ [ [ 568071.215000002877787, 6914370.703000240959227 ], [ 561593.244000001694076, 6914087.177000245079398 ], [ 555057.93600000126753, 6906337.271000243723392 ], [ 547197.076000000350177, 6916903.132000249810517 ], [ 543287.095000000321306, 6913707.17300024908036 ], [ 535793.999000000301749, 6916121.357000248506665 ], [ 520950.919999999925494, 6930607.775000253692269 ], [ 523802.738000000070315, 6934780.464000254869461 ], [ 523087.656999999948312, 6942680.115000256337225 ], [ 527631.311000000103377, 6941977.09600025601685 ], [ 524147.445000000065193, 6952659.804000259377062 ], [ 543277.07500000030268, 6948901.056000257842243 ], [ 548111.137000000569969, 6951807.568000258877873 ], [ 548027.018000000622123, 6949316.687000258825719 ], [ 561782.772000001743436, 6946876.795000254176557 ], [ 563118.270000001997687, 6941441.406000252813101 ], [ 569262.093000003020279, 6940885.479000247083604 ], [ 568655.317000002949499, 6943945.235000248998404 ], [ 579429.532000005361624, 6938451.895000229589641 ], [ 578213.164000004995614, 6936202.403000231832266 ], [ 571993.400000003399327, 6939024.957000244408846 ], [ 571276.910000003408641, 6926370.758000239729881 ], [ 566253.688000002526678, 6927747.872000247240067 ], [ 564286.912000002223067, 6922039.77000024355948 ], [ 568071.215000002877787, 6914370.703000240959227 ] ] ] ] } },
{ "type": "Feature", "properties": { "id": 142, "gml_id": 28019906, "natcode": "224", "namefin": "Karkkila", "nameswe": "Högfors", "landarea": 242.44, "freshwarea": 12.88, "seawarea": null, "totalarea": 255.32 }, "geometry": { "type": "MultiPolygon", "coordinates": [ [ [ [ 334371.752000244043302, 6726306.130994433537126 ], [ 348814.749000052863266, 6723424.07099743373692 ], [ 351205.054000032250769, 6717453.113997790962458 ], [ 354830.591000014799647, 6722516.942998199723661 ], [ 356841.728000005474314, 6721419.948998413048685 ], [ 360778.208999988157302, 6710231.500998795032501 ], [ 350498.19000003032852, 6706890.934997748583555 ], [ 348708.2160000448348, 6710739.591997485607862 ], [ 344565.088000078452751, 6708737.327996846288443 ], [ 337309.779000186710618, 6723104.075995234772563 ], [ 336149.589000203530304, 6721123.567994966171682 ], [ 335363.09700021869503, 6721763.575994754210114 ], [ 337329.432000186643563, 6723446.877995234914124 ], [ 334371.752000244043302, 6726306.130994433537126 ] ] ] ] } },
{ "type": "Feature", "properties": { "id": 143, "gml_id": 28019624, "natcode": "887", "namefin": "Urjala", "nameswe": "Urjala", "landarea": 475.5, "freshwarea": 29.9, "seawarea": null, "totalarea": 505.4 }, "geometry": { "type": "MultiPolygon", "coordinates": [ [ [ [ 314246.202001238008961, 6790569.478983616456389 ], [ 311369.044001427711919, 6786031.511981624178588 ], [ 314016.68000121274963, 6781733.716983768157661 ], [ 319568.234000875614583, 6780771.646987342275679 ], [ 320262.660000822972506, 6775804.077987867407501 ], [ 327451.427000515104737, 6772682.169991369359195 ], [ 326711.239000533882063, 6769836.393991116434336 ], [ 330716.575000409269705, 6770991.816992649808526 ], [ 327809.408000489813276, 6767047.811991618014872 ], [ 328775.254000444198027, 6760206.70999211538583 ], [ 322286.219000704004429, 6768255.123989119194448 ], [ 308931.534001517225988, 6766582.698980459943414 ], [ 308494.589001541782636, 6764536.372980183921754 ], [ 309138.891001485171728, 6763860.092980747111142 ], [ 309314.005001471261494, 6763861.078980887308717 ], [ 309463.864001458860002, 6763795.671981012448668 ], [ 309927.681001420132816, 6763409.52998139988631 ], [ 310032.702001410943922, 6763231.653981489129364 ], [ 310060.109001408214681, 6763088.401981517672539 ], [ 310043.903001408907585, 6762987.175981507636607 ], [ 310070.757001406571362, 6762921.978981532156467 ], [ 310065.293001406884287, 6762909.936981528997421 ], [ 305769.924001783598214, 6764568.325977780856192 ], [ 303420.561002054659184, 6769865.450975228101015 ], [ 297812.357002734497655, 6770686.3659688513726 ], [ 299677.521002528606914, 6774882.563970829360187 ], [ 296616.456002958700992, 6776642.158966903574765 ], [ 299713.214002545108087, 6777286.93497071787715 ], [ 296718.65800298389513, 6780657.768966745585203 ], [ 305264.715001954406034, 6782737.646976387128234 ], [ 298836.826002764748409, 6788879.988968883641064 ], [ 300346.113002619240433, 6795011.413970320485532 ], [ 306133.791001944453456, 6794100.165976649150252 ], [ 307593.313001777103636, 6790341.530978217720985 ], [ 314246.202001238008961, 6790569.478983616456389 ] ] ] ] } },
{ "type": "Feature", "properties": { "id": 144, "gml_id": 28028048, "natcode": "976", "namefin": "Ylitornio", "nameswe": "Övertorneå", "landarea": 2030.71, "freshwarea": 182.06, "seawarea": null, "totalarea": 2212.77 }, "geometry": { "type": "MultiPolygon", "coordinates": [ [ [ [ 357652.119000736740418, 7381647.965992094948888 ], [ 363936.83100047102198, 7375115.130994692444801 ], [ 370852.429000290227123, 7378574.441996581852436 ], [ 370346.473000304074958, 7380921.320996440947056 ], [ 374880.006000214780215, 7379860.339997410774231 ], [ 376808.319000187329948, 7383341.427997728809714 ], [ 373986.399000235949643, 7386389.638997185043991 ], [ 380122.141000143601559, 7383812.124998234212399 ], [ 381386.66800013196189, 7389093.537998378276825 ], [ 390560.528000058955513, 7392082.867999293841422 ], [ 396697.936000033223536, 7401010.872999660670757 ], [ 398139.564000028185546, 7398444.577999735251069 ], [ 399967.096000024001114, 7406563.324999806471169 ], [ 409669.989000006578863, 7405466.501000096090138 ], [ 409704.070000006642658, 7402589.309000099077821 ], [ 411402.468000005057547, 7405428.684000127948821 ], [ 413178.062000002362765, 7374305.669000170193613 ], [ 403420.143000011797994, 7361485.66299997549504 ], [ 375886.160000177391339, 7350792.243997795507312 ], [ 374433.289000200515147, 7352772.761997533962131 ], [ 374427.87300019885879, 7350335.181997554376721 ], [ 359823.338000562624075, 7345551.083993711508811 ], [ 358821.000000593834557, 7341865.170993393287063 ], [ 352647.872000899165869, 7345572.960990462452173 ], [ 349612.423001132090576, 7357539.067988337017596 ], [ 350736.273001118504908, 7374626.933988511562347 ], [ 357652.119000736740418, 7381647.965992094948888 ] ] ] ] } },
{ "type": "Feature", "properties": { "id": 145, "gml_id": 28023789, "natcode": "536", "namefin": "Nokia", "nameswe": "Nokia", "landarea": 288.34, "freshwarea": 59.5, "seawarea": null, "totalarea": 347.84 }, "geometry": { "type": "MultiPolygon", "coordinates": [ [ [ [ 319633.759001020982396, 6820693.771986210718751 ], [ 308321.024001836194657, 6810410.297977915965021 ], [ 309952.893001653254032, 6805241.214979625307024 ], [ 300931.473002659156919, 6808129.884970164857805 ], [ 297790.031003073498141, 6805231.939966359175742 ], [ 299900.886002801998984, 6808517.326968865469098 ], [ 295841.127003513742238, 6817361.906962661072612 ], [ 297819.772003213874996, 6819211.558965343050659 ], [ 294194.93000384059269, 6820685.126959869638085 ], [ 297805.369003240717575, 6821523.706965143792331 ], [ 297708.422003331943415, 6828597.686964453198016 ], [ 307564.707002016715705, 6825931.13897639978677 ], [ 311255.678001694031991, 6831669.009979566559196 ], [ 319633.759001020982396, 6820693.771986210718751 ] ] ], [ [ [ 309808.22400169679895, 6810356.97497926838696 ], [ 310122.384001668426208, 6810318.432979547418654 ], [ 310034.405001675419044, 6810169.628979476168752 ], [ 309808.22400169679895, 6810356.97497926838696 ] ] ], [ [ [ 295011.640003737062216, 6824205.060960829257965 ], [ 294977.812003743951209, 6824292.435960768721998 ], [ 295032.64100373419933, 6824287.284960853867233 ], [ 295011.640003737062216, 6824205.060960829257965 ] ] ] ] } },
{ "type": "Feature", "properties": { "id": 146, "gml_id": 28025813, "natcode": "146", "namefin": "Ilomantsi", "nameswe": "Ilomants", "landarea": 2763.38, "freshwarea": 409.29, "seawarea": null, "totalarea": 3172.67 }, "geometry": { "type": "MultiPolygon", "coordinates": [ [ [ [ 711370.299993097432889, 6927288.499936684034765 ], [ 704464.806995014310814, 6923322.519951988942921 ], [ 703156.569995210506022, 6929990.349953706376255 ], [ 706276.921994438045658, 6931737.493947443552315 ], [ 697433.167996210744604, 6941834.833962221629918 ], [ 692780.823996979510412, 6942183.009968814440072 ], [ 683332.968998055206612, 6955799.989978575147688 ], [ 680016.649998370790854, 6956111.351981514133513 ], [ 681635.823998168110847, 6964973.056979702785611 ], [ 670090.880998952663504, 6989782.642987404018641 ], [ 699577.230994806741364, 7010395.437951613217592 ], [ 713128.299990317667834, 7014370.899917090311646 ], [ 715478.999989586183801, 7004750.199911472387612 ], [ 725739.499984408728778, 6996131.599873897619545 ], [ 732907.699979956494644, 6983723.599842528812587 ], [ 726378.299985196441412, 6969426.299878807738423 ], [ 724025.299987146630883, 6954126.499892461113632 ], [ 711370.299993097432889, 6927288.499936684034765 ] ] ] ] } },
{ "type": "Feature", "properties": { "id": 147, "gml_id": 28021080, "natcode": "142", "namefin": "Iitti", "nameswe": "Iitti", "landarea": 589.86, "freshwarea": 97.23, "seawarea": null, "totalarea": 687.09 }, "geometry": { "type": "MultiPolygon", "coordinates": [ [ [ [ 453782.166999999491964, 6780409.619000201113522 ], [ 462858.502999999851454, 6774862.660000200383365 ], [ 460305.90099999983795, 6764308.610000195913017 ], [ 473201.283999999926891, 6763979.851000194437802 ], [ 475133.689000000013039, 6756122.97800019569695 ], [ 474944.967999999877065, 6748601.080000190064311 ], [ 470677.391999999934342, 6748823.118000188842416 ], [ 473441.096000000194181, 6745133.436000186949968 ], [ 461690.03899999987334, 6734992.072000183165073 ], [ 457981.670999999856576, 6734948.183000183664262 ], [ 456571.870999999693595, 6740982.213000186719 ], [ 449866.993999999307562, 6744814.495000187307596 ], [ 454954.794999999518041, 6755206.311000190675259 ], [ 449068.869999999180436, 6756033.123000190593302 ], [ 448153.854999999166466, 6760150.536000193096697 ], [ 452204.899999999441206, 6761389.198000193573534 ], [ 453144.290999999560881, 6766188.173000195063651 ], [ 448758.182999999262393, 6776577.503000198863447 ], [ 453782.166999999491964, 6780409.619000201113522 ] ] ], [ [ [ 445626.342999999003951, 6772778.354000196792185 ], [ 447511.842999999178573, 6773537.416000198572874 ], [ 446535.753999998967629, 6771133.37300019711256 ], [ 445626.342999999003951, 6772778.354000196792185 ] ] ] ] } },
{ "type": "Feature", "properties": { "id": 148, "gml_id": 28023543, "natcode": "886", "namefin": "Ulvila", "nameswe": "Ulvsby", "landarea": 400.84, "freshwarea": 21.67, "seawarea": null, "totalarea": 422.51 }, "geometry": { "type": "MultiPolygon", "coordinates": [ [ [ [ 222569.955062333901878, 6816742.727561225183308 ], [ 227893.75705406756606, 6829593.382613565772772 ], [ 239786.04003655622364, 6836441.19572592433542 ], [ 247458.690027688542614, 6835751.493784812279046 ], [ 256997.596018836193252, 6825762.391845530830324 ], [ 248698.5240252026706, 6818563.013800912536681 ], [ 244149.57802966987947, 6817574.744770562276244 ], [ 241205.782033249939559, 6820539.621746825054288 ], [ 242061.019031977746636, 6817512.722755117341876 ], [ 234845.041041493415833, 6819765.640692850574851 ], [ 222569.955062333901878, 6816742.727561225183308 ] ] ] ] } },
{ "type": "Feature", "properties": { "id": 149, "gml_id": 28020729, "natcode": "505", "namefin": "Mäntsälä", "nameswe": "Mäntsälä", "landarea": 581.47, "freshwarea": 14.65, "seawarea": null, "totalarea": 596.12 }, "geometry": { "type": "MultiPolygon", "coordinates": [ [ [ [ 419174.129999993077945, 6730717.88200016412884 ], [ 413935.767999990843236, 6726304.67500014975667 ], [ 417847.308999992324971, 6714373.468000156804919 ], [ 403518.488999984925613, 6712618.259000100195408 ], [ 402460.676999984367285, 6708594.601000094786286 ], [ 392888.154999978549313, 6717249.589000006206334 ], [ 396881.263999981223606, 6726690.999000052921474 ], [ 395415.211999980383553, 6730809.544000037945807 ], [ 401434.613999984168913, 6733488.904000093229115 ], [ 397446.714999981923029, 6736041.630000060424209 ], [ 394084.194999979925342, 6733721.41700002271682 ], [ 399355.782999982940964, 6738403.41700007673353 ], [ 397258.444999982020818, 6744059.486000058241189 ], [ 402662.437999985122588, 6746389.452000103890896 ], [ 407242.577999987406656, 6736361.884000129066408 ], [ 416961.359999992127996, 6740661.423000163398683 ], [ 419174.129999993077945, 6730717.88200016412884 ] ] ] ] } },
{ "type": "Feature", "properties": { "id": 150, "gml_id": 28027339, "natcode": "483", "namefin": "Merijärvi", "nameswe": "Merijärvi", "landarea": 229.66, "freshwarea": 1.66, "seawarea": null, "totalarea": 231.32 }, "geometry": { "type": "MultiPolygon", "coordinates": [ [ [ [ 382543.364000030094758, 7120022.975999395363033 ], [ 371482.912000098149292, 7129662.96399839874357 ], [ 368237.41000013356097, 7135670.564997945912182 ], [ 371736.43800010002451, 7137555.291998391970992 ], [ 369926.559000115259551, 7134520.792998181656003 ], [ 370752.861000107135624, 7134389.881998287513852 ], [ 370075.784000113257207, 7133753.233998204581439 ], [ 370683.980000107141677, 7133128.373998285271227 ], [ 371927.632000098121352, 7137323.395998416468501 ], [ 375092.708000074257143, 7139258.25899875164032 ], [ 373123.411000089312438, 7139922.488998545333743 ], [ 377985.088000057148747, 7142433.631999008357525 ], [ 379862.238000046345405, 7139707.03699916601181 ], [ 376806.969000062497798, 7137839.032998919487 ], [ 380668.092000042262953, 7138418.492999228648841 ], [ 381101.27400004118681, 7141791.920999254100025 ], [ 387987.368000017188024, 7138529.044999655336142 ], [ 395509.596000004210509, 7140945.883999928832054 ], [ 388040.544000017107464, 7137788.957999660633504 ], [ 387111.716000018292107, 7131206.024999625980854 ], [ 380835.556000039505307, 7130247.000999261625111 ], [ 382543.364000030094758, 7120022.975999395363033 ] ], [ [ 385627.081000023463275, 7138163.304999536834657 ], [ 386858.238000020035543, 7138570.53699960000813 ], [ 387161.170000019250438, 7137962.567999619990587 ], [ 385627.081000023463275, 7138163.304999536834657 ] ], [ [ 385525.362000023946166, 7138210.720999531447887 ], [ 385657.952000023506116, 7138078.821999540552497 ], [ 385437.714000024017878, 7138120.26199952699244 ], [ 385525.362000023946166, 7138210.720999531447887 ] ], [ [ 382475.724000034795608, 7138701.837999353185296 ], [ 381609.328000038163736, 7138827.56399929523468 ], [ 381796.628000037511811, 7139494.469999305903912 ], [ 382475.724000034795608, 7138701.837999353185296 ] ], [ [ 377366.57900006021373, 7140721.01399896107614 ], [ 377602.071000058960635, 7140812.271998981013894 ], [ 377485.811000059475191, 7140647.87299897056073 ], [ 377366.57900006021373, 7140721.01399896107614 ] ], [ [ 378046.016000056115445, 7140303.233999019488692 ], [ 378363.035000054514967, 7140701.816999044269323 ], [ 378110.502000055741519, 7140262.732999028638005 ], [ 378046.016000056115445, 7140303.233999019488692 ] ], [ [ 376197.565000066882931, 7139471.982998859137297 ], [ 376474.822000065352768, 7139493.330998882651329 ], [ 376473.260000065318309, 7139460.198998883366585 ], [ 376197.565000066882931, 7139471.982998859137297 ] ], [ [ 372805.290000090666581, 7136813.756998519413173 ], [ 372870.377000089851208, 7136748.052998529747128 ], [ 372863.192000090028159, 7136739.725998527370393 ], [ 372805.290000090666581, 7136813.756998519413173 ] ], [ [ 369386.358000120089855, 7133564.525998114608228 ], [ 369618.323000117670745, 7133588.833998146466911 ], [ 369569.27200011810055, 7133328.266998142004013 ], [ 369386.358000120089855, 7133564.525998114608228 ] ], [ [ 385745.831000022822991, 7135719.743999551981688 ], [ 385434.479000023566186, 7135666.024999533779919 ], [ 385727.011000022874214, 7135799.530999548733234 ], [ 385745.831000022822991, 7135719.743999551981688 ] ], [ [ 385619.736000022967346, 7135241.57399954367429 ], [ 385939.559000022185501, 7135304.073999562300742 ], [ 385652.813000022957567, 7135166.237999546341598 ], [ 385619.736000022967346, 7135241.57399954367429 ] ], [ [ 385742.031000022543594, 7134989.342999549582601 ], [ 386047.764000021852553, 7135204.247999565675855 ], [ 386102.329000021680258, 7135160.309999569319189 ], [ 385742.031000022543594, 7134989.342999549582601 ] ] ], [ [ [ 380921.085000042279717, 7143011.448999236337841 ], [ 378494.2810000544996, 7142932.088999048806727 ], [ 380911.602000042563304, 7143726.242999235168099 ], [ 380921.085000042279717, 7143011.448999236337841 ] ] ], [ [ [ 382986.133000030124094, 7127147.296999409794807 ], [ 382857.150000030640513, 7127037.196999399922788 ], [ 381943.561000034096651, 7127981.203999338671565 ], [ 382848.59600003081141, 7127940.132999398745596 ], [ 382986.133000030124094, 7127147.296999409794807 ] ] ], [ [ [ 386789.545000017795246, 7123909.574999618344009 ], [ 388288.334000014176127, 7123824.355999689549208 ], [ 387683.684000015608035, 7123366.241999664343894 ], [ 386789.545000017795246, 7123909.574999618344009 ] ] ] ] } },
{ "type": "Feature", "properties": { "id": 151, "gml_id": 28023744, "natcode": "837", "namefin": "Tampere", "nameswe": "Tammerfors", "landarea": 526.16, "freshwarea": 164.55, "seawarea": null, "totalarea": 690.71 }, "geometry": { "type": "MultiPolygon", "coordinates": [ [ [ [ 316192.010001272312365, 6827073.220983690582216 ], [ 318400.37900111451745, 6825031.527985285036266 ], [ 327966.045000632642768, 6827198.091990496963263 ], [ 326475.324000737629831, 6841903.800989457406104 ], [ 331875.759000561898574, 6858435.142991559579968 ], [ 334465.339000477222726, 6859985.050992547534406 ], [ 341807.048000276787207, 6854120.844994956627488 ], [ 346626.256000190391205, 6854536.216996112838387 ], [ 347270.109000162105076, 6836030.210996404290199 ], [ 334112.119000397680793, 6814346.141993155702949 ], [ 326191.567000673094299, 6815267.873989934101701 ], [ 325656.919000712921843, 6821088.744989543221891 ], [ 319634.022001021308824, 6820693.010986212641001 ], [ 316192.010001272312365, 6827073.220983690582216 ] ] ] ] } },
{ "type": "Feature", "properties": { "id": 152, "gml_id": 28024899, "natcode": "934", "namefin": "Vimpeli", "nameswe": "Vimpeli", "landarea": 287.24, "freshwarea": 41.46, "seawarea": null, "totalarea": 328.7 }, "geometry": { "type": "MultiPolygon", "coordinates": [ [ [ [ 360769.9960001334548, 7007607.465997580438852 ], [ 354806.052000215044245, 7006517.327996511943638 ], [ 354233.290000222099479, 7003938.871996413916349 ], [ 335875.890000755316578, 6998150.952990416437387 ], [ 333800.973000892496202, 7009399.191989083774388 ], [ 341722.524000552250072, 7012780.09199264831841 ], [ 342611.355000536714215, 7020368.440992856398225 ], [ 347313.906000391812995, 7019966.587994464673102 ], [ 357842.96700017421972, 7012259.633997056633234 ], [ 360769.9960001334548, 7007607.465997580438852 ] ], [ [ 337606.938000711263157, 7010778.820990950800478 ], [ 337553.7620007134974, 7010708.568990929983556 ], [ 337557.796000713540707, 7010787.960990927182138 ], [ 337606.938000711263157, 7010778.820990950800478 ] ], [ [ 340280.009000602178276, 7011135.02799210511148 ], [ 339136.623000647698063, 7011251.190991623327136 ], [ 339541.024000632460229, 7011727.088991785421968 ], [ 340280.009000602178276, 7011135.02799210511148 ] ] ], [ [ [ 339300.810000666067936, 7021495.359991486184299 ], [ 338420.386000710073858, 7024034.421991036273539 ], [ 340075.609000632772222, 7020897.148991832509637 ], [ 339300.810000666067936, 7021495.359991486184299 ] ] ], [ [ [ 336784.51300075330073, 7012564.590990527532995 ], [ 336913.774000748293474, 7012931.33599057700485 ], [ 336990.977000743732788, 7012474.077990625053644 ], [ 336784.51300075330073, 7012564.590990527532995 ] ] ], [ [ [ 345618.492000403231941, 6998462.56399423442781 ], [ 345173.874000417767093, 6999833.024994074366987 ], [ 345930.7900003970135, 7000018.186994311399758 ], [ 345618.492000403231941, 6998462.56399423442781 ] ] ] ] } },
{ "type": "Feature", "properties": { "id": 153, "gml_id": 28022968, "natcode": "239", "namefin": "Keitele", "nameswe": "Keitele", "landarea": 482.9, "freshwarea": 95.38, "seawarea": null, "totalarea": 578.28 }, "geometry": { "type": "MultiPolygon", "coordinates": [ [ [ [ 466320.211000000010245, 6989673.18700027000159 ], [ 457843.938999999780208, 7002246.838000272400677 ], [ 458600.907999999821186, 7012749.306000274606049 ], [ 453486.774999999615829, 7025455.932000279426575 ], [ 460018.174999999813735, 7035239.630000281147659 ], [ 480890.136000000115018, 6987957.938000270165503 ], [ 475433.865, 6984772.006000270135701 ], [ 466320.211000000010245, 6989673.18700027000159 ] ], [ [ 474366.65500000002794, 6989229.050000269897282 ], [ 473982.646000000066124, 6989684.083000268787146 ], [ 473998.752000000036787, 6989698.761000270023942 ], [ 474220.943999999959487, 6989429.272000269033015 ], [ 474262.017999999981839, 6989412.532000270672143 ], [ 474335.762999999977183, 6989436.750000270083547 ], [ 474335.70499999995809, 6989332.900000268593431 ], [ 474395.953999999968801, 6989289.76400027051568 ], [ 474366.65500000002794, 6989229.050000269897282 ] ], [ [ 474013.790999999910127, 6989712.407000268809497 ], [ 474556.833999999973457, 6989275.345000270754099 ], [ 474007.314000000013039, 6989706.164000269025564 ], [ 474013.790999999910127, 6989712.407000268809497 ] ] ] ] } },
{ "type": "Feature", "properties": { "id": 154, "gml_id": 28022868, "natcode": "989", "namefin": "Ähtäri", "nameswe": "Etseri", "landarea": 805.69, "freshwarea": 105.17, "seawarea": null, "totalarea": 910.86 }, "geometry": { "type": "MultiPolygon", "coordinates": [ [ [ [ 348226.960000285180286, 6960422.393995443359017 ], [ 352602.632000199519098, 6954959.729996495880187 ], [ 356963.607000142394099, 6958464.124997278675437 ], [ 358224.611000124306884, 6953625.811997515149415 ], [ 360798.298000100534409, 6957289.043997867964208 ], [ 357636.362000135122798, 6959575.280997381545603 ], [ 361105.043000100413337, 6961695.985997887328267 ], [ 365643.369000061182305, 6955069.912998468615115 ], [ 376149.768000012729317, 6950563.472999337129295 ], [ 371940.959000025410205, 6945869.657999063841999 ], [ 376036.578000011737458, 6944650.797999341972172 ], [ 371544.405000023019966, 6932343.657999068498611 ], [ 368727.975000035250559, 6933621.364998839795589 ], [ 370410.90600002737483, 6931947.234998983331025 ], [ 367232.016000041272491, 6929567.186998717486858 ], [ 366246.34600004798267, 6932750.552998614497483 ], [ 362354.744000073289499, 6932091.26899819355458 ], [ 361808.755000074859709, 6926925.919998151250184 ], [ 355773.625000135391019, 6931079.203997261822224 ], [ 345455.368000287853647, 6918226.111995195038617 ], [ 341008.872000400093384, 6921479.90099385753274 ], [ 340216.677000441588461, 6931991.178993438370526 ], [ 336987.610000540385954, 6929367.885992298834026 ], [ 336977.916000549332239, 6933246.459992223419249 ], [ 345569.225000318489037, 6942289.740994946099818 ], [ 343298.204000405501574, 6961570.194994021207094 ], [ 346030.362000337452628, 6962903.638994824141264 ], [ 346701.404000319424085, 6961200.60699503030628 ], [ 347390.683000303339213, 6960658.644995221868157 ], [ 347434.420000302256085, 6960664.258995234966278 ], [ 347535.913000300060958, 6960615.908995261415839 ], [ 347651.79600029764697, 6960662.070995293557644 ], [ 347907.976000292052049, 6960592.847995358519256 ], [ 348226.960000285180286, 6960422.393995443359017 ] ], [ [ 347644.474000297719613, 6960650.51699529029429 ], [ 347302.684000302979257, 6959056.436995219439268 ], [ 346754.623000316962134, 6960392.899995057843626 ], [ 347381.974000303365756, 6960654.323995222337544 ], [ 347532.070000299951062, 6960610.011995259672403 ], [ 347644.474000297719613, 6960650.51699529029429 ] ] ], [ [ [ 371959.728000028349925, 6955676.456999042071402 ], [ 370738.506000033521559, 6955848.869998944923282 ], [ 371782.07100002921652, 6956250.463999027386308 ], [ 371959.728000028349925, 6955676.456999042071402 ] ] ] ] } },
{ "type": "Feature", "properties": { "id": 155, "gml_id": 28021658, "natcode": "285", "namefin": "Kotka", "nameswe": "Kotka", "landarea": 272.14, "freshwarea": 5.82, "seawarea": 671.8, "totalarea": 949.76 }, "geometry": { "type": "MultiPolygon", "coordinates": [ [ [ [ 495742.236000000033528, 6723645.134000179357827 ], [ 501560.721000000135973, 6718737.862000176683068 ], [ 500509.264000000082888, 6712616.585000173188746 ], [ 506526.123000000079628, 6696685.768000168725848 ], [ 514664.746999999915715, 6691691.273000165820122 ], [ 525299.199999999953434, 6676362.900000158697367 ], [ 493088.642999999923632, 6673729.156000157818198 ], [ 491186.085000000020955, 6704307.82100017182529 ], [ 485847.931000000040513, 6724530.09100017696619 ], [ 487551.128999999957159, 6726674.642000179737806 ], [ 490732.764000000082888, 6722647.693000176921487 ], [ 495742.236000000033528, 6723645.134000179357827 ] ] ] ] } },
{ "type": "Feature", "properties": { "id": 156, "gml_id": 28021993, "natcode": "410", "namefin": "Laukaa", "nameswe": "Laukaa", "landarea": 648.49, "freshwarea": 177.11, "seawarea": null, "totalarea": 825.6 }, "geometry": { "type": "MultiPolygon", "coordinates": [ [ [ [ 450467.028999999398366, 6894738.746000241488218 ], [ 450731.447999999392778, 6904351.728000244125724 ], [ 446169.469999999040738, 6907882.274000247009099 ], [ 441801.287999998719897, 6905061.41600024420768 ], [ 438646.354999998351559, 6908785.546000245027244 ], [ 438896.041999998560641, 6917221.114000244997442 ], [ 426631.092999996384606, 6922750.831000238656998 ], [ 429033.855999996652827, 6928087.498000242747366 ], [ 438445.781999998434912, 6931438.828000248409808 ], [ 439677.477999998547602, 6935451.672000251710415 ], [ 445212.628999999025837, 6933094.676000252366066 ], [ 450476.004999999306165, 6939564.802000256255269 ], [ 464391.665999999968335, 6919315.179000249132514 ], [ 462645.141999999876134, 6912836.26900024805218 ], [ 458473.225999999733176, 6914024.762000247836113 ], [ 463422.467999999877065, 6907808.206000246107578 ], [ 465203.293999999877997, 6898115.267000243067741 ], [ 455003.943999999552034, 6900756.906000243499875 ], [ 450467.028999999398366, 6894738.746000241488218 ] ] ] ] } },
{ "type": "Feature", "properties": { "id": 157, "gml_id": 28018649, "natcode": "736", "namefin": "Saltvik", "nameswe": "Saltvik", "landarea": 152.32, "freshwarea": 7.32, "seawarea": 1007.23, "totalarea": 1166.87 }, "geometry": { "type": "MultiPolygon", "coordinates": [ [ [ [ 128529.177666569419671, 6708406.069387810304761 ], [ 128327.533676142804325, 6712066.537343360483646 ], [ 126203.380700612091459, 6705789.03522327169776 ], [ 114413.31090828590095, 6697409.749238763935864 ], [ 112249.950973409286235, 6704765.614940540865064 ], [ 109873.938028605189174, 6704743.872686095535755 ], [ 114676.301952572190203, 6718570.429044531658292 ], [ 109256.248093621921726, 6723248.838399335741997 ], [ 107440.753226637898479, 6751862.078814554028213 ], [ 120025.641915946907829, 6752653.4432319002226 ], [ 124827.075823628809303, 6756008.839663652703166 ], [ 137667.699573721096385, 6737834.618849268183112 ], [ 136118.410572022083215, 6721648.381851489655674 ], [ 132244.932619690778665, 6715476.274617129936814 ], [ 132141.584625170216896, 6717921.411591581068933 ], [ 128236.965688102005515, 6718063.929288585670292 ], [ 128529.177666569419671, 6708406.069387810304761 ] ] ], [ [ [ 129741.232662618334871, 6717652.988410756923258 ], [ 129679.983663700637408, 6717705.754405573941767 ], [ 129767.143662189075258, 6717647.330412817187607 ], [ 129741.232662618334871, 6717652.988410756923258 ] ] ], [ [ [ 129118.206672936445102, 6717746.270361196249723 ], [ 129068.330673828779254, 6717788.380356933921576 ], [ 129110.376673225604463, 6717839.400359849445522 ], [ 129118.206672936445102, 6717746.270361196249723 ] ] ], [ [ [ 129558.558645440032706, 6705628.665488482452929 ], [ 131638.59761205984978, 6704799.216649820096791 ], [ 129810.123634567833506, 6701383.421539263799787 ], [ 129402.495642702502664, 6702469.899500377476215 ], [ 129558.558645440032706, 6705628.665488482452929 ] ], [ [ 129487.913644073763862, 6704122.529494447633624 ], [ 129922.022637976857368, 6704554.429524101316929 ], [ 129702.739640466752462, 6703979.539511819370091 ], [ 129487.913644073763862, 6704122.529494447633624 ] ] ], [ [ [ 128537.155651171400677, 6699324.000458124093711 ], [ 129464.224635818973184, 6698841.224532134830952 ], [ 129281.427638218330685, 6698566.840520408004522 ], [ 128537.155651171400677, 6699324.000458124093711 ] ] ], [ [ [ 145388.398439049196895, 6709681.062506185844541 ], [ 142273.897477090300526, 6711163.584316127933562 ], [ 144536.445452368352562, 6712840.86944030970335 ], [ 145388.398439049196895, 6709681.062506185844541 ] ] ] ] } },
{ "type": "Feature", "properties": { "id": 158, "gml_id": 28024635, "natcode": "218", "namefin": "Karijoki", "nameswe": "Bötom", "landarea": 185.58, "freshwarea": 0.77, "seawarea": null, "totalarea": 186.35 }, "geometry": { "type": "MultiPolygon", "coordinates": [ [ [ [ 227743.462067839631345, 6910173.045534536242485 ], [ 227107.297069994616322, 6913804.468521781265736 ], [ 223586.714078813733067, 6914542.364469045773149 ], [ 225167.371077006857377, 6925052.694480586796999 ], [ 216976.293101498216856, 6928462.478337295353413 ], [ 219000.26709630707046, 6933062.951367756351829 ], [ 235016.563055228674784, 6924992.599612573161721 ], [ 237376.971049293875694, 6913468.795648820698261 ], [ 234560.256054997618776, 6917837.881613570265472 ], [ 231256.322060363308992, 6910737.188580085523427 ], [ 227743.462067839631345, 6910173.045534536242485 ] ] ], [ [ [ 225164.211073813843541, 6909650.510498527437449 ], [ 228224.623066597152501, 6909313.120542 ], [ 225119.667073814896867, 6909119.51949848048389 ], [ 225164.211073813843541, 6909650.510498527437449 ] ] ] ] } },
{ "type": "Feature", "properties": { "id": 159, "gml_id": 28024326, "natcode": "499", "namefin": "Mustasaari", "nameswe": "Korsholm", "landarea": 849.51, "freshwarea": 17.16, "seawarea": 2311.93, "totalarea": 3178.6 }, "geometry": { "type": "MultiPolygon", "coordinates": [ [ [ [ 220786.021132265508641, 7067996.57417515758425 ], [ 235005.740077443071641, 7045684.610486078076065 ], [ 233938.866079222760163, 7040841.973475316539407 ], [ 237703.582069423573557, 7039783.578533224761486 ], [ 247128.466047746187542, 7024805.810664222575724 ], [ 247321.84204662789125, 7018898.100670911371708 ], [ 250553.396041290805442, 7017304.190704341046512 ], [ 251126.589039729879005, 7011109.029713968746364 ], [ 243134.587051994836656, 7004595.874636935070157 ], [ 235110.134064988524187, 6984518.580556584522128 ], [ 224475.170095898094587, 6996031.953375132754445 ], [ 229196.718083830026444, 7003954.517445893026888 ], [ 236499.735064853797667, 7000826.165558361448348 ], [ 238548.657061747857369, 7008577.756577557884157 ], [ 231682.615078057628125, 7008326.803480117581785 ], [ 230945.351081110769883, 7013150.710462457500398 ], [ 221965.405110514024273, 7017499.563293092884123 ], [ 218517.85912201483734, 7013033.254227750003338 ], [ 198928.242223169014324, 7011668.253678671084344 ], [ 164704.476623953378294, 7032920.232699955813587 ], [ 186369.27336345682852, 7054850.130966996774077 ], [ 220786.021132265508641, 7067996.57417515758425 ] ], [ [ 244732.381050855619833, 7016829.085644575767219 ], [ 245778.462049046414904, 7017211.760655794292688 ], [ 245938.882048661063891, 7016452.128658146597445 ], [ 244732.381050855619833, 7016829.085644575767219 ] ], [ [ 241414.135055581777124, 7006748.216614996083081 ], [ 241291.504055807105033, 7006654.594613614492118 ], [ 241289.915055820805719, 7006721.552613536827266 ], [ 241414.135055581777124, 7006748.216614996083081 ] ], [ [ 217100.92312914703507, 7017138.265188145451248 ], [ 218198.122124322282616, 7016078.00021505728364 ], [ 217119.597128562279977, 7015721.041191290132701 ], [ 217100.92312914703507, 7017138.265188145451248 ] ], [ [ 240873.512055888946634, 7001968.002612862735987 ], [ 240228.546057132916758, 7001766.836605248041451 ], [ 240396.49905686735292, 7002197.135606893338263 ], [ 240873.512055888946634, 7001968.002612862735987 ] ] ], [ [ [ 215256.060131099366117, 7001381.074175822548568 ], [ 215710.7721296697855, 7002638.189183924347162 ], [ 215973.669128604640719, 7002680.118189885281026 ], [ 215256.060131099366117, 7001381.074175822548568 ] ] ] ] } },
{ "type": "Feature", "properties": { "id": 160, "gml_id": 28027758, "natcode": "620", "namefin": "Puolanka", "nameswe": "Puolanka", "landarea": 2461.2, "freshwarea": 137.51, "seawarea": null, "totalarea": 2598.71 }, "geometry": { "type": "MultiPolygon", "coordinates": [ [ [ [ 555305.68000000086613, 7217008.428000311367214 ], [ 555086.617000000667758, 7216694.22100031003356 ], [ 553995.573000000673346, 7217736.30900031235069 ], [ 555305.68000000086613, 7217008.428000311367214 ] ] ], [ [ [ 507026.470000000030268, 7190106.110000310465693 ], [ 516820.110999999917112, 7187536.774000308476388 ], [ 519089.563000000198372, 7192383.119000311009586 ], [ 518232.600000000034925, 7203925.604000310413539 ], [ 512366.127999999967869, 7211527.24000031221658 ], [ 515503.493000000074971, 7218598.93200031388551 ], [ 531310.617000000085682, 7222140.255000312812626 ], [ 542034.916000000201166, 7218936.990000313147902 ], [ 544482.124000000185333, 7231907.344000312499702 ], [ 556095.365000000922009, 7231775.631000310182571 ], [ 557192.314000001060776, 7226563.776000310666859 ], [ 553077.018000000738539, 7217513.306000310927629 ], [ 559441.265000001178123, 7209798.393000309355557 ], [ 561263.377000001375563, 7197755.394000306725502 ], [ 554520.030000000959262, 7187574.191000306978822 ], [ 550151.859000000637025, 7187539.270000306889415 ], [ 551354.009000000543892, 7167975.529000304639339 ], [ 543017.705000000190921, 7164416.605000305920839 ], [ 536251.776000000070781, 7156219.70300030335784 ], [ 525683.831, 7153129.309000302106142 ], [ 517567.034999999974389, 7164444.986000304110348 ], [ 512412.235000000044238, 7166670.123000306077302 ], [ 510731.465000000083819, 7176500.475000306963921 ], [ 513319.449000000022352, 7176968.091000307351351 ], [ 505623.994, 7187816.915000309236348 ], [ 507026.470000000030268, 7190106.110000310465693 ] ] ], [ [ [ 552265.749000000650994, 7185462.409000306390226 ], [ 552220.049000000581145, 7184100.100000305101275 ], [ 551469.23200000054203, 7185352.042000308632851 ], [ 552265.749000000650994, 7185462.409000306390226 ] ] ] ] } },
{ "type": "Feature", "properties": { "id": 161, "gml_id": 28020016, "natcode": "577", "namefin": "Paimio", "nameswe": "Pemar", "landarea": 238.68, "freshwarea": 1.52, "seawarea": 2.07, "totalarea": 242.27 }, "geometry": { "type": "MultiPolygon", "coordinates": [ [ [ [ 271984.469007439911366, 6715508.800927230156958 ], [ 273166.818006913817953, 6708107.43693130929023 ], [ 269524.020007873536088, 6700258.506923224776983 ], [ 265937.214009207324125, 6702739.42691261600703 ], [ 259397.755011888337322, 6699956.97889160271734 ], [ 257116.015013605210697, 6715195.69387917779386 ], [ 263670.702010644017719, 6720195.352901971898973 ], [ 271984.469007439911366, 6715508.800927230156958 ] ] ], [ [ [ 257615.640013059222838, 6707935.655882999300957 ], [ 257683.96201302940608, 6708066.381883230060339 ], [ 257650.450013041816419, 6707944.103883130475879 ], [ 257615.640013059222838, 6707935.655882999300957 ] ] ] ] } },
{ "type": "Feature", "properties": { "id": 162, "gml_id": 28020136, "natcode": "400", "namefin": "Laitila", "nameswe": "Laitila", "landarea": 532.05, "freshwarea": 13.28, "seawarea": null, "totalarea": 545.33 }, "geometry": { "type": "MultiPolygon", "coordinates": [ [ [ [ 217953.195065217907541, 6777847.971540211699903 ], [ 226929.747047512151767, 6770748.484650836326182 ], [ 228110.67204458580818, 6762167.035669039934874 ], [ 235893.980034065432847, 6761936.978738012723625 ], [ 216583.548062343441416, 6744890.582555120810866 ], [ 212099.83907382102916, 6754039.704485237598419 ], [ 202713.595100410631858, 6759160.504326527006924 ], [ 201571.367108022852335, 6773362.639283591881394 ], [ 205231.022096542001236, 6773498.83235097117722 ], [ 207266.974089613126125, 6769371.585391622036695 ], [ 217953.195065217907541, 6777847.971540211699903 ] ] ] ] } },
{ "type": "Feature", "properties": { "id": 163, "gml_id": 28027478, "natcode": "208", "namefin": "Kalajoki", "nameswe": "Kalajoki", "landarea": 923.45, "freshwarea": 6.9, "seawarea": 1460.25, "totalarea": 2390.6 }, "geometry": { "type": "MultiPolygon", "coordinates": [ [ [ [ 367961.212000136030838, 7134719.778997911140323 ], [ 367820.813000137684867, 7134671.863997891545296 ], [ 367857.329000137397088, 7134761.909997896291316 ], [ 367961.212000136030838, 7134719.778997911140323 ] ] ], [ [ [ 370016.196000114432536, 7134733.95999819226563 ], [ 370215.714000112493522, 7134545.645998219028115 ], [ 369926.559000115259551, 7134520.792998181656003 ], [ 370016.196000114432536, 7134733.95999819226563 ] ] ], [ [ [ 340750.47600080340635, 7098151.826990469358861 ], [ 329149.773001667461358, 7113662.295982372015715 ], [ 294973.467009399784729, 7123760.035921019501984 ], [ 304107.33100625697989, 7127760.85194474644959 ], [ 307345.42400568688754, 7146718.861949382349849 ], [ 314558.544004120631143, 7156529.462961888872087 ], [ 354536.436000385670923, 7142479.627995003946126 ], [ 368791.009000126039609, 7133254.304998034611344 ], [ 364294.474000177113339, 7127811.21399737149477 ], [ 367243.931000136770308, 7123247.088997868821025 ], [ 360954.968000223161653, 7121470.66099679749459 ], [ 370410.911000094958581, 7104323.452998384833336 ], [ 359428.975000226986594, 7098263.922996680252254 ], [ 357922.837000264727976, 7108191.109996264800429 ], [ 352365.436000396963209, 7111141.975994772277772 ], [ 347177.587000543309841, 7102426.283993160352111 ], [ 350088.247000438859686, 7096884.496994261629879 ], [ 342455.490000729390886, 7100658.218991228379309 ], [ 340750.47600080340635, 7098151.826990469358861 ] ] ] ] } },
{ "type": "Feature", "properties": { "id": 164, "gml_id": 28024221, "natcode": "599", "namefin": "Pedersören kunta", "nameswe": "Pedersöre", "landarea": 794.23, "freshwarea": 31.78, "seawarea": 0.0, "totalarea": 826.01 }, "geometry": { "type": "MultiPolygon", "coordinates": [ [ [ [ 287339.752011699951254, 7084823.203903598710895 ], [ 287311.638011696282774, 7084306.688903617672622 ], [ 286924.333011911599897, 7084831.242902072146535 ], [ 287339.752011699951254, 7084823.203903598710895 ] ] ], [ [ [ 310408.531003780430183, 7062947.050963756628335 ], [ 317320.359002544195391, 7048352.835974089801311 ], [ 319126.254002300556749, 7046403.28397620934993 ], [ 316878.680002590059303, 7046824.544973676092923 ], [ 314840.118002861738205, 7045252.482971311546862 ], [ 314114.760002991009969, 7047525.805970229208469 ], [ 312524.269003226887435, 7046138.223968211561441 ], [ 314746.145002863835543, 7043972.281971283257008 ], [ 305543.670004327781498, 7030183.998958881013095 ], [ 294080.171007509692572, 7035861.479933859780431 ], [ 293420.789007906627376, 7043135.998930946923792 ], [ 295949.982007078418974, 7044278.413937297649682 ], [ 296118.268007028615102, 7044471.75893768388778 ], [ 291976.823008490959182, 7045424.804926563985646 ], [ 292166.972008536336944, 7050018.450926299206913 ], [ 278927.843015577411279, 7061355.488875546492636 ], [ 288947.94001034431858, 7066882.22491315100342 ], [ 292906.896008599724155, 7063456.831926039420068 ], [ 294208.135008382902015, 7074306.893927839584649 ], [ 299072.406006578996312, 7067269.227941485121846 ], [ 310408.531003780430183, 7062947.050963756628335 ] ], [ [ 310498.252003539237194, 7043346.545965554192662 ], [ 312686.422003157204017, 7041825.659968757070601 ], [ 312117.778003247047309, 7041641.781967994756997 ], [ 310498.252003539237194, 7043346.545965554192662 ] ] ], [ [ [ 320433.600002154242247, 7047433.734977512620389 ], [ 318230.191002421895973, 7047758.783975152298808 ], [ 317995.667002455564216, 7048261.728974861092865 ], [ 318979.297002337814774, 7048990.299975900910795 ], [ 320433.600002154242247, 7047433.734977512620389 ] ] ], [ [ [ 318117.246002424042672, 7046230.088975119404495 ], [ 316458.258002632996067, 7045173.142973287031054 ], [ 316054.308002694277093, 7045844.065972762182355 ], [ 318117.246002424042672, 7046230.088975119404495 ] ] ], [ [ [ 316108.546002673800103, 7044335.309972926042974 ], [ 315906.909002707689069, 7045052.347972638905048 ], [ 316235.987002663081512, 7045121.637973026372492 ], [ 316108.546002673800103, 7044335.309972926042974 ] ] ], [ [ [ 316118.832002680981532, 7045351.413972873240709 ], [ 316216.780002667452209, 7045344.913972987793386 ], [ 316148.434002676513046, 7045305.238972912542522 ], [ 316118.832002680981532, 7045351.413972873240709 ] ] ], [ [ [ 292722.666007958818227, 7034933.162930420599878 ], [ 294507.34900733071845, 7034255.264935203827918 ], [ 292434.552008049795404, 7034448.54192971996963 ], [ 292722.666007958818227, 7034933.162930420599878 ] ] ] ] } },
{ "type": "Feature", "properties": { "id": 165, "gml_id": 28024358, "natcode": "475", "namefin": "Maalahti", "nameswe": "Malax", "landarea": 522.14, "freshwarea": 3.81, "seawarea": 1428.99, "totalarea": 1954.94 }, "geometry": { "type": "MultiPolygon", "coordinates": [ [ [ [ 164704.476623953378294, 7032920.232699955813587 ], [ 225700.809091939067002, 6995393.869398008100688 ], [ 234786.913065883738454, 6985451.634551245719194 ], [ 228977.08907625352731, 6967311.451488070189953 ], [ 212960.414129680662882, 6971155.641180933453143 ], [ 209812.415145560749806, 6977271.998093123547733 ], [ 211383.637140619917773, 6982558.179121031425893 ], [ 213576.610130262968596, 6979833.747178494930267 ], [ 207929.756160689459648, 6991941.096011457964778 ], [ 160279.89163375942735, 6995506.377643481828272 ], [ 156269.296757730073296, 7022279.562071002088487 ], [ 164704.476623953378294, 7032920.232699955813587 ] ] ] ] } },
{ "type": "Feature", "properties": { "id": 166, "gml_id": 28020689, "natcode": "165", "namefin": "Janakkala", "nameswe": "Janakkala", "landarea": 547.5, "freshwarea": 38.57, "seawarea": null, "totalarea": 586.07 }, "geometry": { "type": "MultiPolygon", "coordinates": [ [ [ [ 390462.842999978922307, 6754177.820999969728291 ], [ 388121.984999977401458, 6747459.988999930210412 ], [ 381042.6759999760543, 6750156.758999763987958 ], [ 380009.374999975552782, 6746073.234999736770988 ], [ 376787.362999976263382, 6746590.587999630719423 ], [ 377362.837999974843115, 6737968.095999656245112 ], [ 370547.05099997902289, 6740590.003999364562333 ], [ 370490.446999978565145, 6737940.277999365702271 ], [ 363224.206999990507029, 6736950.399998920038342 ], [ 359641.922000002407003, 6740059.324998618103564 ], [ 362909.453999993682373, 6744283.876998877152801 ], [ 358902.401000011246651, 6754764.646998503245413 ], [ 367652.07799998705741, 6758512.357999174855649 ], [ 373622.326999980781693, 6765751.261999483220279 ], [ 372119.997999982791953, 6768283.18399940803647 ], [ 384072.289999977627303, 6765670.339999840594828 ], [ 390462.842999978922307, 6754177.820999969728291 ] ] ] ] } },
{ "type": "Feature", "properties": { "id": 167, "gml_id": 28018774, "natcode": "065", "namefin": "Geta", "nameswe": "Geta", "landarea": 84.55, "freshwarea": 2.92, "seawarea": 518.69, "totalarea": 606.16 }, "geometry": { "type": "MultiPolygon", "coordinates": [ [ [ [ 107589.641097040264867, 6709342.613375422544777 ], [ 98759.834351162891835, 6712267.96423089876771 ], [ 97541.308385145675857, 6711267.902078714221716 ], [ 99259.970357896003406, 6718674.522205321118236 ], [ 99174.015361871570349, 6719064.284187868237495 ], [ 98499.060387110977899, 6720318.403076367452741 ], [ 97443.000422905839514, 6721018.01091786660254 ], [ 89256.454832400893793, 6749132.06414982303977 ], [ 107440.753226637898479, 6751862.078814554028213 ], [ 109256.248093621921726, 6723248.838399335741997 ], [ 114676.301952572190203, 6718570.429044531658292 ], [ 107589.641097040264867, 6709342.613375422544777 ] ], [ [ 101328.691304487234447, 6721271.985445694997907 ], [ 102421.185279838799033, 6723514.76655762642622 ], [ 102712.296264848730061, 6721478.209623554721475 ], [ 101328.691304487234447, 6721271.985445694997907 ] ] ], [ [ [ 99168.787361955386586, 6719042.107187481597066 ], [ 99175.712361721962225, 6719035.921188518404961 ], [ 99170.674361856479663, 6719030.247187912464142 ], [ 99168.787361955386586, 6719042.107187481597066 ] ] ], [ [ [ 98622.370350803714246, 6710941.392231577076018 ], [ 96771.484398154017981, 6708143.959018588066101 ], [ 95979.253428933909163, 6709749.464882986620069 ], [ 98622.370350803714246, 6710941.392231577076018 ] ] ] ] } },
{ "type": "Feature", "properties": { "id": 168, "gml_id": 28025034, "natcode": "300", "namefin": "Kuortane", "nameswe": "Kuortane", "landarea": 462.37, "freshwarea": 22.48, "seawarea": null, "totalarea": 484.85 }, "geometry": { "type": "MultiPolygon", "coordinates": [ [ [ [ 339041.74300054134801, 6963080.179992495104671 ], [ 331466.168000858160667, 6960120.354989109560847 ], [ 329822.446000953903422, 6962332.911988141946495 ], [ 323362.533001330331899, 6951419.682984328828752 ], [ 317542.909001832245849, 6951943.640979574993253 ], [ 309502.375002868939191, 6961659.036970368586481 ], [ 316057.64500216889428, 6979006.881976764649153 ], [ 323050.576001501234714, 6981438.832982942461967 ], [ 333911.129000763350632, 6968504.390990148298442 ], [ 331760.705000858637504, 6965064.995989138260484 ], [ 339041.74300054134801, 6963080.179992495104671 ] ] ], [ [ [ 329705.526001014281064, 6977423.345987644977868 ], [ 330427.589000970125198, 6976888.132988084107637 ], [ 329755.711001008050516, 6976543.09698769915849 ], [ 329705.526001014281064, 6977423.345987644977868 ] ] ] ] } },
{ "type": "Feature", "properties": { "id": 169, "gml_id": 28026366, "natcode": "578", "namefin": "Paltamo", "nameswe": "Paltamo", "landarea": 918.8, "freshwarea": 220.94, "seawarea": null, "totalarea": 1139.74 }, "geometry": { "type": "MultiPolygon", "coordinates": [ [ [ [ 554784.142000000807457, 7132838.183000299148262 ], [ 538276.348000000347383, 7137945.896000298671424 ], [ 520667.276000000245403, 7129721.824000301770866 ], [ 509082.060999999986961, 7131608.553000300191343 ], [ 512243.82100000011269, 7140597.139000304974616 ], [ 508665.757999999914318, 7146167.429000303149223 ], [ 508904.711000000184868, 7147829.831000303849578 ], [ 519277.495, 7161074.068000306375325 ], [ 525683.831, 7153129.309000302106142 ], [ 544834.359000000520609, 7162161.172000305727124 ], [ 551890.586000000592321, 7149805.339000300504267 ], [ 570595.409000002429821, 7139641.016000285744667 ], [ 554784.142000000807457, 7132838.183000299148262 ] ], [ [ 510857.108999999938533, 7147339.769000301137567 ], [ 509855.858999999938533, 7147015.721000302582979 ], [ 508937.615000000048894, 7147654.027000303380191 ], [ 510857.108999999938533, 7147339.769000301137567 ] ], [ [ 514824.657, 7140290.097000302746892 ], [ 514081.343999999924563, 7139809.248000300489366 ], [ 513114.101000000024214, 7140245.434000301174819 ], [ 514824.657, 7140290.097000302746892 ] ] ] ] } },
{ "type": "Feature", "properties": { "id": 170, "gml_id": 28026250, "natcode": "889", "namefin": "Utajärvi", "nameswe": "Utajärvi", "landarea": 1669.43, "freshwarea": 65.47, "seawarea": null, "totalarea": 1734.9 }, "geometry": { "type": "MultiPolygon", "coordinates": [ [ [ [ 474175.231000000087079, 7160096.125000305473804 ], [ 476290.3629999999539, 7162663.670000303536654 ], [ 473272.396999999938998, 7162238.139000307768583 ], [ 473944.152000000118278, 7166435.129000305198133 ], [ 468115.264000000082888, 7162515.807000305503607 ], [ 462780.741999999852851, 7168758.54000030644238 ], [ 466179.824000000022352, 7170654.142000307328999 ], [ 469489.989999999874271, 7167397.191000306047499 ], [ 470786.788, 7170620.528000306338072 ], [ 461226.594999999797437, 7188410.597000310197473 ], [ 461686.823999999847729, 7191417.270000307820737 ], [ 464284.596000000077765, 7186788.438000308349729 ], [ 462810.055999999924097, 7194848.883000310510397 ], [ 459321.647999999928288, 7195370.789000310003757 ], [ 461365.021999999880791, 7197437.859000310301781 ], [ 463264.563000000023749, 7195279.723000310361385 ], [ 464841.680999999924097, 7188947.466000312007964 ], [ 470216.606999999959953, 7185639.943000311031938 ], [ 473656.365999999979977, 7187499.173000307753682 ], [ 470667.81599999993341, 7195480.534000312909484 ], [ 477094.632999999972526, 7191754.259000309742987 ], [ 479200.44600000011269, 7198155.581000309437513 ], [ 483975.656000000017229, 7196420.516000311821699 ], [ 489212.055000000167638, 7204161.911000310443342 ], [ 487687.553000000072643, 7207375.227000311948359 ], [ 485310.087, 7206136.858000312931836 ], [ 482550.406000000017229, 7219321.807000312954187 ], [ 515503.493000000074971, 7218598.93200031388551 ], [ 512366.127999999967869, 7211527.24000031221658 ], [ 519129.651000000070781, 7200375.786000312305987 ], [ 516820.110999999917112, 7187536.774000308476388 ], [ 507026.470000000030268, 7190106.110000310465693 ], [ 495603.411999999952968, 7181591.203000308945775 ], [ 492385.012999999977183, 7170782.092000308446586 ], [ 485404.935000000172295, 7167034.411000307649374 ], [ 483402.287999999942258, 7170057.57900030631572 ], [ 479858.344999999913853, 7160501.410000304691494 ], [ 474175.231000000087079, 7160096.125000305473804 ] ], [ [ 466681.867999999900348, 7167033.807000308297575 ], [ 466389.254999999888241, 7166433.708000305108726 ], [ 465822.261000000056811, 7167329.070000309497118 ], [ 466681.867999999900348, 7167033.807000308297575 ] ], [ [ 487548.922000000078697, 7188272.097000310197473 ], [ 487528.685999999986961, 7188312.208000308834016 ], [ 487563.017999999981839, 7188293.031000308692455 ], [ 487548.922000000078697, 7188272.097000310197473 ] ] ], [ [ [ 484736.277999999932945, 7202974.07500031311065 ], [ 484976.405999999959022, 7203438.889000312425196 ], [ 485418.886999999987893, 7202411.019000311382115 ], [ 484736.277999999932945, 7202974.07500031311065 ] ] ], [ [ [ 465801.081000000122003, 7193004.180000310763717 ], [ 468815.622999999963213, 7193188.224000311456621 ], [ 470190.148000000102911, 7192104.154000310227275 ], [ 465801.081000000122003, 7193004.180000310763717 ] ] ], [ [ [ 462355.919, 7183799.560000308789313 ], [ 461335.436999999976251, 7184560.34800030849874 ], [ 461512.894999999902211, 7184667.975000306963921 ], [ 462355.919, 7183799.560000308789313 ] ] ], [ [ [ 485185.674999999930151, 7201714.939000312238932 ], [ 484805.177999999956228, 7201528.349000311456621 ], [ 484744.586000000068452, 7202492.907000310719013 ], [ 485185.674999999930151, 7201714.939000312238932 ] ] ], [ [ [ 484576.930999999982305, 7199904.956000310368836 ], [ 482977.977000000129919, 7199140.565000312402844 ], [ 483859.673000000067987, 7201626.339000313542783 ], [ 484576.930999999982305, 7199904.956000310368836 ] ] ], [ [ [ 462535.995999999926426, 7169390.006000307388604 ], [ 461176.156000000075437, 7169576.675000307150185 ], [ 462268.159999999857973, 7170847.777000306174159 ], [ 462535.995999999926426, 7169390.006000307388604 ] ] ] ] } },
{ "type": "Feature", "properties": { "id": 171, "gml_id": 28025577, "natcode": "297", "namefin": "Kuopio", "nameswe": "Kuopio", "landarea": 3241.89, "freshwarea": 1084.46, "seawarea": null, "totalarea": 4326.35 }, "geometry": { "type": "MultiPolygon", "coordinates": [ [ [ [ 526526.081000000238419, 7003767.256000272929668 ], [ 523785.461999999941327, 7003599.317000273615122 ], [ 523293.914999999979045, 6999040.823000269941986 ], [ 525779.810000000055879, 6995144.252000271342695 ], [ 517080.935000000055879, 6992028.078000270761549 ], [ 519951.706000000063796, 6986864.265000270679593 ], [ 526824.75, 6981938.712000267580152 ], [ 539897.427000000141561, 6983247.484000267460942 ], [ 542207.846000000252388, 6980499.89700026717037 ], [ 541746.391000000177883, 6985127.123000267893076 ], [ 546110.236000000499189, 6983863.155000266619027 ], [ 548071.021000000531785, 6986305.977000268176198 ], [ 540239.067000000388362, 6990912.271000269800425 ], [ 544756.313000000314787, 6995055.214000269770622 ], [ 540518.214000000269152, 7002507.199000271037221 ], [ 541092.146000000298955, 7008877.21500027552247 ], [ 535150.420000000158325, 7013637.242000275291502 ], [ 547045.64600000041537, 7019492.658000277355313 ], [ 554366.998000000952743, 7030987.967000277712941 ], [ 558212.3260000012815, 7027554.337000276893377 ], [ 562940.089000001782551, 7029138.877000275067985 ], [ 563550.234000001801178, 7022862.337000272236764 ], [ 567126.03800000238698, 7022491.589000270701945 ], [ 567952.397000002441928, 7028008.709000270813704 ], [ 570442.527000003028661, 7028134.070000268518925 ], [ 573697.950000003678724, 7013932.525000258348882 ], [ 585462.344000006094575, 7007121.275000221095979 ], [ 588843.377000006730668, 7002040.871000199578702 ], [ 574075.987000003573485, 6998267.597000255249441 ], [ 570678.616000003064983, 6992184.047000259160995 ], [ 574577.481000003986992, 6987854.197000251151621 ], [ 570600.289000003016554, 6981089.902000257745385 ], [ 561539.822000001673587, 6981238.569000262767076 ], [ 566453.14600000239443, 6978652.991000261157751 ], [ 566133.015000002342276, 6973965.589000257663429 ], [ 559143.678000001586042, 6973267.712000261992216 ], [ 562702.594000001903623, 6966550.452000259421766 ], [ 568047.990000002668239, 6965776.639000256545842 ], [ 563816.703000001958571, 6960456.93200025614351 ], [ 567590.181000002659857, 6961914.458000254817307 ], [ 565949.591000002343208, 6959995.959000255912542 ], [ 570569.27200000314042, 6952584.973000250756741 ], [ 567248.300000002607703, 6947448.529000249691308 ], [ 570186.575000003329478, 6945325.348000247962773 ], [ 569262.093000003020279, 6940885.479000247083604 ], [ 563118.270000001997687, 6941441.406000252813101 ], [ 561782.772000001743436, 6946876.795000254176557 ], [ 548027.018000000622123, 6949316.687000258825719 ], [ 548111.137000000569969, 6951807.568000258877873 ], [ 543277.07500000030268, 6948901.056000257842243 ], [ 523572.207, 6954353.231000258587301 ], [ 514109.286000000021886, 6952466.858000257052481 ], [ 505977.348, 6959220.208000260405242 ], [ 502625.302999999956228, 6957532.751000260002911 ], [ 498919.677000000083353, 6960680.434000261127949 ], [ 494940.411000000080094, 6971090.161000265739858 ], [ 496960.900999999954365, 6976204.435000265948474 ], [ 494704.849000000045635, 6984371.582000266760588 ], [ 507212.071, 6986955.85000026691705 ], [ 497387.256000000052154, 7000530.231000271625817 ], [ 501070.521000000066124, 7001496.586000273004174 ], [ 497626.989000000059605, 7005035.554000274278224 ], [ 505586.539999999920838, 7003707.487000273540616 ], [ 501839.61199999996461, 7007339.948000274598598 ], [ 501662.603, 7014122.74400027282536 ], [ 506214.962, 7014024.351000275462866 ], [ 506669.038000000058673, 7021648.506000275723636 ], [ 508756.459000000031665, 7023137.825000278651714 ], [ 514974.01500000001397, 7018311.911000276915729 ], [ 518007.280999999959022, 7004928.940000275149941 ], [ 524803.533999999985099, 7006266.006000274792314 ], [ 526526.081000000238419, 7003767.256000272929668 ] ] ] ] } },
{ "type": "Feature", "properties": { "id": 172, "gml_id": 28022695, "natcode": "312", "namefin": "Kyyjärvi", "nameswe": "Kyyjärvi", "landarea": 448.22, "freshwarea": 21.4, "seawarea": null, "totalarea": 469.62 }, "geometry": { "type": "MultiPolygon", "coordinates": [ [ [ [ 392882.820999994175509, 6992449.832999953068793 ], [ 383913.867000002588611, 6985880.678999671712518 ], [ 378684.049000014085323, 6987618.742999416776001 ], [ 372206.064000034879427, 6980420.818998996168375 ], [ 363719.638000091013964, 6985900.89899811334908 ], [ 363308.969000098237302, 6992403.53099802788347 ], [ 360782.411000122083351, 6990767.35699768178165 ], [ 359139.141000141506083, 6992003.280997417867184 ], [ 362314.486000107368454, 6992188.165997894480824 ], [ 366587.823000075935852, 7001523.819998386316001 ], [ 375623.274000027915463, 7005527.283999186940491 ], [ 387848.407999999180902, 7002364.53099980391562 ], [ 392882.820999994175509, 6992449.832999953068793 ] ] ] ] } },
{ "type": "Feature", "properties": { "id": 173, "gml_id": 28026376, "natcode": "785", "namefin": "Vaala", "nameswe": "Vaala", "landarea": 1302.31, "freshwarea": 461.26, "seawarea": null, "totalarea": 1763.57 }, "geometry": { "type": "MultiPolygon", "coordinates": [ [ [ [ 474175.231000000087079, 7160096.125000305473804 ], [ 479858.344999999913853, 7160501.410000304691494 ], [ 483402.287999999942258, 7170057.57900030631572 ], [ 485404.935000000172295, 7167034.411000307649374 ], [ 492385.012999999977183, 7170782.092000308446586 ], [ 495603.411999999952968, 7181591.203000308945775 ], [ 507026.470000000030268, 7190106.110000310465693 ], [ 505623.994, 7187816.915000309236348 ], [ 513319.449000000022352, 7176968.091000307351351 ], [ 510731.465000000083819, 7176500.475000306963921 ], [ 512412.235000000044238, 7166670.123000306077302 ], [ 519019.143999999971129, 7160802.920000304467976 ], [ 508904.711000000184868, 7147829.831000303849578 ], [ 508665.757999999914318, 7146167.429000303149223 ], [ 512243.82100000011269, 7140597.139000304974616 ], [ 509082.060999999986961, 7131608.553000300191343 ], [ 502052.410000000032596, 7128720.126000300049782 ], [ 497180.609000000171363, 7133462.036000302061439 ], [ 488235.147000000230037, 7126482.901000300422311 ], [ 484732.677999999956228, 7127848.67600030079484 ], [ 484564.683000000019092, 7132279.760000298731029 ], [ 476685.593999999924563, 7133743.277000300586224 ], [ 474006.231000000087079, 7136407.46400030143559 ], [ 475171.270000000018626, 7141615.502000303007662 ], [ 465921.866999999911059, 7150589.585000302642584 ], [ 474175.231000000087079, 7160096.125000305473804 ] ], [ [ 501171.822999999974854, 7132055.472000300884247 ], [ 503550.865999999921769, 7131880.663000299595296 ], [ 502585.222000000067055, 7130441.555000301450491 ], [ 501171.822999999974854, 7132055.472000300884247 ] ] ], [ [ [ 510857.108999999938533, 7147339.769000301137567 ], [ 509855.858999999938533, 7147015.721000302582979 ], [ 508937.615000000048894, 7147654.027000303380191 ], [ 510857.108999999938533, 7147339.769000301137567 ] ] ], [ [ [ 514824.657, 7140290.097000302746892 ], [ 514081.343999999924563, 7139809.248000300489366 ], [ 513114.101000000024214, 7140245.434000301174819 ], [ 514824.657, 7140290.097000302746892 ] ] ], [ [ [ 492975.087999999930616, 7126811.191000297665596 ], [ 491516.462999999988824, 7125797.08100030105561 ], [ 490803.485999999917112, 7127856.331000300124288 ], [ 492975.087999999930616, 7126811.191000297665596 ] ] ] ] } },
{ "type": "Feature", "properties": { "id": 174, "gml_id": 28023312, "natcode": "177", "namefin": "Juupajoki", "nameswe": "Juupajoki", "landarea": 258.49, "freshwarea": 16.45, "seawarea": null, "totalarea": 274.94 }, "geometry": { "type": "MultiPolygon", "coordinates": [ [ [ [ 363795.749000032083131, 6861227.620998619124293 ], [ 368823.439000013924669, 6868732.87899901997298 ], [ 377251.303999993077014, 6861118.052999530918896 ], [ 370787.517000001738779, 6844919.424999206326902 ], [ 363540.495000027876813, 6847661.419998640194535 ], [ 353977.938000100897625, 6857778.958997434936464 ], [ 363795.749000032083131, 6861227.620998619124293 ] ] ] ] } },
{ "type": "Feature", "properties": { "id": 175, "gml_id": 28019996, "natcode": "734", "namefin": "Salo", "nameswe": "Salo", "landarea": 1989.92, "freshwarea": 73.31, "seawarea": 105.05, "totalarea": 2168.28 }, "geometry": { "type": "MultiPolygon", "coordinates": [ [ [ [ 292306.717003038618714, 6722632.419965147972107 ], [ 302390.448001795681193, 6717646.379976925440133 ], [ 309224.066001263796352, 6722809.054982449859381 ], [ 308624.811001265014056, 6714548.660982315428555 ], [ 315435.500000828295015, 6708165.01598700042814 ], [ 320774.234000598371495, 6710467.029989712871611 ], [ 318062.995000697730575, 6706087.887988482601941 ], [ 323117.104000500927214, 6705869.090990852564573 ], [ 323127.585000483551994, 6698912.219990990124643 ], [ 319314.378000617434736, 6696972.812989320605993 ], [ 319231.63200060086092, 6690169.648989434354007 ], [ 311140.413000970613211, 6685137.3959850827232 ], [ 314278.738000779994763, 6678574.399987160228193 ], [ 298119.96200190653326, 6673665.521975034847856 ], [ 294885.318002287182026, 6678046.591971355490386 ], [ 285913.262003432144411, 6668838.273960334248841 ], [ 276921.236005180689972, 6668826.83894476480782 ], [ 274387.242005598265678, 6658255.018940851092339 ], [ 268643.953007165924646, 6658136.551927619613707 ], [ 265752.131008274154738, 6665401.18891878053546 ], [ 268068.776007496053353, 6664760.523925117217004 ], [ 272363.247006413876079, 6673272.348934390582144 ], [ 270656.333007056964561, 6680418.758929264731705 ], [ 274272.536006155889481, 6686334.9359369603917 ], [ 270752.862007163115777, 6686514.009928581304848 ], [ 272420.473006797605194, 6692482.264931790530682 ], [ 269503.979007872170769, 6699935.084923223592341 ], [ 273166.818006913817953, 6708107.43693130929023 ], [ 271984.469007439911366, 6715508.800927230156958 ], [ 292306.717003038618714, 6722632.419965147972107 ] ] ] ] } },
{ "type": "Feature", "properties": { "id": 176, "gml_id": 28021130, "natcode": "624", "namefin": "Pyhtää", "nameswe": "Pyttis", "landarea": 324.63, "freshwarea": 11.76, "seawarea": 444.57, "totalarea": 780.96 }, "geometry": { "type": "MultiPolygon", "coordinates": [ [ [ [ 480933.84599999996135, 6670541.515000157058239 ], [ 469660.842999999935273, 6706380.051000173203647 ], [ 480814.039999999920838, 6724118.686000179499388 ], [ 491186.085000000020955, 6704307.82100017182529 ], [ 493088.642999999923632, 6673729.156000157818198 ], [ 480933.84599999996135, 6670541.515000157058239 ] ] ] ] } },
{ "type": "Feature", "properties": { "id": 177, "gml_id": 28024502, "natcode": "399", "namefin": "Laihia", "nameswe": "Laihela", "landarea": 505.18, "freshwarea": 3.26, "seawarea": null, "totalarea": 508.44 }, "geometry": { "type": "MultiPolygon", "coordinates": [ [ [ [ 253892.615033868147293, 6990776.105750724673271 ], [ 260010.17902548526763, 6971737.243805209174752 ], [ 255005.20303037497797, 6967040.635772583074868 ], [ 240654.014051919250051, 6973001.528635765425861 ], [ 234172.220066487090662, 6981191.421547352336347 ], [ 242914.540051902702544, 7001206.840637330897152 ], [ 253892.615033868147293, 6990776.105750724673271 ] ] ] ] } },
{ "type": "Feature", "properties": { "id": 178, "gml_id": 28025402, "natcode": "541", "namefin": "Nurmes", "nameswe": "Nurmes", "landarea": 2401.59, "freshwarea": 291.25, "seawarea": null, "totalarea": 2692.84 }, "geometry": { "type": "MultiPolygon", "coordinates": [ [ [ [ 591384.535000006551854, 7027621.225000182166696 ], [ 583160.061000005225651, 7033824.738000233657658 ], [ 579746.33100000442937, 7045333.582000249996781 ], [ 583722.088000005111098, 7048270.529000234790146 ], [ 579773.384000004269183, 7050707.589000250212848 ], [ 579481.587000004365109, 7061760.171000251546502 ], [ 572235.875000003026798, 7064255.755000272765756 ], [ 567084.892000002204441, 7070427.845000278204679 ], [ 571733.694000002928078, 7083473.339000274427235 ], [ 592736.49800000526011, 7080090.684000168927014 ], [ 631746.054999894928187, 7086294.299998203292489 ], [ 637169.833999848808162, 7066938.584997534751892 ], [ 631243.259999910835177, 7064196.844998367130756 ], [ 626047.928999948780984, 7056606.74399892333895 ], [ 623984.104999961447902, 7049030.141999110579491 ], [ 627903.396999944234267, 7039901.687998808920383 ], [ 626129.832999957492575, 7029195.02099899481982 ], [ 623462.209999969811179, 7026722.969999203458428 ], [ 616616.707999990088865, 7027941.898999596945941 ], [ 608878.937000000616536, 7036930.990999881178141 ], [ 605056.382000003475696, 7037424.893999981693923 ], [ 591024.074000006425194, 7030889.641000184230506 ], [ 591384.535000006551854, 7027621.225000182166696 ] ] ] ] } },
{ "type": "Feature", "properties": { "id": 179, "gml_id": 28027786, "natcode": "697", "namefin": "Ristijärvi", "nameswe": "Ristijärvi", "landarea": 835.94, "freshwarea": 62.0, "seawarea": null, "totalarea": 897.94 }, "geometry": { "type": "MultiPolygon", "coordinates": [ [ [ [ 585167.67200000397861, 7132823.816000228747725 ], [ 551890.586000000592321, 7149805.339000300504267 ], [ 546482.096000000485219, 7161460.97300030477345 ], [ 541692.71300000033807, 7161629.900000305846334 ], [ 543017.705000000190921, 7164416.605000305920839 ], [ 553159.273000000743195, 7170589.590000305324793 ], [ 559551.799000001279637, 7168560.612000301480293 ], [ 563255.672000001533888, 7163389.240000300109386 ], [ 568477.134000002057292, 7164321.92900029104203 ], [ 589351.221000003279187, 7153309.610000195913017 ], [ 585167.67200000397861, 7132823.816000228747725 ] ] ] ] } },
{ "type": "Feature", "properties": { "id": 180, "gml_id": 28023191, "natcode": "179", "namefin": "Jyväskylä", "nameswe": "Jyväskylä", "landarea": 1171.03, "freshwarea": 295.32, "seawarea": null, "totalarea": 1466.35 }, "geometry": { "type": "MultiPolygon", "coordinates": [ [ [ [ 437094.213999998057261, 6885285.371000234037638 ], [ 432474.640999997209292, 6890668.607000233605504 ], [ 437152.515999997965991, 6891742.341000235639513 ], [ 435547.502999997755978, 6894835.547000240534544 ], [ 431927.295999997179024, 6894450.361000233329833 ], [ 430600.780999996990431, 6897516.207000236026943 ], [ 426733.720999996119644, 6895892.157000228762627 ], [ 425743.025999995996244, 6902051.390000231564045 ], [ 421723.214999995019753, 6901049.367000221274793 ], [ 420839.973999994574115, 6895655.202000218443573 ], [ 424031.159999995317776, 6892855.821000225841999 ], [ 420601.02599999436643, 6884704.181000215001404 ], [ 435607.854999997885898, 6881871.840000233612955 ], [ 446771.911999999021646, 6870783.003000231459737 ], [ 434294.970999997458421, 6858049.453000226058066 ], [ 427502.343999996199273, 6859263.009000219404697 ], [ 426090.904999995836988, 6857066.639000219292939 ], [ 418250.703999993624166, 6867525.678000206127763 ], [ 412693.244999991846271, 6869817.113000187091529 ], [ 414710.241999992576893, 6875916.537000196054578 ], [ 409056.612999990640674, 6880785.675000171177089 ], [ 413770.8429999925429, 6887509.394000195898116 ], [ 410640.454999991459772, 6892336.109000181779265 ], [ 413464.113999992317986, 6901262.435000197030604 ], [ 418080.67099999380298, 6902447.695000215433538 ], [ 421768.442999994964339, 6913763.39300022739917 ], [ 415666.67299999325769, 6917312.34100020956248 ], [ 412161.221999992267229, 6916039.043000194244087 ], [ 411349.599999991885852, 6918712.196000189520419 ], [ 421940.385999995109159, 6919388.501000229269266 ], [ 422675.774999995250255, 6917196.689000231213868 ], [ 428581.184999996621627, 6922470.267000239342451 ], [ 440099.167999998608138, 6915765.851000244729221 ], [ 438646.354999998351559, 6908785.546000245027244 ], [ 441801.287999998719897, 6905061.41600024420768 ], [ 446169.469999999040738, 6907882.274000247009099 ], [ 450731.447999999392778, 6904351.728000244125724 ], [ 450467.028999999398366, 6894738.746000241488218 ], [ 448065.603999999235384, 6896087.884000238962471 ], [ 450544.32399999932386, 6893507.959000239148736 ], [ 446758.547999999194872, 6893501.598000240512192 ], [ 444774.033999998879153, 6889891.149000239558518 ], [ 445709.657999998948071, 6882931.777000238187611 ], [ 440714.837999998417217, 6889663.103000238537788 ], [ 437094.213999998057261, 6885285.371000234037638 ] ] ] ] } },
{ "type": "Feature", "properties": { "id": 181, "gml_id": 28022198, "natcode": "178", "namefin": "Juva", "nameswe": "Juva", "landarea": 1163.52, "freshwarea": 182.17, "seawarea": null, "totalarea": 1345.69 }, "geometry": { "type": "MultiPolygon", "coordinates": [ [ [ [ 547859.379000000539236, 6823891.352000216022134 ], [ 546460.76900000043679, 6835848.308000221848488 ], [ 542838.406000000191852, 6839615.065000222064555 ], [ 534405.45900000014808, 6840748.451000222936273 ], [ 522644.229999999981374, 6859215.723000230267644 ], [ 524684.22400000016205, 6867326.259000232443213 ], [ 520597.747000000032131, 6872217.05300023406744 ], [ 521102.674999999930151, 6881517.856000238098204 ], [ 524707.780999999959022, 6877813.781000236980617 ], [ 533505.548000000067987, 6878269.558000236749649 ], [ 541582.970000000204891, 6873070.75600023381412 ], [ 544569.488000000361353, 6876069.459000236354768 ], [ 557700.808000001241453, 6868365.315000232309103 ], [ 559344.140000001527369, 6872164.634000232443213 ], [ 564394.436000002198853, 6870076.615000227466226 ], [ 557239.909000001382083, 6861880.163000228814781 ], [ 561269.207000001799315, 6859660.772000227123499 ], [ 557832.461000001523644, 6854072.750000226311386 ], [ 562702.540000002016313, 6848352.274000222794712 ], [ 562013.655000002007, 6845606.672000222839415 ], [ 558079.618000001413748, 6846251.082000223919749 ], [ 562166.891000001924112, 6843209.650000222027302 ], [ 559415.230000001611188, 6832239.920000217854977 ], [ 551392.101000000722706, 6836202.721000221557915 ], [ 552723.774000000790693, 6830648.960000218823552 ], [ 547859.379000000539236, 6823891.352000216022134 ] ] ] ] } },
{ "type": "Feature", "properties": { "id": 182, "gml_id": 28019856, "natcode": "284", "namefin": "Koski Tl", "nameswe": "Koski Tl", "landarea": 191.5, "freshwarea": 0.92, "seawarea": null, "totalarea": 192.42 }, "geometry": { "type": "MultiPolygon", "coordinates": [ [ [ [ 286367.939004011568613, 6721621.731956353411078 ], [ 279489.250005747075193, 6736716.907941800542176 ], [ 283433.03200480499072, 6735784.010949770919979 ], [ 290626.557003535679542, 6743768.628961066715419 ], [ 295306.359002665616572, 6727167.024968698620796 ], [ 291279.526003175997175, 6721069.615963855758309 ], [ 286367.939004011568613, 6721621.731956353411078 ] ] ], [ [ [ 279550.576005727401935, 6736481.526941960677505 ], [ 277692.951006224437151, 6737029.630937833338976 ], [ 277800.932006197515875, 6737161.924938060343266 ], [ 279550.576005727401935, 6736481.526941960677505 ] ] ] ] } },
{ "type": "Feature", "properties": { "id": 183, "gml_id": 28027501, "natcode": "009", "namefin": "Alavieska", "nameswe": "Alavieska", "landarea": 252.19, "freshwarea": 1.53, "seawarea": null, "totalarea": 253.72 }, "geometry": { "type": "MultiPolygon", "coordinates": [ [ [ [ 382899.505000028701033, 7119849.309999417513609 ], [ 372645.944000082439743, 7116054.773998588323593 ], [ 370425.127000094973482, 7104365.289998385123909 ], [ 360954.968000223161653, 7121470.66099679749459 ], [ 367243.931000136770308, 7123247.088997868821025 ], [ 364294.474000177113339, 7127811.21399737149477 ], [ 368791.009000126039609, 7133254.304998034611344 ], [ 382899.505000028701033, 7119849.309999417513609 ] ] ] ] } },
{ "type": "Feature", "properties": { "id": 184, "gml_id": 28022118, "natcode": "686", "namefin": "Rautalampi", "nameswe": "Rautalampi", "landarea": 538.95, "freshwarea": 223.03, "seawarea": null, "totalarea": 761.98 }, "geometry": { "type": "MultiPolygon", "coordinates": [ [ [ [ 473405.906000000133645, 6933594.764000255614519 ], [ 479386.969000000040978, 6942287.987000254914165 ], [ 471765.145000000076834, 6962221.130000262521207 ], [ 476471.164000000047963, 6965629.40900026448071 ], [ 481370.758000000147149, 6964484.125000262632966 ], [ 483056.072000000160187, 6968826.88800026383251 ], [ 486434.582999999984168, 6967921.577000261284411 ], [ 489955.304, 6962907.059000260196626 ], [ 491950.635999999940395, 6963827.477000262588263 ], [ 495739.647, 6956179.048000260256231 ], [ 495826.072999999974854, 6942288.405000256374478 ], [ 499678.349000000045635, 6941395.264000255614519 ], [ 491093.104000000050291, 6939556.035000254400074 ], [ 495482.576999999932013, 6936164.754000254906714 ], [ 493044.599000000220258, 6934152.33500025421381 ], [ 495156.04500000004191, 6931941.087000254541636 ], [ 487638.622999999963213, 6921438.363000251352787 ], [ 473405.906000000133645, 6933594.764000255614519 ] ] ], [ [ [ 490024.766999999934342, 6963813.213000264018774 ], [ 490008.784999999916181, 6963823.123000261373818 ], [ 490024.73499999998603, 6963823.209000263363123 ], [ 490024.766999999934342, 6963813.213000264018774 ] ] ], [ [ [ 499637.911000000021886, 6939463.59300025459379 ], [ 500521.079000000201631, 6938935.477000253275037 ], [ 499162.374999999941792, 6939118.834000255912542 ], [ 499637.911000000021886, 6939463.59300025459379 ] ] ] ] } },
{ "type": "Feature", "properties": { "id": 185, "gml_id": 28023327, "natcode": "562", "namefin": "Orivesi", "nameswe": "Orivesi", "landarea": 799.75, "freshwarea": 160.33, "seawarea": null, "totalarea": 960.08 }, "geometry": { "type": "MultiPolygon", "coordinates": [ [ [ [ 353977.938000100897625, 6857778.958997434936464 ], [ 363540.495000027876813, 6847661.419998640194535 ], [ 370787.517000001738779, 6844919.424999206326902 ], [ 377251.303999993077014, 6861118.052999530918896 ], [ 385011.117999985464849, 6850500.34299982432276 ], [ 379980.074999988486525, 6851710.508999655023217 ], [ 380243.860999986995012, 6842149.360999673604965 ], [ 386462.798999983991962, 6839646.978999868035316 ], [ 382925.559999984223396, 6832142.776999771595001 ], [ 385063.837999983108602, 6826579.341999836266041 ], [ 387990.359999983222224, 6831152.807999907061458 ], [ 389328.45399998332141, 6827552.063999936915934 ], [ 387200.554999983054586, 6825346.014999890699983 ], [ 380221.665999985183589, 6827896.204999687150121 ], [ 379648.670999984839, 6823439.441999670118093 ], [ 373679.487999991164543, 6822313.435999410226941 ], [ 359126.455000042915344, 6827513.749998259358108 ], [ 357714.081000053556636, 6830878.399998082779348 ], [ 352847.058000092045404, 6829842.434997425414622 ], [ 346042.249000180861913, 6836963.747996143996716 ], [ 345583.680000197433401, 6845897.272995963692665 ], [ 347999.011000172235072, 6856975.793996377848089 ], [ 353977.938000100897625, 6857778.958997434936464 ] ] ] ] } },
{ "type": "Feature", "properties": { "id": 186, "gml_id": 28021055, "natcode": "286", "namefin": "Kouvola", "nameswe": "Kouvola", "landarea": 2558.65, "freshwarea": 324.64, "seawarea": null, "totalarea": 2883.29 }, "geometry": { "type": "MultiPolygon", "coordinates": [ [ [ [ 512322.995, 6772856.065000197850168 ], [ 508250.35999999998603, 6770683.023000197485089 ], [ 507631.866000000038184, 6763970.443000194616616 ], [ 513436.95599999994738, 6759229.396000193431973 ], [ 506555.544000000110827, 6758785.742000191472471 ], [ 511567.200000000186265, 6752118.794000189751387 ], [ 519564.26500000001397, 6749813.658000189810991 ], [ 523282.599999999976717, 6745336.095000186003745 ], [ 515916.386000000056811, 6742996.792000189423561 ], [ 512302.079000000143424, 6736120.306000185199082 ], [ 506789.09799999993993, 6737940.158000184223056 ], [ 504075.380000000062864, 6726305.562000179663301 ], [ 493550.525999999954365, 6722289.161000178195536 ], [ 486493.356000000087079, 6726500.701000179164112 ], [ 486996.618000000074971, 6715524.633000176399946 ], [ 480814.039999999920838, 6724118.686000179499388 ], [ 474886.711000000010245, 6715538.613000175915658 ], [ 470378.370999999984633, 6722709.820000179111958 ], [ 464312.69299999991199, 6725246.074000178836286 ], [ 461712.679999999934807, 6733022.501000182703137 ], [ 467154.548999999940861, 6738367.895000184886158 ], [ 466331.823999999964144, 6741511.910000186413527 ], [ 473441.096000000194181, 6745133.436000186949968 ], [ 470884.000000000116415, 6749225.094000189565122 ], [ 475300.042999999946915, 6749934.250000189989805 ], [ 473201.283999999926891, 6763979.851000194437802 ], [ 460305.90099999983795, 6764308.610000195913017 ], [ 462858.502999999851454, 6774862.660000200383365 ], [ 458825.643999999796506, 6777491.652000200934708 ], [ 460749.753999999957159, 6781163.187000200152397 ], [ 466960.136999999929685, 6783898.546000203117728 ], [ 470182.483999999938533, 6792189.205000204965472 ], [ 480126.493999999947846, 6795433.211000207811594 ], [ 481801.401000000012573, 6785877.968000203371048 ], [ 493633.327000000164844, 6794561.122000205330551 ], [ 495275.032000000064727, 6783192.165000200271606 ], [ 501677.656000000075437, 6779725.218000202439725 ], [ 511075.037000000011176, 6780901.79500020109117 ], [ 509524.512999999918975, 6774712.099000200629234 ], [ 512322.995, 6772856.065000197850168 ] ] ] ] } },
{ "type": "Feature", "properties": { "id": 187, "gml_id": 28025582, "natcode": "749", "namefin": "Siilinjärvi", "nameswe": "Siilinjärvi", "landarea": 401.02, "freshwarea": 106.79, "seawarea": null, "totalarea": 507.81 }, "geometry": { "type": "MultiPolygon", "coordinates": [ [ [ [ 535150.420000000158325, 7013637.242000275291502 ], [ 541092.146000000298955, 7008877.21500027552247 ], [ 540518.214000000269152, 7002507.199000271037221 ], [ 544756.313000000314787, 6995055.214000269770622 ], [ 540239.067000000388362, 6990912.271000269800425 ], [ 548071.021000000531785, 6986305.977000268176198 ], [ 546110.236000000499189, 6983863.155000266619027 ], [ 541746.391000000177883, 6985127.123000267893076 ], [ 542207.846000000252388, 6980499.89700026717037 ], [ 539897.427000000141561, 6983247.484000267460942 ], [ 523891.528, 6983111.419000265188515 ], [ 517080.935000000055879, 6992028.078000270761549 ], [ 525295.008999999961816, 6994555.088000272400677 ], [ 523785.461999999941327, 7003599.317000273615122 ], [ 531819.310000000172295, 7006011.197000270709395 ], [ 530901.753000000142492, 7010756.201000274159014 ], [ 535150.420000000158325, 7013637.242000275291502 ] ] ] ] } },
{ "type": "Feature", "properties": { "id": 188, "gml_id": 28026155, "natcode": "751", "namefin": "Simo", "nameswe": "Simo", "landarea": 1445.7, "freshwarea": 20.8, "seawarea": 618.99, "totalarea": 2085.49 }, "geometry": { "type": "MultiPolygon", "coordinates": [ [ [ [ 382862.490000066696666, 7261658.245999056845903 ], [ 400439.839000010862947, 7294076.889999949373305 ], [ 404401.367000005731825, 7293481.286000052466989 ], [ 407080.81900000362657, 7301988.682000102475286 ], [ 419297.56699999893317, 7312996.177000247873366 ], [ 429881.545999998692423, 7330576.36800029873848 ], [ 434263.849999998696148, 7333631.003000306896865 ], [ 444094.816999999282416, 7330386.502000318840146 ], [ 447684.230999999446794, 7322077.929000317119062 ], [ 439885.679999999178108, 7308498.831000314094126 ], [ 451429.650999999721535, 7295129.029000319540501 ], [ 444538.767999999341555, 7291543.363000316545367 ], [ 426229.735999998112675, 7291994.74800028745085 ], [ 388320.763000036706217, 7252065.845999478362501 ], [ 367320.322000226937234, 7244045.427997046150267 ], [ 367343.655000230995938, 7249044.45999700948596 ], [ 382862.490000066696666, 7261658.245999056845903 ] ] ] ] } },
{ "type": "Feature", "properties": { "id": 189, "gml_id": 28023573, "natcode": "143", "namefin": "Ikaalinen", "nameswe": "Ikalis", "landarea": 750.48, "freshwarea": 92.92, "seawarea": null, "totalarea": 843.4 }, "geometry": { "type": "MultiPolygon", "coordinates": [ [ [ [ 276267.698009954823647, 6871570.626911890693009 ], [ 280543.179008430568501, 6876588.109923697076738 ], [ 285540.195006794237997, 6877032.108936544507742 ], [ 285087.319006878242362, 6874521.185935823246837 ], [ 287870.596006137959193, 6877634.652941807173193 ], [ 288135.293005944578908, 6871074.119943236000836 ], [ 291001.564005203079432, 6869897.937949270009995 ], [ 292658.724004871910438, 6873168.482952071353793 ], [ 297508.737003898015246, 6874346.627960290759802 ], [ 297717.892003789893351, 6868657.583961123600602 ], [ 306184.90600250265561, 6868744.271972472779453 ], [ 306526.779002503550146, 6874055.905972534790635 ], [ 313466.111001720593777, 6869816.420979764312506 ], [ 313272.689001710852608, 6865204.301979803480208 ], [ 320723.406001124123577, 6862841.503985573537648 ], [ 320599.576001115143299, 6858758.445985625497997 ], [ 311293.967001855839044, 6858349.963978338986635 ], [ 305234.974002478178591, 6851424.752972457557917 ], [ 302583.750002842920367, 6852852.002969180233777 ], [ 298362.964003446220886, 6848689.431963779963553 ], [ 294470.303004168206826, 6850346.872957579791546 ], [ 290205.675005004159175, 6845736.343950459733605 ], [ 283831.162006699829362, 6847779.754936666227877 ], [ 279058.358008172130212, 6845083.294924954883754 ], [ 271788.801011286559515, 6851214.378901291638613 ], [ 277644.238008918240666, 6854132.245919384993613 ], [ 280182.12300814955961, 6860139.343925495631993 ], [ 275792.774009986547753, 6865943.374911506660283 ], [ 278572.568008909176569, 6866949.81691977288574 ], [ 276267.698009954823647, 6871570.626911890693009 ] ] ], [ [ [ 284488.161007118178532, 6877155.883933974429965 ], [ 283109.305007561808452, 6877249.708930481225252 ], [ 282711.987007694318891, 6877281.389929444529116 ], [ 283388.019007518538274, 6879354.706930870190263 ], [ 284488.161007118178532, 6877155.883933974429965 ] ] ] ] } },
{ "type": "Feature", "properties": { "id": 190, "gml_id": 28023976, "natcode": "151", "namefin": "Isojoki", "nameswe": "Storå", "landarea": 642.37, "freshwarea": 5.06, "seawarea": null, "totalarea": 647.43 }, "geometry": { "type": "MultiPolygon", "coordinates": [ [ [ [ 234560.256054997618776, 6917837.881613570265472 ], [ 248728.274031725595705, 6900520.056760882027447 ], [ 249538.893030320265098, 6894974.540769926272333 ], [ 244585.65503549418645, 6887072.980735529214144 ], [ 236801.933046090882272, 6882124.137667182832956 ], [ 219279.874084878596477, 6890304.409431144595146 ], [ 220952.133083091932349, 6902377.429442707449198 ], [ 224301.671074631158262, 6903287.938493156805634 ], [ 223056.537078545894474, 6906966.419470057822764 ], [ 231256.322060363308992, 6910737.188580085523427 ], [ 234560.256054997618776, 6917837.881613570265472 ] ] ] ] } },
{ "type": "Feature", "properties": { "id": 191, "gml_id": 28022223, "natcode": "915", "namefin": "Varkaus", "nameswe": "Varkaus", "landarea": 385.57, "freshwarea": 138.91, "seawarea": null, "totalarea": 524.48 }, "geometry": { "type": "MultiPolygon", "coordinates": [ [ [ [ 578274.2610000052955, 6897539.476000220514834 ], [ 567815.591000002808869, 6900724.033000238239765 ], [ 563758.347000002046116, 6898243.01200023945421 ], [ 554199.723000001045875, 6900446.553000242449343 ], [ 546268.241000000503846, 6906808.407000243663788 ], [ 543234.046000000322238, 6905450.446000246331096 ], [ 538366.594000000506639, 6910397.706000247038901 ], [ 539224.001000000280328, 6915334.273000246845186 ], [ 543287.095000000321306, 6913707.17300024908036 ], [ 547197.076000000350177, 6916903.132000249810517 ], [ 555057.93600000126753, 6906337.271000243723392 ], [ 561593.244000001694076, 6914087.177000245079398 ], [ 572360.45700000366196, 6914769.547000236809254 ], [ 585905.795000007376075, 6901046.669000199995935 ], [ 586161.654000007547438, 6893979.978000197559595 ], [ 584253.633000007132068, 6890939.409000203944743 ], [ 578274.2610000052955, 6897539.476000220514834 ] ], [ [ 556893.614000001223758, 6900909.499000241979957 ], [ 556670.88200000138022, 6900876.491000243462622 ], [ 556611.432000001310371, 6901001.565000242553651 ], [ 556893.614000001223758, 6900909.499000241979957 ] ], [ [ 558127.316000001272187, 6901114.510000242851675 ], [ 557860.565000001224689, 6900882.902000240981579 ], [ 557354.959000001312234, 6901067.02100024279207 ], [ 557575.941000001272187, 6901173.582000243477523 ], [ 558029.155000001424924, 6901240.359000244177878 ], [ 558127.316000001272187, 6901114.510000242851675 ] ] ], [ [ [ 557839.526000001234934, 6901183.183000241406262 ], [ 557809.090000001480803, 6901174.736000240780413 ], [ 557802.767000001273118, 6901189.741000243462622 ], [ 557839.526000001234934, 6901183.183000241406262 ] ] ], [ [ [ 558018.534000001382083, 6901054.134000240825117 ], [ 557921.413000001339242, 6901024.174000238999724 ], [ 557872.495000001392327, 6901094.365000242367387 ], [ 558018.534000001382083, 6901054.134000240825117 ] ] ] ] } },
{ "type": "Feature", "properties": { "id": 192, "gml_id": 28019971, "natcode": "423", "namefin": "Lieto", "nameswe": "Lundo", "landarea": 300.53, "freshwarea": 2.02, "seawarea": null, "totalarea": 302.55 }, "geometry": { "type": "MultiPolygon", "coordinates": [ [ [ [ 251038.068018012942048, 6731421.608847396448255 ], [ 254539.368015724496217, 6730559.366864058189094 ], [ 252771.279016483575106, 6723487.742858173325658 ], [ 257019.551013958203839, 6722629.398876836523414 ], [ 257911.660013669141335, 6727362.360879194922745 ], [ 263938.375010856194422, 6730398.526900697499514 ], [ 273291.590007329767104, 6728645.780928523279727 ], [ 270007.357008321792819, 6724879.303920407779515 ], [ 271037.404007772449404, 6716717.639924567192793 ], [ 263670.702010644017719, 6720195.352901971898973 ], [ 246898.851019779685885, 6710052.50983362365514 ], [ 244825.791021682409337, 6715370.309820314869285 ], [ 251038.068018012942048, 6731421.608847396448255 ] ], [ [ 257718.182013687444851, 6725243.980878970585763 ], [ 258880.342013054556446, 6724644.910883708857 ], [ 258367.067013296094956, 6724021.726881863549352 ], [ 257718.182013687444851, 6725243.980878970585763 ] ] ], [ [ [ 251887.026016434334451, 6710854.774857961572707 ], [ 252090.491016339190537, 6711523.373858689330518 ], [ 252201.797016266034916, 6711439.672859223559499 ], [ 251887.026016434334451, 6710854.774857961572707 ] ] ] ] } },
{ "type": "Feature", "properties": { "id": 193, "gml_id": 28025244, "natcode": "849", "namefin": "Toholampi", "nameswe": "Toholampi", "landarea": 609.14, "freshwarea": 8.08, "seawarea": null, "totalarea": 617.22 }, "geometry": { "type": "MultiPolygon", "coordinates": [ [ [ [ 371310.407000064733438, 7051260.917998692952096 ], [ 367615.541000094381161, 7055326.943998272530735 ], [ 363417.152000135625713, 7054469.744997705332935 ], [ 362726.709000147879124, 7060696.423997556790709 ], [ 351298.864000368630514, 7073363.561994948424399 ], [ 351777.655000365222804, 7079374.111995010636747 ], [ 357466.44400024972856, 7086120.600996369495988 ], [ 361931.723000178579241, 7087340.055997245013714 ], [ 373373.218000063498039, 7081763.975998789072037 ], [ 381913.213000019663014, 7060595.268999471329153 ], [ 377545.757000034675002, 7059452.846999199129641 ], [ 378522.306000030250289, 7056607.354999273084104 ], [ 371310.407000064733438, 7051260.917998692952096 ] ], [ [ 378948.690000030735973, 7065568.71999927982688 ], [ 377491.649000036879443, 7066615.618999175727367 ], [ 377733.312000036065001, 7067378.703999191522598 ], [ 377964.477000035170931, 7067514.089999209158123 ], [ 378948.690000030735973, 7065568.71999927982688 ] ], [ [ 379387.104000028921291, 7064648.014999309554696 ], [ 378613.145000031741802, 7064592.243999259546399 ], [ 378711.259000031626783, 7065405.390999265015125 ], [ 379387.104000028921291, 7064648.014999309554696 ] ] ] ] } },
{ "type": "Feature", "properties": { "id": 194, "gml_id": 28023442, "natcode": "181", "namefin": "Jämijärvi", "nameswe": "Jämijärvi", "landarea": 215.07, "freshwarea": 9.54, "seawarea": null, "totalarea": 224.61 }, "geometry": { "type": "MultiPolygon", "coordinates": [ [ [ [ 271747.796012178412639, 6876503.156895358115435 ], [ 278572.568008909176569, 6866949.81691977288574 ], [ 276268.010009751655161, 6864631.833913259208202 ], [ 280289.516008124337532, 6860650.003925704397261 ], [ 273953.067010353261139, 6852257.370908359065652 ], [ 265239.556015091133304, 6860206.000873560085893 ], [ 264211.437016218318604, 6871049.151865803636611 ], [ 271747.796012178412639, 6876503.156895358115435 ] ] ] ] } },
{ "type": "Feature", "properties": { "id": 195, "gml_id": 28018609, "natcode": "035", "namefin": "Brändö", "nameswe": "Brändö", "landarea": 108.28, "freshwarea": 0.24, "seawarea": 1534.76, "totalarea": 1643.28 }, "geometry": { "type": "MultiPolygon", "coordinates": [ [ [ [ 168214.520222206658218, 6680237.596627864986658 ], [ 161907.247267386876047, 6685448.187385982833803 ], [ 162720.354269524395932, 6696983.509377405047417 ], [ 168498.253235419222619, 6705447.523561830632389 ], [ 166936.468248517427128, 6709814.577492433600128 ], [ 159345.370306270197034, 6711369.003187234513462 ], [ 156256.46933880931465, 6718700.769019910134375 ], [ 141619.126499457575846, 6722542.656208841130137 ], [ 143329.356502595590428, 6741792.778199878521264 ], [ 130490.069725232257042, 6759966.309129395522177 ], [ 140852.987571380857844, 6767208.245871307328343 ], [ 158291.350346635910682, 6748278.864987377077341 ], [ 171234.45124264084734, 6745918.459531648084521 ], [ 179054.524185325368308, 6726682.219839147292078 ], [ 172356.227202509762719, 6688592.105737252160907 ], [ 168214.520222206658218, 6680237.596627864986658 ] ], [ [ 168428.665236037224531, 6705720.372558560222387 ], [ 168442.380235962977167, 6705744.429558964446187 ], [ 168458.096235836856067, 6705704.866559634916484 ], [ 168428.665236037224531, 6705720.372558560222387 ] ], [ [ 162712.442269312217832, 6696597.229378441348672 ], [ 162736.055269150121603, 6696610.888379304669797 ], [ 162723.320269213523716, 6696569.203378957696259 ], [ 162712.442269312217832, 6696597.229378441348672 ] ], [ [ 162731.482268923486117, 6696238.216380420140922 ], [ 162773.611268563603517, 6696159.668382315896451 ], [ 162729.195268863346428, 6696128.125380715355277 ], [ 162731.482268923486117, 6696238.216380420140922 ] ] ], [ [ [ 167378.365244301094208, 6707881.434514603577554 ], [ 167409.495244110468775, 6707908.714515633881092 ], [ 167439.060243847372476, 6707805.085517023690045 ], [ 167378.365244301094208, 6707881.434514603577554 ] ] ] ] } },
{ "type": "Feature", "properties": { "id": 196, "gml_id": 28023936, "natcode": "287", "namefin": "Kristiinankaupunki", "nameswe": "Kristinestad", "landarea": 683.21, "freshwarea": 14.54, "seawarea": 981.42, "totalarea": 1679.17 }, "geometry": { "type": "MultiPolygon", "coordinates": [ [ [ [ 220077.099082171742339, 6887919.970446986146271 ], [ 208432.071118982566986, 6887784.273233104497194 ], [ 200249.327150253462605, 6881206.405056394636631 ], [ 176308.585300979437307, 6880854.954252313822508 ], [ 174061.103348887350876, 6912685.70201369933784 ], [ 196226.738185514463112, 6914505.836867145262659 ], [ 218977.094096441927832, 6933299.883366989903152 ], [ 216976.293101498216856, 6928462.478337295353413 ], [ 225167.371077006857377, 6925052.694480586796999 ], [ 223586.714078813733067, 6914542.364469045773149 ], [ 227107.297069994616322, 6913804.468521781265736 ], [ 228071.129067032597959, 6909811.776539395563304 ], [ 222606.082079589075875, 6906388.02346380520612 ], [ 223708.692075735540129, 6901517.609486410394311 ], [ 220952.133083091932349, 6902377.429442707449198 ], [ 220077.099082171742339, 6887919.970446986146271 ] ] ] ] } },
{ "type": "Feature", "properties": { "id": 197, "gml_id": 28024031, "natcode": "598", "namefin": "Pietarsaari", "nameswe": "Jakobstad", "landarea": 88.38, "freshwarea": 3.43, "seawarea": 304.39, "totalarea": 396.2 }, "geometry": { "type": "MultiPolygon", "coordinates": [ [ [ [ 278927.843015577411279, 7061355.488875546492636 ], [ 252487.637046008574544, 7080001.357677422463894 ], [ 258908.961037054948974, 7087671.156733926385641 ], [ 293114.937008626409806, 7067572.657925904728472 ], [ 292906.896008599724155, 7063456.831926039420068 ], [ 288947.94001034431858, 7066882.22491315100342 ], [ 278927.843015577411279, 7061355.488875546492636 ] ] ], [ [ [ 283302.12201364239445, 7078473.0678895637393 ], [ 282165.66201428102795, 7077737.856885025277734 ], [ 282463.869014145224355, 7078749.901886006817222 ], [ 283302.12201364239445, 7078473.0678895637393 ] ] ] ] } },
{ "type": "Feature", "properties": { "id": 198, "gml_id": 28027896, "natcode": "758", "namefin": "Sodankylä", "nameswe": "Sodankylä", "landarea": 11704.04, "freshwarea": 711.32, "seawarea": null, "totalarea": 12415.36 }, "geometry": { "type": "MultiPolygon", "coordinates": [ [ [ [ 568226.800000000046566, 7565660.700000279583037 ], [ 534095.103000000119209, 7503940.531000323593616 ], [ 516954.713999999978114, 7495299.080000323243439 ], [ 509513.785999999963678, 7478811.97800032235682 ], [ 510853.321999999927357, 7471890.308000325225294 ], [ 503763.118000000074971, 7469031.515000321902335 ], [ 498612.629000000073574, 7447447.748000324703753 ], [ 500506.347, 7446350.978000325150788 ], [ 498506.943000000028405, 7447327.103000323288143 ], [ 490879.889000000082888, 7438648.928000327199697 ], [ 490234.686999999918044, 7436732.563000324182212 ], [ 491899.865000000107102, 7434694.957000324502587 ], [ 491481.728000000061002, 7434252.527000322937965 ], [ 489595.754000000015367, 7437233.431000323966146 ], [ 478933.385, 7425099.020000323653221 ], [ 474052.592000000062399, 7426032.877000324428082 ], [ 452469.738999999652151, 7445168.699000324122608 ], [ 442375.083999999333173, 7446880.740000315010548 ], [ 441904.732999999367166, 7443241.659000317566097 ], [ 439783.760999999300111, 7447292.233000312931836 ], [ 428510.970999999437481, 7449194.171000286005437 ], [ 434799.406999999366235, 7466042.471000303514302 ], [ 446932.895999999716878, 7480310.392000319436193 ], [ 446198.070999999588821, 7492284.327000319957733 ], [ 458416.366999999911059, 7536373.951000320725143 ], [ 453316.268999999738298, 7554161.029000316746533 ], [ 457685.758999999961816, 7574160.881000315770507 ], [ 466815.733, 7578112.381000316701829 ], [ 520679.44700000010198, 7581259.141000316478312 ], [ 551793.382000000332482, 7594867.065000313334167 ], [ 560577.549000000231899, 7595568.968000298365951 ], [ 568226.800000000046566, 7565660.700000279583037 ] ] ] ] } },
{ "type": "Feature", "properties": { "id": 199, "gml_id": 28023799, "natcode": "604", "namefin": "Pirkkala", "nameswe": "Birkala", "landarea": 81.42, "freshwarea": 22.55, "seawarea": null, "totalarea": 103.97 }, "geometry": { "type": "MultiPolygon", "coordinates": [ [ [ [ 311934.627001522807404, 6812066.55698100104928 ], [ 316050.077001248602755, 6819868.9379838462919 ], [ 325656.919000712921843, 6821088.744989543221891 ], [ 326191.567000673094299, 6815267.873989934101701 ], [ 318052.532001084124204, 6812526.436985464766622 ], [ 315480.729001231491566, 6807577.388983882963657 ], [ 311934.627001522807404, 6812066.55698100104928 ] ] ] ] } },
{ "type": "Feature", "properties": { "id": 200, "gml_id": 28026336, "natcode": "494", "namefin": "Muhos", "nameswe": "Muhos", "landarea": 784.61, "freshwarea": 13.54, "seawarea": null, "totalarea": 798.15 }, "geometry": { "type": "MultiPolygon", "coordinates": [ [ [ [ 440834.493999998958316, 7196668.055000307038426 ], [ 444894.901999999186955, 7196609.98200030811131 ], [ 452514.717999999527819, 7203826.126000311225653 ], [ 449922.609999999462161, 7203902.174000310711563 ], [ 450910.943999999726657, 7206606.283000309951603 ], [ 455212.024999999732245, 7206321.527000311762094 ], [ 456536.265999999828637, 7202678.805000312626362 ], [ 461758.818999999843072, 7203136.159000311046839 ], [ 465608.496999999915715, 7198169.996000312268734 ], [ 463264.563000000023749, 7195279.723000310361385 ], [ 473687.660999999905471, 7189156.27100030798465 ], [ 470216.606999999959953, 7185639.943000311031938 ], [ 464841.680999999924097, 7188947.466000312007964 ], [ 463264.563000000023749, 7195279.723000310361385 ], [ 461365.021999999880791, 7197437.859000310301781 ], [ 459312.282999999821186, 7195356.8850003099069 ], [ 462810.055999999924097, 7194848.883000310510397 ], [ 464284.596000000077765, 7186788.438000308349729 ], [ 461686.823999999847729, 7191417.270000307820737 ], [ 461226.594999999797437, 7188410.597000310197473 ], [ 470786.788, 7170620.528000306338072 ], [ 469489.989999999874271, 7167397.191000306047499 ], [ 468293.702999999921303, 7169893.212000308558345 ], [ 466179.824000000022352, 7170654.142000307328999 ], [ 465733.756999999983236, 7168650.020000306889415 ], [ 463047.385999999940395, 7169362.018000306561589 ], [ 462780.741999999852851, 7168758.54000030644238 ], [ 468115.264000000082888, 7162515.807000305503607 ], [ 473944.152000000118278, 7166435.129000305198133 ], [ 473272.396999999938998, 7162238.139000307768583 ], [ 476290.3629999999539, 7162663.670000303536654 ], [ 465921.866999999911059, 7150589.585000302642584 ], [ 460177.575999999884516, 7163264.791000306606293 ], [ 450146.72499999939464, 7171080.342000305652618 ], [ 452067.557999999553431, 7177393.721000308170915 ], [ 443330.646999999065883, 7186853.673000304959714 ], [ 447198.762999999220483, 7185761.643000308424234 ], [ 440834.493999998958316, 7196668.055000307038426 ] ], [ [ 462355.919, 7183799.560000308789313 ], [ 461335.436999999976251, 7184560.34800030849874 ], [ 461512.894999999902211, 7184667.975000306963921 ], [ 462355.919, 7183799.560000308789313 ] ], [ [ 462535.995999999926426, 7169390.006000307388604 ], [ 461176.156000000075437, 7169576.675000307150185 ], [ 462268.159999999857973, 7170847.777000306174159 ], [ 462535.995999999926426, 7169390.006000307388604 ] ] ], [ [ [ 466681.867999999900348, 7167033.807000308297575 ], [ 466389.254999999888241, 7166433.708000305108726 ], [ 465822.261000000056811, 7167329.070000309497118 ], [ 466681.867999999900348, 7167033.807000308297575 ] ] ], [ [ [ 460732.897, 7160177.109000304713845 ], [ 460401.652, 7160405.497000304982066 ], [ 460765.456999999820255, 7160219.419000304304063 ], [ 460732.897, 7160177.109000304713845 ] ] ], [ [ [ 487548.922000000078697, 7188272.097000310197473 ], [ 487528.685999999986961, 7188312.208000308834016 ], [ 487563.017999999981839, 7188293.031000308692455 ], [ 487548.922000000078697, 7188272.097000310197473 ] ] ] ] } },
{ "type": "Feature", "properties": { "id": 201, "gml_id": 28023956, "natcode": "232", "namefin": "Kauhajoki", "nameswe": "Kauhajoki", "landarea": 1299.01, "freshwarea": 16.52, "seawarea": null, "totalarea": 1315.53 }, "geometry": { "type": "MultiPolygon", "coordinates": [ [ [ [ 273716.601012589992024, 6915336.616893386468291 ], [ 271595.655013780575246, 6916623.957884746603668 ], [ 267353.550015829503536, 6905639.51986968703568 ], [ 263397.611018446332309, 6904604.440851129591465 ], [ 255859.267023934022291, 6894485.532812832854688 ], [ 249538.893030320265098, 6894974.540769926272333 ], [ 248728.274031725595705, 6900520.056760882027447 ], [ 237858.422048318083398, 6912305.975654873996973 ], [ 234319.031055930012371, 6920908.978607996366918 ], [ 243283.455043713736814, 6944773.556685641407967 ], [ 257278.521026008907938, 6942516.144800637848675 ], [ 261265.587022028747015, 6937625.419827430509031 ], [ 272250.402014119550586, 6934073.153882773593068 ], [ 274944.628012409317307, 6927638.620895034633577 ], [ 273716.601012589992024, 6915336.616893386468291 ] ] ], [ [ [ 263177.364020521752536, 6938706.29283782094717 ], [ 263983.97801989573054, 6938854.034842153079808 ], [ 264118.543019768665545, 6938450.033843020908535 ], [ 263177.364020521752536, 6938706.29283782094717 ] ] ] ] } },
{ "type": "Feature", "properties": { "id": 202, "gml_id": 28026828, "natcode": "069", "namefin": "Haapajärvi", "nameswe": "Haapajärvi", "landarea": 766.46, "freshwarea": 22.87, "seawarea": null, "totalarea": 789.33 }, "geometry": { "type": "MultiPolygon", "coordinates": [ [ [ [ 416321.614999995566905, 7091791.595000237226486 ], [ 416455.319999995466787, 7091976.01200023945421 ], [ 416502.711999995459337, 7091839.733000237494707 ], [ 416321.614999995566905, 7091791.595000237226486 ] ] ], [ [ [ 416684.105999995721504, 7091866.989000239409506 ], [ 416739.162999995518476, 7091368.3390002399683 ], [ 416575.15599999553524, 7091589.842000240460038 ], [ 416684.105999995721504, 7091866.989000239409506 ] ] ], [ [ [ 406953.315999994927552, 7078165.665000163950026 ], [ 406723.50599999492988, 7078101.618000163696706 ], [ 406819.179999994870741, 7078261.984000163152814 ], [ 406953.315999994927552, 7078165.665000163950026 ] ] ], [ [ [ 402330.885999995574821, 7077805.690000103786588 ], [ 403209.838999995321501, 7078738.269000118598342 ], [ 403658.122999995248392, 7077210.211000124923885 ], [ 402330.885999995574821, 7077805.690000103786588 ] ] ], [ [ [ 406946.90399999479996, 7077387.194000164046884 ], [ 406257.099999994738027, 7077285.905000157654285 ], [ 406605.43299999483861, 7077889.912000158801675 ], [ 406946.90399999479996, 7077387.194000164046884 ] ] ], [ [ [ 407191.023999994795304, 7077427.342000166885555 ], [ 407226.739999994810205, 7077664.494000167585909 ], [ 407310.901999994763173, 7077625.721000167541206 ], [ 407191.023999994795304, 7077427.342000166885555 ] ] ], [ [ [ 406461.291999994777143, 7077187.607000160031021 ], [ 406540.30999999481719, 7077102.433000162243843 ], [ 406414.384999995003454, 7077184.01000015810132 ], [ 406461.291999994777143, 7077187.607000160031021 ] ] ], [ [ [ 404636.192999994731508, 7066662.826000139117241 ], [ 403966.181999994732905, 7068581.189000129699707 ], [ 405577.832999994512647, 7067691.095000149682164 ], [ 404636.192999994731508, 7066662.826000139117241 ] ] ], [ [ [ 415019.831999995512888, 7090620.610000228509307 ], [ 431776.63299999764422, 7088599.140000281855464 ], [ 434376.057999997981824, 7076510.06600028090179 ], [ 428750.954999997164123, 7058267.187000270932913 ], [ 417998.279999995254911, 7051438.60700024291873 ], [ 412321.576999994402286, 7055698.71500021032989 ], [ 413854.07299999485258, 7056709.494000220671296 ], [ 408621.692999994382262, 7064557.79800018388778 ], [ 410033.446999994397629, 7064919.042000195011497 ], [ 408742.099999994272366, 7065701.829000181518495 ], [ 409591.109999994456302, 7066980.790000189095736 ], [ 409660.072999994561542, 7067595.764000192284584 ], [ 409472.778999994508922, 7068565.405000189319253 ], [ 408643.760999994468875, 7069475.332000182941556 ], [ 408252.134999994421378, 7066087.420000177808106 ], [ 406387.545999994617887, 7071758.781000160612166 ], [ 405349.818999994546175, 7068795.94500014744699 ], [ 399154.279999996244442, 7071603.042000052519143 ], [ 400291.868999996222556, 7077955.017000071704388 ], [ 402630.84799999545794, 7079703.481000108644366 ], [ 400866.945999995805323, 7073774.65000008046627 ], [ 405022.437999994959682, 7076854.284000142477453 ], [ 408457.58399999467656, 7072019.47200017888099 ], [ 410496.983999994641636, 7075102.166000198572874 ], [ 407364.324999994598329, 7073595.675000168383121 ], [ 409055.998999994772021, 7078580.611000186763704 ], [ 405937.90699999500066, 7079142.823000152595341 ], [ 404604.531999995233491, 7081756.333000135608017 ], [ 409072.496999994735233, 7078605.931000185199082 ], [ 414213.274999995250255, 7084367.630000226199627 ], [ 415019.831999995512888, 7090620.610000228509307 ] ], [ [ 404692.971999994944781, 7074409.913000138476491 ], [ 404034.217999994871207, 7070882.136000131256878 ], [ 403479.644999995129183, 7072899.507000123150647 ], [ 404692.971999994944781, 7074409.913000138476491 ] ], [ [ 417581.223999995272607, 7053873.77200024202466 ], [ 418282.843999995384365, 7056119.615000244230032 ], [ 418485.791999995301012, 7054001.707000243477523 ], [ 417581.223999995272607, 7053873.77200024202466 ] ] ] ] } },
{ "type": "Feature", "properties": { "id": 203, "gml_id": 28024001, "natcode": "079", "namefin": "Harjavalta", "nameswe": "Harjavalta", "landarea": 123.48, "freshwarea": 4.26, "seawarea": null, "totalarea": 127.74 }, "geometry": { "type": "MultiPolygon", "coordinates": [ [ [ [ 235289.951038978586439, 6802798.567708136513829 ], [ 232617.285043368407059, 6807931.557680008001626 ], [ 238975.168034950533183, 6810055.048734991811216 ], [ 236183.252038739155978, 6811797.215710242278874 ], [ 242615.492031559435418, 6819904.236758031882346 ], [ 247259.045026006962871, 6810958.770795047283173 ], [ 244226.716028412804008, 6803166.42277830094099 ], [ 235289.951038978586439, 6802798.567708136513829 ] ] ] ] } },
{ "type": "Feature", "properties": { "id": 204, "gml_id": 28020819, "natcode": "106", "namefin": "Hyvinkää", "nameswe": "Hyvinge", "landarea": 322.71, "freshwarea": 14.06, "seawarea": null, "totalarea": 336.77 }, "geometry": { "type": "MultiPolygon", "coordinates": [ [ [ [ 392888.154999978549313, 6717249.589000006206334 ], [ 384018.351999973587226, 6717062.772999852895737 ], [ 379166.295999971742276, 6712317.585999731905758 ], [ 376652.382999972323887, 6719106.811999646015465 ], [ 371690.955999972531572, 6710280.180999458767474 ], [ 366879.952999980188906, 6724828.49999918602407 ], [ 369728.765999977418687, 6728123.904999340884387 ], [ 376423.918999973218888, 6725649.76799963414669 ], [ 392674.161999978707172, 6729306.240000003948808 ], [ 396830.393999981402885, 6726575.163000052794814 ], [ 392888.154999978549313, 6717249.589000006206334 ] ] ] ] } },
{ "type": "Feature", "properties": { "id": 205, "gml_id": 28025762, "natcode": "422", "namefin": "Lieksa", "nameswe": "Lieksa", "landarea": 3417.74, "freshwarea": 649.96, "seawarea": null, "totalarea": 4067.7 }, "geometry": { "type": "MultiPolygon", "coordinates": [ [ [ [ 646600.399999681860209, 7073377.199995524249971 ], [ 673586.399998469045386, 7042313.499983136542141 ], [ 696768.699995149741881, 7031240.499954651109874 ], [ 713128.299990317667834, 7014370.899917090311646 ], [ 699577.230994806741364, 7010395.437951613217592 ], [ 670214.745998944970779, 6989861.782987326383591 ], [ 663795.504999269847758, 6994446.556990659795702 ], [ 650852.468999690609053, 6994189.949995305389166 ], [ 649304.273999727098271, 6991016.337995734065771 ], [ 644746.744999802089296, 6996142.214996690861881 ], [ 639223.850999875110574, 6994881.731997658498585 ], [ 630851.828999937162735, 7011798.931998621672392 ], [ 632038.827999927569181, 7015479.34399848151952 ], [ 628915.043999947258271, 7016435.717998794279993 ], [ 628947.942999943858013, 7024433.723998762667179 ], [ 623462.209999969811179, 7026722.969999203458428 ], [ 628025.215999944950454, 7036424.152998807840049 ], [ 623984.104999961447902, 7049030.141999110579491 ], [ 631243.259999910835177, 7064196.844998367130756 ], [ 646600.399999681860209, 7073377.199995524249971 ] ] ] ] } },
{ "type": "Feature", "properties": { "id": 206, "gml_id": 28021311, "natcode": "781", "namefin": "Sysmä", "nameswe": "Sysmä", "landarea": 666.69, "freshwarea": 269.38, "seawarea": null, "totalarea": 936.07 }, "geometry": { "type": "MultiPolygon", "coordinates": [ [ [ [ 430659.472999996854924, 6843507.212000217288733 ], [ 435743.156999997794628, 6835908.319000218994915 ], [ 440827.618999998492654, 6834521.882000220008194 ], [ 439342.65399999829242, 6827387.981000217609107 ], [ 443435.380999998713378, 6828265.231000215746462 ], [ 441359.998999998671934, 6826192.352000216953456 ], [ 444814.71899999876041, 6823663.430000215768814 ], [ 439418.583999998285435, 6816055.265000211074948 ], [ 445367.864999998884741, 6811212.990000211633742 ], [ 447553.474999999045394, 6812614.62500021327287 ], [ 449373.913999999524094, 6816396.364000214263797 ], [ 451539.06399999948917, 6811077.390000212006271 ], [ 456643.88499999960186, 6809349.04200021084398 ], [ 454641.313999999605585, 6805644.725000211037695 ], [ 441390.317999998806044, 6804938.691000208258629 ], [ 436529.930999997770414, 6797962.434000204317272 ], [ 432732.950999997206964, 6804050.662000206299126 ], [ 422133.796999994665384, 6800320.820000195875764 ], [ 416789.251999992644414, 6818020.264000187627971 ], [ 420678.768999994266778, 6839096.004000201821327 ], [ 426355.356999995710794, 6839397.129000212997198 ], [ 430659.472999996854924, 6843507.212000217288733 ] ] ], [ [ [ 452686.134999999543652, 6812510.057000213302672 ], [ 452184.30099999968661, 6811062.002000210806727 ], [ 452164.404999999387655, 6812141.664000212214887 ], [ 452686.134999999543652, 6812510.057000213302672 ] ] ], [ [ [ 445982.530999998911284, 6812502.125000212341547 ], [ 446299.633999999088701, 6812403.466000212356448 ], [ 446276.721999999077525, 6812206.433000213466585 ], [ 445982.530999998911284, 6812502.125000212341547 ] ] ] ] } },
{ "type": "Feature", "properties": { "id": 207, "gml_id": 28024655, "natcode": "236", "namefin": "Kaustinen", "nameswe": "Kaustby", "landarea": 353.92, "freshwarea": 7.17, "seawarea": null, "totalarea": 361.09 }, "geometry": { "type": "MultiPolygon", "coordinates": [ [ [ [ 333567.123001022089738, 7043747.805988007225096 ], [ 329586.520001346769277, 7057072.427984967827797 ], [ 325898.683001647412311, 7055701.02898215688765 ], [ 322684.579001985024661, 7059188.109979118220508 ], [ 325219.939001758466475, 7064126.010981203988194 ], [ 328749.017001429921947, 7060805.422984211705625 ], [ 338953.924000797152985, 7064950.881990367546678 ], [ 355999.493000242102426, 7053151.349996352568269 ], [ 347840.169000417226925, 7044696.359994289465249 ], [ 343276.982000574003905, 7049332.032992601394653 ], [ 333567.123001022089738, 7043747.805988007225096 ] ], [ [ 325251.748001722909976, 7058481.008981487713754 ], [ 326647.910001588054001, 7057143.612982713617384 ], [ 325017.643001743708737, 7058232.470981293357909 ], [ 325251.748001722909976, 7058481.008981487713754 ] ], [ [ 343257.202000598073937, 7059894.660992396995425 ], [ 341887.075000653683674, 7060544.369991815648973 ], [ 342841.992000616097357, 7060851.468992209993303 ], [ 343257.202000598073937, 7059894.660992396995425 ] ] ] ] } },
{ "type": "Feature", "properties": { "id": 208, "gml_id": 28025657, "natcode": "176", "namefin": "Juuka", "nameswe": "Juuka", "landarea": 1501.59, "freshwarea": 344.99, "seawarea": null, "totalarea": 1846.58 }, "geometry": { "type": "MultiPolygon", "coordinates": [ [ [ [ 632100.624999940628186, 6984752.322998592630029 ], [ 621912.826999982004054, 6999802.474999360740185 ], [ 621496.525999983889051, 6996036.721999391913414 ], [ 608710.923000005073845, 6990737.068999914452434 ], [ 607026.019000006257556, 6985841.515999956987798 ], [ 594040.00800000759773, 6993322.291000158526003 ], [ 585462.344000006094575, 7007121.275000221095979 ], [ 581014.910000005038455, 7009316.947000240907073 ], [ 587931.854000006220303, 7030006.200000207871199 ], [ 591351.019000006373972, 7027608.68300018273294 ], [ 591022.138000006554648, 7030887.928000187501311 ], [ 599787.869000006001443, 7035655.225000080652535 ], [ 608878.937000000616536, 7036930.990999881178141 ], [ 616616.707999990088865, 7027941.898999596945941 ], [ 628947.942999943858013, 7024433.723998762667179 ], [ 627263.87999995413702, 7022123.567998920567334 ], [ 632038.827999927569181, 7015479.34399848151952 ], [ 633040.768999924650416, 7005612.375998412258923 ], [ 641271.620999852195382, 6993678.701997342519462 ], [ 632100.624999940628186, 6984752.322998592630029 ] ] ] ] } },
{ "type": "Feature", "properties": { "id": 209, "gml_id": 28024086, "natcode": "946", "namefin": "Vöyri", "nameswe": "Vörå", "landarea": 782.14, "freshwarea": 9.22, "seawarea": 708.55, "totalarea": 1499.91 }, "geometry": { "type": "MultiPolygon", "coordinates": [ [ [ [ 250663.291040334646823, 7010466.81071010325104 ], [ 247128.466047746187542, 7024805.810664222575724 ], [ 237703.582069423573557, 7039783.578533224761486 ], [ 233938.866079222760163, 7040841.973475316539407 ], [ 235005.740077443071641, 7045684.610486078076065 ], [ 220786.021132265508641, 7067996.57417515758425 ], [ 228494.321103768772446, 7071590.599335503764451 ], [ 232980.196089258242864, 7071558.439418754540384 ], [ 254049.107038925401866, 7041655.537720328196883 ], [ 263745.76502635050565, 7033349.833801498636603 ], [ 276843.884015522198752, 7030808.729875233024359 ], [ 280240.272013236186467, 7024528.828891336917877 ], [ 276824.892015117453411, 7021513.198877867311239 ], [ 279605.213013397762552, 7019630.153890069574118 ], [ 277228.533014513202943, 7013258.263881960883737 ], [ 280852.19901244493667, 7012317.486896771006286 ], [ 280511.162012347020209, 7004769.323897316120565 ], [ 263112.307024567679036, 7000488.762812332250178 ], [ 250663.291040334646823, 7010466.81071010325104 ] ] ], [ [ [ 244732.381050855619833, 7016829.085644575767219 ], [ 245778.462049046414904, 7017211.760655794292688 ], [ 245938.882048661063891, 7016452.128658146597445 ], [ 244732.381050855619833, 7016829.085644575767219 ] ] ] ] } },
{ "type": "Feature", "properties": { "id": 210, "gml_id": 28023512, "natcode": "790", "namefin": "Sastamala", "nameswe": "Sastamala", "landarea": 1429.22, "freshwarea": 102.52, "seawarea": null, "totalarea": 1531.74 }, "geometry": { "type": "MultiPolygon", "coordinates": [ [ [ [ 266428.884012000169605, 6798044.508894305676222 ], [ 263236.792014432954602, 6817580.909876918420196 ], [ 256997.596018836193252, 6825762.391845530830324 ], [ 271736.938010849815328, 6837141.47190417535603 ], [ 270186.019011725788005, 6841924.131897727958858 ], [ 272349.673010662663728, 6839794.224905667826533 ], [ 273339.148010397446342, 6845099.772907826118171 ], [ 269965.465011880616657, 6843325.256896612234414 ], [ 269867.738012095564045, 6848072.768895152024925 ], [ 273599.289010463515297, 6850878.687907484360039 ], [ 284530.93200624466408, 6834895.085940050892532 ], [ 289254.7420050711371, 6836124.627949713729322 ], [ 291406.997004502278287, 6829691.78195436578244 ], [ 297708.422003331943415, 6828597.686964453198016 ], [ 297805.369003240717575, 6821523.706965143792331 ], [ 294194.93000384059269, 6820685.126959869638085 ], [ 297819.772003213874996, 6819211.558965343050659 ], [ 295841.127003513742238, 6817361.906962661072612 ], [ 299900.886002801998984, 6808517.326968865469098 ], [ 297788.895003073674161, 6805221.833966357633471 ], [ 301102.603002571209799, 6800694.351970852352679 ], [ 299894.258002661634237, 6793125.237969898618758 ], [ 285307.458005246298853, 6790016.680947280488908 ], [ 277639.413007486786228, 6796110.484929133206606 ], [ 275752.320008099894039, 6795513.142924248240888 ], [ 272987.479009156464599, 6797581.889916019514203 ], [ 266428.884012000169605, 6798044.508894305676222 ] ], [ [ 295011.640003737062216, 6824205.060960829257965 ], [ 294977.812003743951209, 6824292.435960768721998 ], [ 295032.64100373419933, 6824287.284960853867233 ], [ 295011.640003737062216, 6824205.060960829257965 ] ] ], [ [ [ 259956.514017302688444, 6835867.483856822364032 ], [ 260707.085016765195178, 6835038.490860638208687 ], [ 259892.161017293168698, 6834815.704856850206852 ], [ 259956.514017302688444, 6835867.483856822364032 ] ] ], [ [ [ 270161.348010280285962, 6797123.241907330229878 ], [ 270357.851010207727086, 6797467.643907897174358 ], [ 270365.880010196939111, 6797227.382907970808446 ], [ 270161.348010280285962, 6797123.241907330229878 ] ] ], [ [ [ 271289.451009814511053, 6797186.642910909838974 ], [ 271440.553009751078207, 6797108.413911399431527 ], [ 271273.086009820457548, 6797161.334910866804421 ], [ 271289.451009814511053, 6797186.642910909838974 ] ] ], [ [ [ 262884.39001388172619, 6799442.731880338862538 ], [ 263725.499013422522694, 6799346.101883729919791 ], [ 263336.034013620053884, 6799057.273882256820798 ], [ 262884.39001388172619, 6799442.731880338862538 ] ] ] ] } },
{ "type": "Feature", "properties": { "id": 211, "gml_id": 28022278, "natcode": "090", "namefin": "Heinävesi", "nameswe": "Heinävesi", "landarea": 1030.0, "freshwarea": 289.58, "seawarea": null, "totalarea": 1319.58 }, "geometry": { "type": "MultiPolygon", "coordinates": [ [ [ [ 599895.119000011356547, 6903886.845000098459423 ], [ 592289.706000009435229, 6908130.639000168070197 ], [ 590719.665000008884817, 6903621.690000176429749 ], [ 593308.936000009649433, 6898932.266000157222152 ], [ 585905.795000007376075, 6901046.669000199995935 ], [ 581040.960000005783513, 6907952.349000217393041 ], [ 574523.239000004134141, 6910310.585000230930746 ], [ 574243.637000004062429, 6913833.239000233821571 ], [ 568071.215000002877787, 6914370.703000240959227 ], [ 564286.912000002223067, 6922039.77000024355948 ], [ 566253.688000002526678, 6927747.872000247240067 ], [ 571276.910000003408641, 6926370.758000239729881 ], [ 571993.400000003399327, 6939024.957000244408846 ], [ 578213.164000004995614, 6936202.403000231832266 ], [ 579429.532000005361624, 6938451.895000229589641 ], [ 575358.681000004056841, 6940004.235000239685178 ], [ 582367.609000005992129, 6940740.84500022046268 ], [ 584812.79600000649225, 6948464.778000214137137 ], [ 591806.632000008365139, 6946786.152000174857676 ], [ 604538.268000010284595, 6934929.606000025756657 ], [ 603158.163000010536052, 6932991.761000049300492 ], [ 609128.315000009723008, 6930366.663999931886792 ], [ 607489.514000010560267, 6923159.420999974012375 ], [ 612981.662000009091571, 6917251.547999839298427 ], [ 612315.975000009755604, 6913058.493999863043427 ], [ 603838.969000011566095, 6912774.996000042185187 ], [ 599895.119000011356547, 6903886.845000098459423 ] ] ], [ [ [ 561387.423000001697801, 6891848.413000239990652 ], [ 560063.15300000179559, 6891717.434000238776207 ], [ 559584.906000001472421, 6892025.804000237956643 ], [ 561153.760000001755543, 6892625.467000238597393 ], [ 561387.423000001697801, 6891848.413000239990652 ] ], [ [ 561162.905000001657754, 6892396.304000238887966 ], [ 561170.956000001751818, 6892402.640000238083303 ], [ 561168.178000001818873, 6892394.438000237569213 ], [ 561162.905000001657754, 6892396.304000238887966 ] ], [ [ 561033.223000001627952, 6892480.315000238828361 ], [ 561183.056000001728535, 6892329.495000238530338 ], [ 560985.04100000159815, 6892459.652000237256289 ], [ 561033.223000001627952, 6892480.315000238828361 ] ], [ [ 561010.572000001673587, 6892316.962000237777829 ], [ 561033.534000001964159, 6892282.300000239163637 ], [ 560987.675000001792796, 6892305.004000237211585 ], [ 561010.572000001673587, 6892316.962000237777829 ] ] ], [ [ [ 560094.402000001515262, 6891014.221000238321722 ], [ 560436.081000001635402, 6891175.272000237368047 ], [ 560440.622000001603737, 6890910.418000236153603 ], [ 560094.402000001515262, 6891014.221000238321722 ] ], [ [ 560329.550000001559965, 6890990.947000239044428 ], [ 560355.406000001472421, 6890994.274000238627195 ], [ 560368.261000001919456, 6890977.56900023855269 ], [ 560329.550000001559965, 6890990.947000239044428 ] ], [ [ 560382.008000001660548, 6890931.060000236146152 ], [ 560388.627000001608394, 6890951.813000238500535 ], [ 560401.688000001595356, 6890941.884000237099826 ], [ 560382.008000001660548, 6890931.060000236146152 ] ], [ [ 560201.135000001639128, 6891019.134000236168504 ], [ 560225.546000001602806, 6891033.962000238709152 ], [ 560230.569000001531094, 6890999.039000237360597 ], [ 560201.135000001639128, 6891019.134000236168504 ] ] ] ] } },
{ "type": "Feature", "properties": { "id": 212, "gml_id": 28020364, "natcode": "680", "namefin": "Raisio", "nameswe": "Reso", "landarea": 48.8, "freshwarea": 0.57, "seawarea": 0.69, "totalarea": 50.06 }, "geometry": { "type": "MultiPolygon", "coordinates": [ [ [ [ 233641.174032815149985, 6720243.662743750028312 ], [ 239212.051026694738539, 6716883.538785309530795 ], [ 231028.019035048841033, 6711287.376728144474328 ], [ 229248.494037751457654, 6715975.861710458062589 ], [ 233641.174032815149985, 6720243.662743750028312 ] ] ] ] } },
{ "type": "Feature", "properties": { "id": 213, "gml_id": 28021095, "natcode": "407", "namefin": "Lapinjärvi", "nameswe": "Lappträsk", "landarea": 329.89, "freshwarea": 9.42, "seawarea": null, "totalarea": 339.31 }, "geometry": { "type": "MultiPolygon", "coordinates": [ [ [ [ 464312.69299999991199, 6725246.074000178836286 ], [ 465961.263999999966472, 6708197.656000171788037 ], [ 460791.156000000017229, 6707265.490000172518194 ], [ 454696.639999999548309, 6717911.045000176876783 ], [ 453489.887999999686144, 6715315.299000174738467 ], [ 450143.083999999333173, 6717622.116000178270042 ], [ 449391.835999999311753, 6723569.393000178970397 ], [ 440101.119999998365529, 6722859.865000178106129 ], [ 441787.769999998505227, 6730507.19500018004328 ], [ 453151.056999999447726, 6728618.779000180773437 ], [ 459593.756999999866821, 6736542.093000185675919 ], [ 464312.69299999991199, 6725246.074000178836286 ] ] ] ] } },
{ "type": "Feature", "properties": { "id": 214, "gml_id": 28025512, "natcode": "263", "namefin": "Kiuruvesi", "nameswe": "Kiuruvesi", "landarea": 1328.32, "freshwarea": 94.58, "seawarea": null, "totalarea": 1422.9 }, "geometry": { "type": "MultiPolygon", "coordinates": [ [ [ [ 458422.281999999831896, 7039438.245000281371176 ], [ 460032.115999999805354, 7049273.187000283971429 ], [ 464854.405999999959022, 7051516.751000284217298 ], [ 461527.866999999911059, 7078487.965000289492309 ], [ 478421.210000000195578, 7093042.385000292211771 ], [ 488147.587000000057742, 7084239.598000291734934 ], [ 489176.400999999954365, 7079546.056000290438533 ], [ 485617.694000000017695, 7079907.608000289648771 ], [ 486518.900000000197906, 7076861.145000289194286 ], [ 488200.783000000054017, 7078669.984000291675329 ], [ 491929.667999999946915, 7075933.536000290885568 ], [ 496140.740999999979977, 7062575.201000286266208 ], [ 491358.777, 7061025.519000289030373 ], [ 490149.767, 7056711.280000286176801 ], [ 489704.783, 7038222.829000280238688 ], [ 484432.639000000257511, 7034935.415000280365348 ], [ 476281.203999999968801, 7037086.956000281497836 ], [ 475271.609999999927823, 7033777.776000280864537 ], [ 468195.981999999901745, 7038983.207000282593071 ], [ 458422.281999999831896, 7039438.245000281371176 ] ] ] ] } },
{ "type": "Feature", "properties": { "id": 215, "gml_id": 28023703, "natcode": "980", "namefin": "Ylöjärvi", "nameswe": "Ylöjärvi", "landarea": 1115.75, "freshwarea": 208.21, "seawarea": null, "totalarea": 1323.96 }, "geometry": { "type": "MultiPolygon", "coordinates": [ [ [ [ 306526.779002503550146, 6874055.905972534790635 ], [ 310145.229002175969072, 6887445.003975698724389 ], [ 306598.599002644070424, 6891659.56997150182724 ], [ 311165.510002137394622, 6897849.173976177349687 ], [ 326675.837000872590579, 6888024.826988403685391 ], [ 327262.561000823625363, 6882065.728988875634968 ], [ 334488.264000503113493, 6872577.905992340296507 ], [ 336186.329000431462191, 6863327.821993111632764 ], [ 328876.407000663806684, 6852673.619990363717079 ], [ 326475.324000737629831, 6841903.800989457406104 ], [ 327966.045000632642768, 6827198.091990496963263 ], [ 318400.37900111451745, 6825031.527985285036266 ], [ 311109.061001707450487, 6831687.278979434631765 ], [ 313875.130001478013583, 6833059.909981698729098 ], [ 314955.883001456852071, 6845506.111982049420476 ], [ 305853.626002305012662, 6839216.357973882928491 ], [ 304643.43500247830525, 6842528.452972332015634 ], [ 299241.303003228036687, 6841629.022965580224991 ], [ 301779.881002952985, 6852321.37996818870306 ], [ 305234.974002478178591, 6851424.752972457557917 ], [ 311293.967001855839044, 6858349.963978338986635 ], [ 320599.576001115143299, 6858758.445985625497997 ], [ 320723.406001124123577, 6862841.503985573537648 ], [ 313272.689001710852608, 6865204.301979803480208 ], [ 313466.111001720593777, 6869816.420979764312506 ], [ 306526.779002503550146, 6874055.905972534790635 ] ] ] ] } },
{ "type": "Feature", "properties": { "id": 216, "gml_id": 28018734, "natcode": "043", "namefin": "Eckerö", "nameswe": "Eckerö", "landarea": 107.75, "freshwarea": 1.46, "seawarea": 643.46, "totalarea": 752.67 }, "geometry": { "type": "MultiPolygon", "coordinates": [ [ [ [ 69126.537403799185995, 6685753.795656059868634 ], [ 83521.388804482296109, 6693605.886223245412111 ], [ 80181.729966523183975, 6699153.418528916314244 ], [ 83390.486860198259819, 6704564.496991801075637 ], [ 68417.102651293738745, 6718889.887657151557505 ], [ 74775.600475918967277, 6744728.526416112668812 ], [ 82008.620011231687386, 6723672.410359838046134 ], [ 95032.957482090976555, 6715842.115652068518102 ], [ 92508.365531180112157, 6706547.452428424730897 ], [ 94858.212414596404415, 6695850.921936494298279 ], [ 92644.55446421605302, 6690008.777711762115359 ], [ 89134.549580382066779, 6689568.709198435768485 ], [ 72883.498184132447932, 6679016.79457882232964 ], [ 69126.537403799185995, 6685753.795656059868634 ] ], [ [ 80644.143005844845902, 6710966.430371209979057 ], [ 80994.255014296504669, 6715620.763339333236217 ], [ 85515.56680728221545, 6711413.471226599998772 ], [ 80644.143005844845902, 6710966.430371209979057 ] ], [ [ 86047.725779057305772, 6709767.245347505435348 ], [ 85932.13678377517499, 6709818.855327089317143 ], [ 85998.809781256481074, 6709834.451338024809957 ], [ 86047.725779057305772, 6709767.245347505435348 ] ], [ [ 83187.858883922628593, 6707853.910892335698009 ], [ 83141.497887523088139, 6708213.555877131409943 ], [ 83159.989886860537808, 6708233.001880005002022 ], [ 83187.858883922628593, 6707853.910892335698009 ] ], [ [ 81522.190961948828772, 6709685.710558266378939 ], [ 81479.390964169055223, 6709768.59854880720377 ], [ 81519.116962589614559, 6709789.045555607415736 ], [ 81522.190961948828772, 6709685.710558266378939 ] ], [ [ 81504.406963359273504, 6709818.825552331283689 ], [ 81506.25296342803631, 6709848.555552063509822 ], [ 81511.176963061327115, 6709816.465553609654307 ], [ 81504.406963359273504, 6709818.825552331283689 ] ], [ [ 81552.658961156033911, 6709785.877561761066318 ], [ 81525.49196246243082, 6709817.824556181207299 ], [ 81547.181961605558172, 6709829.969559871591628 ], [ 81552.658961156033911, 6709785.877561761066318 ] ], [ [ 81049.245977034559473, 6708683.413492601364851 ], [ 81057.111977179069072, 6708779.598492069169879 ], [ 81034.441978285438381, 6708808.004487350583076 ], [ 81053.441977801499888, 6708873.205489486455917 ], [ 81085.983975712326355, 6708731.734498319216073 ], [ 81049.245977034559473, 6708683.413492601364851 ] ], [ [ 81100.053974739043042, 6708656.343502427451313 ], [ 81065.022975628089625, 6708535.671498501673341 ], [ 81056.548976684513036, 6708675.475494096055627 ], [ 81100.053974739043042, 6708656.343502427451313 ] ], [ [ 80860.714984580583405, 6708585.193460142239928 ], [ 80841.693985878431704, 6708682.273454666137695 ], [ 80851.63098558364436, 6708708.174455956555903 ], [ 80860.714984580583405, 6708585.193460142239928 ] ], [ [ 91201.789517328434158, 6691483.206477867439389 ], [ 91272.227516344981268, 6691843.57148249167949 ], [ 91423.23851111024851, 6691794.995505580678582 ], [ 91201.789517328434158, 6691483.206477867439389 ] ], [ [ 90993.112521752424072, 6690809.708457799628377 ], [ 91111.36351698404178, 6690599.968478696420789 ], [ 91061.857518573000561, 6690581.59147166647017 ], [ 90993.112521752424072, 6690809.708457799628377 ] ] ], [ [ [ 91693.696493225113954, 6689440.100582833401859 ], [ 91823.157489019155037, 6689456.954601461067796 ], [ 91792.703489496780094, 6689316.761599238030612 ], [ 91693.696493225113954, 6689440.100582833401859 ] ] ] ] } },
{ "type": "Feature", "properties": { "id": 217, "gml_id": 28022675, "natcode": "265", "namefin": "Kivijärvi", "nameswe": "Kivijärvi", "landarea": 483.95, "freshwarea": 115.92, "seawarea": null, "totalarea": 599.87 }, "geometry": { "type": "MultiPolygon", "coordinates": [ [ [ [ 417980.499999994761311, 6997686.862000234425068 ], [ 407056.987999992561527, 6995879.364000167697668 ], [ 406862.154999992402736, 6990601.843000166118145 ], [ 403337.588999992061872, 6988476.979000132530928 ], [ 400224.024999992048834, 6992283.823000089265406 ], [ 393293.51399999379646, 6991026.77199996355921 ], [ 385696.266000002331566, 7003990.698999722488225 ], [ 387296.023000001674518, 7017190.733999770134687 ], [ 389814.313999998907093, 7018219.868999854661524 ], [ 390543.095999997691251, 7013842.651999878697097 ], [ 406100.978999992890749, 7012930.050000159069896 ], [ 415187.248999994364567, 7017754.470000222325325 ], [ 418598.15899999497924, 7013933.236000237055123 ], [ 415409.530999994371086, 7013715.616000226698816 ], [ 417980.499999994761311, 6997686.862000234425068 ] ] ] ] } },
{ "type": "Feature", "properties": { "id": 218, "gml_id": 28021548, "natcode": "398", "namefin": "Lahti", "nameswe": "Lahtis", "landarea": 459.58, "freshwarea": 58.05, "seawarea": null, "totalarea": 517.63 }, "geometry": { "type": "MultiPolygon", "coordinates": [ [ [ [ 427180.482999995700084, 6753111.842000184580684 ], [ 421760.257999994093552, 6756264.118000174872577 ], [ 423571.516999994695652, 6767953.908000183291733 ], [ 435614.585999997681938, 6767948.932000191882253 ], [ 430648.730999996652827, 6770455.631000192835927 ], [ 438438.614999998186249, 6774759.93000019621104 ], [ 442628.209999998856802, 6771152.353000196628273 ], [ 448838.631999999284744, 6774406.166000198572874 ], [ 451835.455999999656342, 6771641.161000196821988 ], [ 452204.899999999441206, 6761389.198000193573534 ], [ 448153.854999999166466, 6760150.536000193096697 ], [ 449068.869999999180436, 6756033.123000190593302 ], [ 454954.794999999518041, 6755206.311000190675259 ], [ 451358.310999999404885, 6750706.316000188700855 ], [ 443583.949999998731073, 6755274.799000189639628 ], [ 441307.719999998400453, 6750645.790000189095736 ], [ 433665.491999997233506, 6751270.29000018723309 ], [ 431080.635999996738974, 6756166.796000185422599 ], [ 427180.482999995700084, 6753111.842000184580684 ] ] ] ] } },
{ "type": "Feature", "properties": { "id": 219, "gml_id": 28020041, "natcode": "710", "namefin": "Raasepori", "nameswe": "Raseborg", "landarea": 1152.6, "freshwarea": 66.43, "seawarea": 1135.15, "totalarea": 2354.18 }, "geometry": { "type": "MultiPolygon", "coordinates": [ [ [ [ 286758.855002760945354, 6618646.917965425178409 ], [ 292813.716002260684036, 6646290.796970955096185 ], [ 288744.377002804016229, 6649908.337965765967965 ], [ 285304.670003273640759, 6646798.315961262211204 ], [ 281606.203003945760429, 6650689.344955187290907 ], [ 276752.147004828206263, 6645025.716947150416672 ], [ 265772.153007763030473, 6645183.226922227069736 ], [ 266091.484008064027876, 6661666.309920352883637 ], [ 268704.93300723558059, 6662033.088927173987031 ], [ 268643.953007165924646, 6658136.551927619613707 ], [ 274387.242005598265678, 6658255.018940851092339 ], [ 276921.236005180689972, 6668826.83894476480782 ], [ 285913.262003432144411, 6668838.273960334248841 ], [ 295198.340002252196427, 6678153.61497169919312 ], [ 298119.96200190653326, 6673665.521975034847856 ], [ 309001.264001071220264, 6678917.711983871646225 ], [ 312658.827000858378597, 6677827.907986244186759 ], [ 312606.83900084940251, 6674738.329986303113401 ], [ 328151.941000299237203, 6678390.65599318780005 ], [ 330163.396000240463763, 6669757.322993928566575 ], [ 323062.73800041625509, 6669532.653991510160267 ], [ 325964.05100031895563, 6660836.49499271903187 ], [ 319064.688000520109199, 6658816.563990039750934 ], [ 323613.875000365253072, 6653516.452991998754442 ], [ 321165.581000420730561, 6646882.045991168357432 ], [ 330687.540000167209655, 6627606.488994582556188 ], [ 286758.855002760945354, 6618646.917965425178409 ] ] ] ] } },
{ "type": "Feature", "properties": { "id": 220, "gml_id": 28025056, "natcode": "408", "namefin": "Lapua", "nameswe": "Lappo", "landarea": 737.21, "freshwarea": 13.68, "seawarea": null, "totalarea": 750.89 }, "geometry": { "type": "MultiPolygon", "coordinates": [ [ [ [ 310144.483002816501539, 6965973.222970875911415 ], [ 305867.083003538486082, 6970888.556964726187289 ], [ 297610.494005241780542, 6970735.971950651146472 ], [ 302288.27200427360367, 6975938.654958633705974 ], [ 287337.913008515140973, 6978130.508925185538828 ], [ 288245.149008720705751, 6999374.961924028582871 ], [ 293070.449007071205415, 7000884.313936671242118 ], [ 300323.821004976402037, 6995032.927953146398067 ], [ 308100.930003432324156, 6995990.400965927168727 ], [ 310569.062003012106288, 6993549.040969488210976 ], [ 320884.144001784268767, 6997585.440980435349047 ], [ 323678.067001511342824, 6993602.726982948370278 ], [ 320404.452001761877909, 6986053.072980544529855 ], [ 323281.486001482000574, 6981415.651983126066625 ], [ 316057.64500216889428, 6979006.881976764649153 ], [ 310144.483002816501539, 6965973.222970875911415 ] ], [ [ 296485.733005677466281, 6979806.68294729012996 ], [ 295468.505005952669308, 6980011.487945103086531 ], [ 295535.058005936734844, 6980131.892945232801139 ], [ 295628.785005917714443, 6980485.099945388734341 ], [ 296485.733005677466281, 6979806.68294729012996 ] ], [ [ 295531.117005939653609, 6980224.379945210181177 ], [ 295185.548006024793722, 6979706.464944528415799 ], [ 295304.37700600217795, 6980268.234944713301957 ], [ 295531.117005939653609, 6980224.379945210181177 ] ], [ [ 294567.360006178962067, 6978747.317943291738629 ], [ 294911.260006081138272, 6978663.218944063410163 ], [ 294814.576006106100976, 6978561.131943865679204 ], [ 294567.360006178962067, 6978747.317943291738629 ] ], [ [ 295238.406005994416773, 6978854.880944753997028 ], [ 295039.437006055784877, 6979211.254944271408021 ], [ 295351.451005966868252, 6979039.165944975800812 ], [ 295238.406005994416773, 6978854.880944753997028 ] ], [ [ 295328.728005966870114, 6978698.406944968737662 ], [ 295267.82600597909186, 6978456.896944867447019 ], [ 295259.742005985172, 6978668.955944824032485 ], [ 295328.728005966870114, 6978698.406944968737662 ] ] ] ] } },
{ "type": "Feature", "properties": { "id": 221, "gml_id": 28021728, "natcode": "491", "namefin": "Mikkeli", "nameswe": "S:t Michel", "landarea": 2548.38, "freshwarea": 681.2, "seawarea": null, "totalarea": 3229.58 }, "geometry": { "type": "MultiPolygon", "coordinates": [ [ [ [ 507048.685, 6896374.060000241734087 ], [ 524684.22400000016205, 6867326.259000232443213 ], [ 522644.229999999981374, 6859215.723000230267644 ], [ 528540.62, 6847863.151000225916505 ], [ 534405.45900000014808, 6840748.451000222936273 ], [ 542838.406000000191852, 6839615.065000222064555 ], [ 546460.76900000043679, 6835848.308000221848488 ], [ 547859.379000000539236, 6823891.352000216022134 ], [ 539166.627000000094995, 6818306.075000217184424 ], [ 540525.026000000187196, 6811494.845000212080777 ], [ 536252.352000000071712, 6810131.367000211961567 ], [ 536123.526000000187196, 6806988.541000210680068 ], [ 542379.233000000356697, 6803375.64800021238625 ], [ 540382.265000000130385, 6799672.642000208608806 ], [ 531862.06900000013411, 6801157.26200021058321 ], [ 533116.689999999944121, 6798225.568000208586454 ], [ 529091.23499999998603, 6795122.902000205591321 ], [ 530951.386000000056811, 6792241.171000205911696 ], [ 523073.983, 6793120.781000207178295 ], [ 519700.775000000023283, 6786117.332000204361975 ], [ 515544.611000000091735, 6796239.964000209234655 ], [ 511641.684, 6798136.86800020840019 ], [ 513949.941, 6798891.473000208847225 ], [ 497532.996000000042841, 6801506.625000209547579 ], [ 501030.648000000044703, 6805670.159000210464001 ], [ 507219.535000000207219, 6803943.343000209890306 ], [ 508807.475000000034925, 6807537.844000210054219 ], [ 504172.658999999985099, 6807519.927000213414431 ], [ 503605.443999999959487, 6814553.114000215195119 ], [ 498384.70599999994738, 6815926.260000213980675 ], [ 501289.643000000040047, 6825279.150000218302011 ], [ 497442.150999999954365, 6830848.061000219546258 ], [ 500315.271999999938998, 6833116.762000222690403 ], [ 499060.834999999962747, 6840837.129000222310424 ], [ 493865.734000000229571, 6844951.219000223092735 ], [ 491469.5120000000461, 6861567.263000230304897 ], [ 496963.840000000200234, 6865520.291000232100487 ], [ 499088.695999999938067, 6863305.511000230908394 ], [ 506773.267999999981839, 6870262.188000234775245 ], [ 497355.325999999942724, 6879378.193000237457454 ], [ 493436.44600000011269, 6879166.913000238128006 ], [ 491158.711999999941327, 6886712.433000239543617 ], [ 493836.351000000024214, 6889804.990000241436064 ], [ 496133.383000000030734, 6887833.92700023856014 ], [ 499950.390000000072177, 6894888.10900024138391 ], [ 502897.908000000054017, 6891959.422000241465867 ], [ 502128.227000000013504, 6895025.391000243835151 ], [ 507048.685, 6896374.060000241734087 ] ] ] ] } },
{ "type": "Feature", "properties": { "id": 222, "gml_id": 28021648, "natcode": "075", "namefin": "Hamina", "nameswe": "Fredrikshamn", "landarea": 610.64, "freshwarea": 23.07, "seawarea": 521.44, "totalarea": 1155.15 }, "geometry": { "type": "MultiPolygon", "coordinates": [ [ [ [ 524868.520000000018626, 6722898.182000178843737 ], [ 519552.214000000036322, 6713696.147000174038112 ], [ 521882.925999999977648, 6704353.992000170052052 ], [ 529428.714000000152737, 6700522.994000169448555 ], [ 535868.481000000145286, 6689986.42200016323477 ], [ 525826.091999999945983, 6677065.617000157013535 ], [ 514664.746999999915715, 6691691.273000165820122 ], [ 506526.123000000079628, 6696685.768000168725848 ], [ 500509.264000000082888, 6712616.585000173188746 ], [ 501560.721000000135973, 6718737.862000176683068 ], [ 495742.236000000033528, 6723645.134000179357827 ], [ 505632.233000000182074, 6727767.255000180564821 ], [ 506789.09799999993993, 6737940.158000184223056 ], [ 512302.079000000143424, 6736120.306000185199082 ], [ 515916.386000000056811, 6742996.792000189423561 ], [ 523282.599999999976717, 6745336.095000186003745 ], [ 524868.520000000018626, 6722898.182000178843737 ] ] ] ] } },
{ "type": "Feature", "properties": { "id": 223, "gml_id": 28018759, "natcode": "076", "namefin": "Hammarland", "nameswe": "Hammarland", "landarea": 138.64, "freshwarea": 1.68, "seawarea": 1083.95, "totalarea": 1224.27 }, "geometry": { "type": "MultiPolygon", "coordinates": [ [ [ [ 89256.454832400893793, 6749132.06414982303977 ], [ 97443.000422905839514, 6721018.01091786660254 ], [ 98499.060387110977899, 6720318.403076367452741 ], [ 99174.015361871570349, 6719064.284187868237495 ], [ 99259.970357896003406, 6718674.522205321118236 ], [ 97541.308385145675857, 6711267.902078714221716 ], [ 98759.834351162891835, 6712267.96423089876771 ], [ 103471.307205259683542, 6709256.630884005688131 ], [ 101362.57324372290168, 6702744.504706180654466 ], [ 103785.434146763058379, 6692421.693138354457915 ], [ 77469.837941089528613, 6670792.549611622467637 ], [ 72883.498184132447932, 6679016.79457882232964 ], [ 93412.790442475525197, 6690836.502808853983879 ], [ 94993.50042291887803, 6699371.508902091532946 ], [ 92508.365531180112157, 6706547.452428424730897 ], [ 95235.685468060779385, 6713868.954712641425431 ], [ 93585.740538513055071, 6717887.21740479208529 ], [ 82008.620011231687386, 6723672.410359838046134 ], [ 74775.600475918967277, 6744728.526416112668812 ], [ 89256.454832400893793, 6749132.06414982303977 ] ], [ [ 99168.787361955386586, 6719042.107187481597066 ], [ 99175.712361721962225, 6719035.921188518404961 ], [ 99170.674361856479663, 6719030.247187912464142 ], [ 99168.787361955386586, 6719042.107187481597066 ] ], [ [ 98622.370350803714246, 6710941.392231577076018 ], [ 96771.484398154017981, 6708143.959018588066101 ], [ 95979.253428933909163, 6709749.464882986620069 ], [ 98622.370350803714246, 6710941.392231577076018 ] ], [ [ 91693.696493225113954, 6689440.100582833401859 ], [ 91823.157489019155037, 6689456.954601461067796 ], [ 91792.703489496780094, 6689316.761599238030612 ], [ 91693.696493225113954, 6689440.100582833401859 ] ] ], [ [ [ 68417.102651293738745, 6718889.887657151557505 ], [ 83390.486860198259819, 6704564.496991801075637 ], [ 80181.729966523183975, 6699153.418528916314244 ], [ 83521.388804482296109, 6693605.886223245412111 ], [ 69126.537403799185995, 6685753.795656059868634 ], [ 61685.543900203832891, 6699096.920602885074914 ], [ 68417.102651293738745, 6718889.887657151557505 ] ] ], [ [ [ 80644.143005844845902, 6710966.430371209979057 ], [ 80994.255014296504669, 6715620.763339333236217 ], [ 85515.56680728221545, 6711413.471226599998772 ], [ 80644.143005844845902, 6710966.430371209979057 ] ] ], [ [ [ 86047.725779057305772, 6709767.245347505435348 ], [ 85932.13678377517499, 6709818.855327089317143 ], [ 85998.809781256481074, 6709834.451338024809957 ], [ 86047.725779057305772, 6709767.245347505435348 ] ] ], [ [ [ 83187.858883922628593, 6707853.910892335698009 ], [ 83141.497887523088139, 6708213.555877131409943 ], [ 83159.989886860537808, 6708233.001880005002022 ], [ 83187.858883922628593, 6707853.910892335698009 ] ] ], [ [ [ 81522.190961948828772, 6709685.710558266378939 ], [ 81479.390964169055223, 6709768.59854880720377 ], [ 81519.116962589614559, 6709789.045555607415736 ], [ 81522.190961948828772, 6709685.710558266378939 ] ] ], [ [ [ 81504.406963359273504, 6709818.825552331283689 ], [ 81506.25296342803631, 6709848.555552063509822 ], [ 81511.176963061327115, 6709816.465553609654307 ], [ 81504.406963359273504, 6709818.825552331283689 ] ] ], [ [ [ 81552.658961156033911, 6709785.877561761066318 ], [ 81525.49196246243082, 6709817.824556181207299 ], [ 81547.181961605558172, 6709829.969559871591628 ], [ 81552.658961156033911, 6709785.877561761066318 ] ] ], [ [ [ 81049.245977034559473, 6708683.413492601364851 ], [ 81057.111977179069072, 6708779.598492069169879 ], [ 81034.441978285438381, 6708808.004487350583076 ], [ 81053.441977801499888, 6708873.205489486455917 ], [ 81085.983975712326355, 6708731.734498319216073 ], [ 81049.245977034559473, 6708683.413492601364851 ] ] ], [ [ [ 81100.053974739043042, 6708656.343502427451313 ], [ 81065.022975628089625, 6708535.671498501673341 ], [ 81056.548976684513036, 6708675.475494096055627 ], [ 81100.053974739043042, 6708656.343502427451313 ] ] ], [ [ [ 80860.714984580583405, 6708585.193460142239928 ], [ 80841.693985878431704, 6708682.273454666137695 ], [ 80851.63098558364436, 6708708.174455956555903 ], [ 80860.714984580583405, 6708585.193460142239928 ] ] ], [ [ [ 103371.35018816171214, 6702714.828957107849419 ], [ 103468.291186243121047, 6702948.707965945824981 ], [ 103638.492181267589331, 6702820.105988398194313 ], [ 103371.35018816171214, 6702714.828957107849419 ] ] ], [ [ [ 91201.789517328434158, 6691483.206477867439389 ], [ 91272.227516344981268, 6691843.57148249167949 ], [ 91423.23851111024851, 6691794.995505580678582 ], [ 91201.789517328434158, 6691483.206477867439389 ] ] ], [ [ [ 90993.112521752424072, 6690809.708457799628377 ], [ 91111.36351698404178, 6690599.968478696420789 ], [ 91061.857518573000561, 6690581.59147166647017 ], [ 90993.112521752424072, 6690809.708457799628377 ] ] ] ] } },
{ "type": "Feature", "properties": { "id": 224, "gml_id": 28025547, "natcode": "402", "namefin": "Lapinlahti", "nameswe": "Lapinlahti", "landarea": 1096.91, "freshwarea": 148.24, "seawarea": null, "totalarea": 1245.15 }, "geometry": { "type": "MultiPolygon", "coordinates": [ [ [ [ 509161.972, 7022394.746000278741121 ], [ 507115.901000000070781, 7030146.783000279217958 ], [ 510899.707999999984168, 7035912.224000281654298 ], [ 515491.408000000054017, 7033982.789000279270113 ], [ 520848.295000000100117, 7043132.853000284172595 ], [ 522795.839000000094529, 7038906.361000281758606 ], [ 524262.08399999991525, 7044094.388000283390284 ], [ 528365.096000000019558, 7039498.565000283531845 ], [ 532997.613000000244938, 7039340.253000280819833 ], [ 531121.15500000026077, 7041726.880000283010304 ], [ 543778.014000000315718, 7045507.40300028398633 ], [ 546904.842000000411645, 7043752.963000282645226 ], [ 551773.224000000744127, 7047305.505000281147659 ], [ 555343.134000001009554, 7042499.326000280678272 ], [ 555667.673000000999309, 7034294.938000277616084 ], [ 552726.011000000871718, 7035108.45200027897954 ], [ 554366.998000000952743, 7030987.967000277712941 ], [ 550387.960000000544824, 7023816.035000279545784 ], [ 547686.761000000522472, 7023745.645000277087092 ], [ 547045.64600000041537, 7019492.658000277355313 ], [ 543597.149000000325032, 7019860.3860002765432 ], [ 541381.581000000238419, 7014688.859000275842845 ], [ 532665.906000000075437, 7012431.908000274561346 ], [ 531986.717000000062399, 7006230.251000273041427 ], [ 527932.169000000110827, 7006403.986000271514058 ], [ 527482.678000000072643, 7002837.85000027064234 ], [ 524803.533999999985099, 7006266.006000274792314 ], [ 518007.280999999959022, 7004928.940000275149941 ], [ 514974.01500000001397, 7018311.911000276915729 ], [ 509161.972, 7022394.746000278741121 ] ] ] ] } },
{ "type": "Feature", "properties": { "id": 225, "gml_id": 28028083, "natcode": "851", "namefin": "Tornio", "nameswe": "Torneå", "landarea": 1188.75, "freshwarea": 39.12, "seawarea": 120.66, "totalarea": 1348.53 }, "geometry": { "type": "MultiPolygon", "coordinates": [ [ [ [ 387116.986000065342523, 7342874.887999165803194 ], [ 386656.040000057255384, 7305062.411999239586294 ], [ 369177.909000226703938, 7279711.873997122049332 ], [ 370122.195000234816689, 7307538.570997077971697 ], [ 359823.338000562624075, 7345551.083993711508811 ], [ 374427.87300019885879, 7350335.181997554376721 ], [ 374433.289000200515147, 7352772.761997533962131 ], [ 375886.160000177391339, 7350792.243997795507312 ], [ 401100.619000015896745, 7358688.556999906897545 ], [ 387116.986000065342523, 7342874.887999165803194 ] ] ] ] } },
{ "type": "Feature", "properties": { "id": 226, "gml_id": 28025261, "natcode": "074", "namefin": "Halsua", "nameswe": "Halsua", "landarea": 412.99, "freshwarea": 15.35, "seawarea": null, "totalarea": 428.34 }, "geometry": { "type": "MultiPolygon", "coordinates": [ [ [ [ 374324.531000040587969, 7029859.401999030262232 ], [ 370293.249000062874984, 7029679.170998672954738 ], [ 368311.879000074637588, 7025840.862998478114605 ], [ 358049.251000182586722, 7025711.054996996186674 ], [ 359558.905000163940713, 7028437.637997244484723 ], [ 355374.182000233849976, 7034831.299996381625533 ], [ 353466.276000267942436, 7033420.079995965585113 ], [ 354208.134000274643768, 7051862.951995954848826 ], [ 361992.935000147786923, 7048013.701997520402074 ], [ 363005.539000137068797, 7049977.69899766612798 ], [ 366662.923000096809119, 7043990.814998207613826 ], [ 370959.149000065692235, 7047641.991998673416674 ], [ 378378.764000028080773, 7046190.318999284878373 ], [ 377635.6340000287164, 7037979.998999252915382 ], [ 373275.525000047404319, 7034944.774998930282891 ], [ 374324.531000040587969, 7029859.401999030262232 ] ] ] ] } },
{ "type": "Feature", "properties": { "id": 227, "gml_id": 28020242, "natcode": "853", "namefin": "Turku", "nameswe": "Åbo", "landarea": 245.85, "freshwarea": 3.46, "seawarea": 57.05, "totalarea": 306.36 }, "geometry": { "type": "MultiPolygon", "coordinates": [ [ [ [ 251958.542017569649033, 6734855.844850766472518 ], [ 245135.427021025301656, 6708589.064824634231627 ], [ 239767.446025346434908, 6705590.767794009298086 ], [ 241259.875023598957341, 6699404.627805897034705 ], [ 228148.4690374697675, 6699679.758711153641343 ], [ 229302.978037046792451, 6709853.062714702449739 ], [ 235620.011029952322133, 6712433.71076266374439 ], [ 239212.051026694738539, 6716883.538785309530795 ], [ 238887.308027110237163, 6718239.329782520420849 ], [ 237849.184028207615484, 6719184.926775019615889 ], [ 237860.675028208323056, 6719338.472775025293231 ], [ 241200.59302504741936, 6719654.178796900436282 ], [ 247950.241020170156844, 6730501.927831850014627 ], [ 250110.716019243351184, 6742255.862839040346444 ], [ 251958.542017569649033, 6734855.844850766472518 ] ] ] ] } },
{ "type": "Feature", "properties": { "id": 228, "gml_id": 28019721, "natcode": "169", "namefin": "Jokioinen", "nameswe": "Jockis", "landarea": 180.43, "freshwarea": 1.51, "seawarea": null, "totalarea": 181.94 }, "geometry": { "type": "MultiPolygon", "coordinates": [ [ [ [ 304237.406001763243694, 6739157.850977596826851 ], [ 297931.616002579918131, 6755403.262970015406609 ], [ 305758.153001715661958, 6753729.174978287890553 ], [ 310490.70300136966398, 6762013.977981897071004 ], [ 312868.97200118744513, 6759376.301983753219247 ], [ 312732.367001131933648, 6745235.423984150402248 ], [ 309356.333001337596215, 6739351.567981912754476 ], [ 304237.406001763243694, 6739157.850977596826851 ] ] ] ] } },
{ "type": "Feature", "properties": { "id": 229, "gml_id": 28027871, "natcode": "742", "namefin": "Savukoski", "nameswe": "Savukoski", "landarea": 6440.11, "freshwarea": 56.46, "seawarea": null, "totalarea": 6496.57 }, "geometry": { "type": "MultiPolygon", "coordinates": [ [ [ [ 509513.785999999963678, 7478811.97800032235682 ], [ 516954.713999999978114, 7495299.080000323243439 ], [ 534095.103000000119209, 7503940.531000323593616 ], [ 568226.800000000046566, 7565660.700000279583037 ], [ 596951.199999965145253, 7553001.899999710731208 ], [ 612091.899999871035106, 7523305.399998530745506 ], [ 583261.250999996438622, 7475569.208000177517533 ], [ 572720.464000000501983, 7447903.362000278197229 ], [ 559009.522000000695698, 7444076.555000316351652 ], [ 537908.841000000131316, 7451205.658000322058797 ], [ 533147.329000000143424, 7465521.062000322155654 ], [ 509513.785999999963678, 7478811.97800032235682 ] ] ] ] } },
{ "type": "Feature", "properties": { "id": 230, "gml_id": 28020554, "natcode": "638", "namefin": "Porvoo", "nameswe": "Borgå", "landarea": 655.51, "freshwarea": 9.94, "seawarea": 1474.37, "totalarea": 2139.82 }, "geometry": { "type": "MultiPolygon", "coordinates": [ [ [ [ 435590.599999997590203, 6713100.502000172622502 ], [ 434110.318999997281935, 6706238.575000167824328 ], [ 441981.100999998569023, 6697323.176000165753067 ], [ 440226.511999998241663, 6684222.574000161141157 ], [ 442518.716999998607207, 6680108.378000159747899 ], [ 440422.213999998173676, 6679133.428000157698989 ], [ 447734.942999999329913, 6680761.076000159606338 ], [ 459410.056999999738764, 6656612.67500014975667 ], [ 448432.690999999351334, 6653337.93600014783442 ], [ 445150.625999998825137, 6649234.044000145047903 ], [ 420778.51899999321904, 6644262.586000132374465 ], [ 406641.325999985798262, 6645584.167000097222626 ], [ 410558.998999988543801, 6671362.477000120095909 ], [ 418498.101999992388301, 6681862.819000143557787 ], [ 409843.853999988292344, 6697758.510000126436353 ], [ 418012.333999992581084, 6701318.941000152379274 ], [ 413795.168999990448356, 6706224.10800014436245 ], [ 422418.881999994046055, 6707848.004000158049166 ], [ 423421.769999994430691, 6704555.899000159464777 ], [ 425989.909999995259568, 6708046.895000164397061 ], [ 429744.181999996188097, 6705662.097000165842474 ], [ 431842.093999996781349, 6712417.915000170469284 ], [ 435590.599999997590203, 6713100.502000172622502 ] ] ] ] } },
{ "type": "Feature", "properties": { "id": 231, "gml_id": 28020669, "natcode": "086", "namefin": "Hausjärvi", "nameswe": "Hausjärvi", "landarea": 389.52, "freshwarea": 9.25, "seawarea": null, "totalarea": 398.77 }, "geometry": { "type": "MultiPolygon", "coordinates": [ [ [ [ 375621.146999976132065, 6742285.208999589085579 ], [ 381042.6759999760543, 6750156.758999763987958 ], [ 388121.984999977401458, 6747459.988999930210412 ], [ 387940.825999977765605, 6752342.446999926120043 ], [ 394102.302999980864115, 6756313.426000024192035 ], [ 396647.599999981932342, 6755267.635000051930547 ], [ 395563.437999981106259, 6746410.365000041201711 ], [ 399519.499999983177986, 6739515.230000079609454 ], [ 394084.194999979925342, 6733721.41700002271682 ], [ 397446.714999981923029, 6736041.630000060424209 ], [ 401434.613999984168913, 6733488.904000093229115 ], [ 395415.211999980383553, 6730809.544000037945807 ], [ 396830.393999981402885, 6726575.163000052794814 ], [ 392674.161999978707172, 6729306.240000003948808 ], [ 381699.597999973630067, 6726787.922999794594944 ], [ 382173.613999975088518, 6739788.295999802649021 ], [ 375621.146999976132065, 6742285.208999589085579 ] ] ] ] } },
{ "type": "Feature", "properties": { "id": 232, "gml_id": 28024287, "natcode": "905", "namefin": "Vaasa", "nameswe": "Vasa", "landarea": 364.88, "freshwarea": 4.71, "seawarea": 205.55, "totalarea": 575.14 }, "geometry": { "type": "MultiPolygon", "coordinates": [ [ [ [ 224100.254096879682038, 6995266.44836940523237 ], [ 198928.242223169014324, 7011668.253678671084344 ], [ 218517.85912201483734, 7013033.254227750003338 ], [ 221965.405110514024273, 7017499.563293092884123 ], [ 230945.351081110769883, 7013150.710462457500398 ], [ 231682.615078057628125, 7008326.803480117581785 ], [ 238548.657061747857369, 7008577.756577557884157 ], [ 238366.797061093675438, 7002542.49658118467778 ], [ 235762.65206646657316, 7000545.20054864231497 ], [ 229196.718083830026444, 7003954.517445893026888 ], [ 224100.254096879682038, 6995266.44836940523237 ] ] ], [ [ [ 259699.805028087605024, 7001591.32578893750906 ], [ 253532.593034285237081, 6990389.841748006641865 ], [ 249510.335040153149748, 6994061.494710543192923 ], [ 248264.417042417044286, 6997475.645696354098618 ], [ 241808.41805402864702, 7001606.137624258175492 ], [ 250819.524040109216003, 7010502.201711535453796 ], [ 259699.805028087605024, 7001591.32578893750906 ] ] ], [ [ [ 241414.135055581777124, 7006748.216614996083081 ], [ 241291.504055807105033, 7006654.594613614492118 ], [ 241289.915055820805719, 7006721.552613536827266 ], [ 241414.135055581777124, 7006748.216614996083081 ] ] ], [ [ [ 240873.512055888946634, 7001968.002612862735987 ], [ 240228.546057132916758, 7001766.836605248041451 ], [ 240396.49905686735292, 7002197.135606893338263 ], [ 240873.512055888946634, 7001968.002612862735987 ] ] ], [ [ [ 217100.92312914703507, 7017138.265188145451248 ], [ 218198.122124322282616, 7016078.00021505728364 ], [ 217119.597128562279977, 7015721.041191290132701 ], [ 217100.92312914703507, 7017138.265188145451248 ] ] ] ] } },
{ "type": "Feature", "properties": { "id": 233, "gml_id": 28025792, "natcode": "167", "namefin": "Joensuu", "nameswe": "Joensuu", "landarea": 2381.9, "freshwarea": 369.07, "seawarea": null, "totalarea": 2750.97 }, "geometry": { "type": "MultiPolygon", "coordinates": [ [ [ [ 649789.701999716926366, 6991215.546995610930026 ], [ 653396.314999629161321, 6994512.750994589179754 ], [ 668349.353999047889374, 6991812.328988365828991 ], [ 679634.830998319084756, 6971455.973981168121099 ], [ 680016.649998370790854, 6956111.351981514133513 ], [ 683332.968998055206612, 6955799.989978575147688 ], [ 692780.823996979510412, 6942183.009968814440072 ], [ 697433.167996210744604, 6941834.833962221629918 ], [ 706276.921994438045658, 6931737.493947443552315 ], [ 703156.569995210506022, 6929990.349953706376255 ], [ 704464.806995014310814, 6923322.519951988942921 ], [ 711370.299993097432889, 6927288.499936684034765 ], [ 704369.499995170626789, 6914483.099953128956258 ], [ 696752.096996709355153, 6907880.704966021701694 ], [ 692811.722997216507792, 6916450.465970573015511 ], [ 684631.057998148025945, 6920784.05297908000648 ], [ 676418.029998839483596, 6916395.889985697343946 ], [ 672088.187999088200741, 6919236.287988249212503 ], [ 669612.75399921904318, 6917476.68398960866034 ], [ 667366.978999300627038, 6924759.481990529224277 ], [ 652352.967999755172059, 6918603.784995737485588 ], [ 642761.946999886888079, 6922622.429997547529638 ], [ 641593.148999890079722, 6935279.406997649930418 ], [ 633914.267999944277108, 6949327.701998537406325 ], [ 648754.284999785944819, 6947504.309996277093887 ], [ 651244.413999749696814, 6940711.584995779208839 ], [ 659635.308999536908232, 6945837.527993275783956 ], [ 664344.528999375062995, 6944403.974991467781365 ], [ 668582.22099917428568, 6948948.484989364631474 ], [ 663199.29999938479159, 6959102.413991662673652 ], [ 655004.356999634532258, 6964709.983994499780238 ], [ 649880.826999733690172, 6976093.870995745994151 ], [ 649789.701999716926366, 6991215.546995610930026 ] ] ] ] } },
{ "type": "Feature", "properties": { "id": 234, "gml_id": 28020944, "natcode": "092", "namefin": "Vantaa", "nameswe": "Vanda", "landarea": 238.39, "freshwarea": 1.95, "seawarea": null, "totalarea": 240.34 }, "geometry": { "type": "MultiPolygon", "coordinates": [ [ [ [ 399936.362999981967732, 6684600.244000071659684 ], [ 396776.283999979612418, 6679289.111000043340027 ], [ 390586.998999975505285, 6685274.089999974705279 ], [ 377355.889999967883341, 6680366.227999694645405 ], [ 375773.953999968944117, 6691596.515999632887542 ], [ 382590.572999971511308, 6697998.25499982573092 ], [ 387070.681999973312486, 6690188.007999919354916 ], [ 392345.172999977017753, 6691702.006999999284744 ], [ 391432.589999976335093, 6694418.371999985538423 ], [ 398036.849999980942812, 6692853.916000057011843 ], [ 395227.074999978998676, 6690255.974000030197203 ], [ 399936.362999981967732, 6684600.244000071659684 ] ] ] ] } },
{ "type": "Feature", "properties": { "id": 235, "gml_id": 28023482, "natcode": "609", "namefin": "Pori", "nameswe": "Björneborg", "landarea": 1156.68, "freshwarea": 61.5, "seawarea": 843.86, "totalarea": 2062.04 }, "geometry": { "type": "MultiPolygon", "coordinates": [ [ [ [ 247921.282028300804086, 6849511.875781334936619 ], [ 269867.738012095564045, 6848072.768895152024925 ], [ 269965.465011880616657, 6843325.256896612234414 ], [ 273339.148010397446342, 6845099.772907826118171 ], [ 268526.519012220669538, 6833046.709893765859306 ], [ 256997.596018836193252, 6825762.391845530830324 ], [ 247458.690027688542614, 6835751.493784812279046 ], [ 239786.04003655622364, 6836441.19572592433542 ], [ 227893.75705406756606, 6829593.382613565772772 ], [ 222549.46706235507736, 6816618.906561085022986 ], [ 207926.737101477338001, 6823170.66232733707875 ], [ 202168.747123887471389, 6831250.487198908813298 ], [ 174576.130281205580104, 6837156.328346410766244 ], [ 177111.126275384216569, 6855934.353380405344069 ], [ 221807.994071429420728, 6857383.968508877791464 ], [ 236817.157041131576989, 6841335.923696489073336 ], [ 244808.115031150780851, 6843391.424761964008212 ], [ 247921.282028300804086, 6849511.875781334936619 ] ], [ [ 259956.514017302688444, 6835867.483856822364032 ], [ 260707.085016765195178, 6835038.490860638208687 ], [ 259892.161017293168698, 6834815.704856850206852 ], [ 259956.514017302688444, 6835867.483856822364032 ] ] ] ] } },
{ "type": "Feature", "properties": { "id": 236, "gml_id": 28022805, "natcode": "216", "namefin": "Kannonkoski", "nameswe": "Kannonkoski", "landarea": 445.01, "freshwarea": 104.87, "seawarea": null, "totalarea": 549.88 }, "geometry": { "type": "MultiPolygon", "coordinates": [ [ [ [ 417980.499999994761311, 6997686.862000234425068 ], [ 425653.565999996499158, 6990167.015000252053142 ], [ 424278.330999995989259, 6985005.111000248230994 ], [ 429551.942999997001607, 6979689.338000254705548 ], [ 433189.567999997700099, 6981207.47900026012212 ], [ 434356.669999997713603, 6977421.569000260904431 ], [ 427279.714999996591359, 6970716.390000251121819 ], [ 426671.992999996407889, 6976335.01900025177747 ], [ 422124.875999995390885, 6976321.495000241324306 ], [ 413383.667999993253034, 6966506.267000209540129 ], [ 407443.601999992039055, 6973074.489000170491636 ], [ 408039.324999992270023, 6978522.908000175841153 ], [ 401860.867999991634861, 6980949.763000113889575 ], [ 400888.616999991820194, 6986385.02800009958446 ], [ 406862.154999992402736, 6990601.843000166118145 ], [ 407056.987999992561527, 6995879.364000167697668 ], [ 417980.499999994761311, 6997686.862000234425068 ] ] ] ] } },
{ "type": "Feature", "properties": { "id": 237, "gml_id": 28020899, "natcode": "611", "namefin": "Pornainen", "nameswe": "Borgnäs", "landarea": 146.54, "freshwarea": 3.55, "seawarea": null, "totalarea": 150.09 }, "geometry": { "type": "MultiPolygon", "coordinates": [ [ [ [ 413795.168999990448356, 6706224.10800014436245 ], [ 418012.333999992581084, 6701318.941000152379274 ], [ 409843.853999988292344, 6697758.510000126436353 ], [ 401427.089999983611051, 6711209.633000088855624 ], [ 412963.006999990262557, 6714194.85800014436245 ], [ 413795.168999990448356, 6706224.10800014436245 ] ] ] ] } },
{ "type": "Feature", "properties": { "id": 238, "gml_id": 28023658, "natcode": "301", "namefin": "Kurikka", "nameswe": "Kurikka", "landarea": 1724.79, "freshwarea": 19.14, "seawarea": null, "totalarea": 1743.93 }, "geometry": { "type": "MultiPolygon", "coordinates": [ [ [ [ 300261.951003897353075, 6915694.296960932202637 ], [ 279286.735009881376754, 6911883.152913435362279 ], [ 273716.601012589992024, 6915336.616893386468291 ], [ 274944.628012409317307, 6927638.620895034633577 ], [ 272250.402014119550586, 6934073.153882773593068 ], [ 261265.587022028747015, 6937625.419827430509031 ], [ 257278.521026008907938, 6942516.144800637848675 ], [ 245385.791040442476515, 6943805.488706385716796 ], [ 248866.222035935294116, 6946499.034735471941531 ], [ 248616.0720367457252, 6951180.017730447463691 ], [ 242107.261046727653593, 6953682.276667104102671 ], [ 240070.363049652980408, 6949760.420648599043489 ], [ 237720.265054292103741, 6952385.598619961179793 ], [ 232265.202065317367669, 6951514.996552556753159 ], [ 233995.008061894739512, 6953356.389573436230421 ], [ 233945.111062292533461, 6955044.72557112108916 ], [ 226176.120080590539146, 6953602.831461414694786 ], [ 233606.194064302952029, 6962292.144559369422495 ], [ 231030.936071621952578, 6969614.390515817329288 ], [ 233983.387066946655978, 6981349.5785445952788 ], [ 240654.014051919250051, 6973001.528635765425861 ], [ 255005.20303037497797, 6967040.635772583074868 ], [ 252161.233033434167737, 6963676.432752436958253 ], [ 274928.723013332579285, 6951909.741888926364481 ], [ 275442.942012941930443, 6948981.814891688525677 ], [ 278375.080011428974103, 6948122.065902744419873 ], [ 277334.629012068035081, 6951851.564898137003183 ], [ 279152.426011115778238, 6949750.313905098475516 ], [ 287666.692007752484642, 6951654.695930525660515 ], [ 300092.937004022649489, 6923176.335959983989596 ], [ 300261.951003897353075, 6915694.296960932202637 ] ], [ [ 263177.364020521752536, 6938706.29283782094717 ], [ 263983.97801989573054, 6938854.034842153079808 ], [ 264118.543019768665545, 6938450.033843020908535 ], [ 263177.364020521752536, 6938706.29283782094717 ] ] ], [ [ [ 238092.076053302414948, 6950423.431625965982676 ], [ 237639.022054285742342, 6951333.534619938582182 ], [ 237915.371053743176162, 6951173.406623283401132 ], [ 238092.076053302414948, 6950423.431625965982676 ] ] ], [ [ [ 239138.612050976895262, 6947511.134640230797231 ], [ 238242.674052812653827, 6948994.858628918416798 ], [ 239408.294050618977053, 6948362.581642503850162 ], [ 239138.612050976895262, 6947511.134640230797231 ] ] ] ] } },
{ "type": "Feature", "properties": { "id": 239, "gml_id": 28020889, "natcode": "186", "namefin": "Järvenpää", "nameswe": "Träskända", "landarea": 37.54, "freshwarea": 2.39, "seawarea": null, "totalarea": 39.93 }, "geometry": { "type": "MultiPolygon", "coordinates": [ [ [ [ 398206.693999981449451, 6704309.973000061698258 ], [ 392747.795999977679458, 6702964.899000003933907 ], [ 392299.657999977702275, 6710036.469999996945262 ], [ 399431.832999982405454, 6709524.161000072956085 ], [ 398206.693999981449451, 6704309.973000061698258 ] ] ] ] } },
{ "type": "Feature", "properties": { "id": 240, "gml_id": 28021898, "natcode": "700", "namefin": "Ruokolahti", "nameswe": "Ruokolahti", "landarea": 942.22, "freshwarea": 277.64, "seawarea": null, "totalarea": 1219.86 }, "geometry": { "type": "MultiPolygon", "coordinates": [ [ [ [ 608698.741000019013882, 6785463.502999980933964 ], [ 603481.502000016858801, 6789663.15500005427748 ], [ 602392.7740000160411, 6795958.022000066936016 ], [ 598941.40300001448486, 6795109.880000098608434 ], [ 597829.105000014067627, 6790248.147000108845532 ], [ 590731.268000010866672, 6790415.065000153146684 ], [ 586119.534000008832663, 6785913.92900016810745 ], [ 574927.383000004687347, 6795299.456000197678804 ], [ 566913.401000002748333, 6805721.64700020570308 ], [ 576045.059000005014241, 6814506.16900020185858 ], [ 576626.611000005155802, 6820614.718000204302371 ], [ 587853.116000009118579, 6815685.200000171549618 ], [ 595424.324000012478791, 6817314.914000132121146 ], [ 596731.398000012733974, 6823965.841000121086836 ], [ 620151.249000014620833, 6827002.31099967379123 ], [ 617953.957000016933307, 6818825.97899975348264 ], [ 610033.228000017581508, 6815822.390999952331185 ], [ 615023.114000017987564, 6812491.612999840639532 ], [ 612901.201000018627383, 6806477.03399989567697 ], [ 608356.053000017767772, 6807293.943999984301627 ], [ 607889.976000017602928, 6806883.306999990716577 ], [ 610931.760000018519349, 6805770.364999937824905 ], [ 608560.973000018624589, 6791652.928999981842935 ], [ 611969.617000019876286, 6788011.963999919593334 ], [ 608698.741000019013882, 6785463.502999980933964 ] ] ] ] } },
{ "type": "Feature", "properties": { "id": 241, "gml_id": 28019295, "natcode": "895", "namefin": "Uusikaupunki", "nameswe": "Nystad", "landarea": 504.34, "freshwarea": 47.96, "seawarea": 1380.32, "totalarea": 1932.62 }, "geometry": { "type": "MultiPolygon", "coordinates": [ [ [ [ 164822.141326967510395, 6792899.607099642045796 ], [ 188815.586162016610615, 6782313.108977547846735 ], [ 197909.875119989970699, 6771024.884213923476636 ], [ 196800.934122779988684, 6767108.386197351850569 ], [ 200351.829108485078905, 6761033.910279413685203 ], [ 202654.564101412252057, 6762187.638320988044143 ], [ 203467.664097783155739, 6757932.366341886110604 ], [ 212255.583073421905283, 6753872.150487654842436 ], [ 214648.51006703148596, 6748558.099526385776699 ], [ 211382.330073752440512, 6745241.653484791517258 ], [ 203530.96309455082519, 6746118.477359674870968 ], [ 204004.930092158028856, 6742021.332373442128301 ], [ 200340.77710238652071, 6739255.800312518142164 ], [ 204556.514088450639974, 6733083.117394585162401 ], [ 195701.788116710202303, 6735657.635228301398456 ], [ 192904.154126151930541, 6733453.589173407293856 ], [ 185267.85016222455306, 6743788.022970392368734 ], [ 144381.636525917856488, 6769674.180094326846302 ], [ 164822.141326967510395, 6792899.607099642045796 ] ] ], [ [ [ 177185.85120224423008, 6739825.216748675331473 ], [ 181868.716176942107268, 6739598.616887778043747 ], [ 181199.112178987183142, 6736686.354875950142741 ], [ 177185.85120224423008, 6739825.216748675331473 ] ] ] ] } },
{ "type": "Feature", "properties": { "id": 242, "gml_id": 28023558, "natcode": "271", "namefin": "Kokemäki", "nameswe": "Kumo", "landarea": 480.73, "freshwarea": 50.53, "seawarea": null, "totalarea": 531.26 }, "geometry": { "type": "MultiPolygon", "coordinates": [ [ [ [ 246310.079025635524886, 6793564.281796743161976 ], [ 238676.651034809619887, 6804822.369735625572503 ], [ 244226.716028412804008, 6803166.42277830094099 ], [ 247259.045026006962871, 6810958.770795047283173 ], [ 244005.730029817757895, 6817495.683769565075636 ], [ 256997.596018836193252, 6825762.391845530830324 ], [ 263236.792014432954602, 6817580.909876918420196 ], [ 264251.781013515312225, 6808859.504883368499577 ], [ 264680.375012975826394, 6800779.543887096457183 ], [ 260483.87901523054461, 6798861.734870417974889 ], [ 259676.062015445670113, 6792827.381868620403111 ], [ 256995.750017005193513, 6790196.091857205145061 ], [ 246310.079025635524886, 6793564.281796743161976 ] ] ] ] } },
{ "type": "Feature", "properties": { "id": 243, "gml_id": 28023871, "natcode": "051", "namefin": "Eurajoki", "nameswe": "Euraåminne", "landarea": 515.03, "freshwarea": 5.87, "seawarea": 984.03, "totalarea": 1504.93 }, "geometry": { "type": "MultiPolygon", "coordinates": [ [ [ [ 223864.961055485589895, 6789881.080601739697158 ], [ 212066.443081723933574, 6791271.895441030152142 ], [ 200326.544121443876065, 6802914.51620952039957 ], [ 168670.394308219489176, 6810232.108200413174927 ], [ 174576.130281205580104, 6837156.328346410766244 ], [ 202168.747123887471389, 6831250.487198908813298 ], [ 207926.737101477338001, 6823170.66232733707875 ], [ 215160.165080392034724, 6821647.307451874017715 ], [ 227368.257051433669403, 6804984.409628377296031 ], [ 225238.035054492007475, 6799992.912608746439219 ], [ 228319.82604812819045, 6792513.433648467063904 ], [ 223864.961055485589895, 6789881.080601739697158 ] ] ] ] } },
{ "type": "Feature", "properties": { "id": 244, "gml_id": 28025452, "natcode": "687", "namefin": "Rautavaara", "nameswe": "Rautavaara", "landarea": 1150.81, "freshwarea": 84.44, "seawarea": null, "totalarea": 1235.25 }, "geometry": { "type": "MultiPolygon", "coordinates": [ [ [ [ 567084.892000002204441, 7070427.845000278204679 ], [ 572235.875000003026798, 7064255.755000272765756 ], [ 579481.587000004365109, 7061760.171000251546502 ], [ 579773.384000004269183, 7050707.589000250212848 ], [ 583722.088000005111098, 7048270.529000234790146 ], [ 579746.33100000442937, 7045333.582000249996781 ], [ 583160.061000005225651, 7033824.738000233657658 ], [ 587931.854000006220303, 7030006.200000207871199 ], [ 581014.910000005038455, 7009316.947000240907073 ], [ 573697.950000003678724, 7013932.525000258348882 ], [ 570444.058000002754852, 7028132.784000268206 ], [ 567952.397000002441928, 7028008.709000270813704 ], [ 567126.03800000238698, 7022491.589000270701945 ], [ 563550.234000001801178, 7022862.337000272236764 ], [ 562940.089000001782551, 7029138.877000275067985 ], [ 558212.3260000012815, 7027554.337000276893377 ], [ 553989.849000000860542, 7031372.909000277519226 ], [ 552726.011000000871718, 7035108.45200027897954 ], [ 555270.073000001022592, 7033343.395000278018415 ], [ 556328.153000001213513, 7039065.119000279344618 ], [ 551563.813000000780448, 7047675.023000284098089 ], [ 551747.820000000647269, 7055003.551000284031034 ], [ 557710.527000001166016, 7065881.285000283271074 ], [ 563043.244000001694076, 7060737.936000281944871 ], [ 567084.892000002204441, 7070427.845000278204679 ] ] ] ] } },
{ "type": "Feature", "properties": { "id": 245, "gml_id": 28023237, "natcode": "182", "namefin": "Jämsä", "nameswe": "Jämsä", "landarea": 1571.44, "freshwarea": 252.47, "seawarea": null, "totalarea": 1823.91 }, "geometry": { "type": "MultiPolygon", "coordinates": [ [ [ [ 375397.615999998932239, 6875632.580999420024455 ], [ 389079.739999987185001, 6882556.807999911718071 ], [ 386726.01299998833565, 6888613.349999851547182 ], [ 394359.981999987736344, 6899320.787000014446676 ], [ 401979.076999988639727, 6893850.477000118233263 ], [ 410640.454999991459772, 6892336.109000181779265 ], [ 413770.8429999925429, 6887509.394000195898116 ], [ 409056.612999990640674, 6880785.675000171177089 ], [ 414710.241999992576893, 6875916.537000196054578 ], [ 412693.244999991846271, 6869817.113000187091529 ], [ 418250.703999993624166, 6867525.678000206127763 ], [ 426090.904999995836988, 6857066.639000219292939 ], [ 424333.889999995357357, 6851895.565000214613974 ], [ 416140.771999992954079, 6848058.914000195451081 ], [ 413979.944999991857912, 6843292.710000185295939 ], [ 393433.928999984986149, 6852102.657000007107854 ], [ 394520.625999984913506, 6845861.520000024698675 ], [ 392079.217999984626658, 6848643.009999983943999 ], [ 389680.958999984199181, 6843238.392999939620495 ], [ 391889.347999983932823, 6834729.063999984413385 ], [ 384986.644999984069727, 6837218.869999829679728 ], [ 386462.798999983991962, 6839646.978999868035316 ], [ 380243.860999986995012, 6842149.360999673604965 ], [ 379755.729999988689087, 6849931.580999648198485 ], [ 381511.687999987450894, 6852455.644999710842967 ], [ 384662.457999985374045, 6848746.619999812915921 ], [ 384448.978999985847622, 6852282.600999806076288 ], [ 369984.957000009715557, 6866558.108999109826982 ], [ 375397.615999998932239, 6875632.580999420024455 ] ] ] ] } },
{ "type": "Feature", "properties": { "id": 246, "gml_id": 28021843, "natcode": "740", "namefin": "Savonlinna", "nameswe": "Nyslott", "landarea": 2223.14, "freshwarea": 1343.23, "seawarea": null, "totalarea": 3566.37 }, "geometry": { "type": "MultiPolygon", "coordinates": [ [ [ [ 585012.721000007237308, 6892678.663000200875103 ], [ 595996.082000011228956, 6882883.375000135041773 ], [ 590268.319000009214506, 6881472.808000174351037 ], [ 593633.931000010459684, 6877670.31700015347451 ], [ 595799.084000011207536, 6879075.100000138394535 ], [ 600341.48100001248531, 6875229.570000092498958 ], [ 604806.560000013210811, 6878738.942000031471252 ], [ 609032.524000013712794, 6876694.307999956421554 ], [ 610975.69200001261197, 6886871.704999909736216 ], [ 598647.986000011209399, 6900991.87800010945648 ], [ 603838.969000011566095, 6912774.996000042185187 ], [ 612308.451000009663403, 6913049.133999861776829 ], [ 611859.179000009316951, 6920812.618999870494008 ], [ 617168.754000004963018, 6921653.407999697141349 ], [ 626271.813999991747551, 6902900.183999279513955 ], [ 628458.239999989862554, 6885658.009999173693359 ], [ 639420.600999943329953, 6874464.817998231388628 ], [ 637321.820999959483743, 6867290.203998487442732 ], [ 641850.717999932705425, 6862018.777997994795442 ], [ 634839.315999981132336, 6842296.308998799882829 ], [ 627331.158000003779307, 6837973.340999331325293 ], [ 620151.249000014620833, 6827002.31099967379123 ], [ 604875.308000015793368, 6824099.292000036686659 ], [ 597404.378000013064593, 6827658.561000118032098 ], [ 598618.328000013250858, 6831627.659000106155872 ], [ 585808.047000008169562, 6835501.286000183783472 ], [ 586864.43800000846386, 6841335.646000180393457 ], [ 582066.021000006701797, 6846002.73600019980222 ], [ 584629.019000007538125, 6847549.210000193677843 ], [ 584009.398000007378869, 6853432.434000195935369 ], [ 571941.440000003669411, 6866547.775000222958624 ], [ 580364.328000006033108, 6866930.457000209018588 ], [ 581237.58500000636559, 6869754.138000208884478 ], [ 587873.581000008620322, 6867234.804000182077289 ], [ 591178.033000009716488, 6872219.38200016785413 ], [ 586791.364000008092262, 6872949.661000191234052 ], [ 588014.880000008502975, 6876810.630000185221434 ], [ 585198.22600000735838, 6877286.095000198110938 ], [ 583167.512000006623566, 6886596.132000206969678 ], [ 574011.60500000405591, 6888136.157000225037336 ], [ 572240.425000003771856, 6898837.521000233478844 ], [ 585012.721000007237308, 6892678.663000200875103 ] ] ] ] } },
{ "type": "Feature", "properties": { "id": 247, "gml_id": 28019454, "natcode": "833", "namefin": "Taivassalo", "nameswe": "Tövsala", "landarea": 141.7, "freshwarea": 1.39, "seawarea": 74.61, "totalarea": 217.7 }, "geometry": { "type": "MultiPolygon", "coordinates": [ [ [ [ 199729.771097989694681, 6715828.948335642926395 ], [ 198495.737104616069701, 6726271.093297777697444 ], [ 192169.833128546422813, 6732315.210159474052489 ], [ 195701.788116710202303, 6735657.635228301398456 ], [ 205359.178085825114977, 6731151.498410132713616 ], [ 208770.171077511331532, 6733002.452460628002882 ], [ 214247.914063939475454, 6726375.842543474398553 ], [ 209754.622073481092229, 6724733.511484382674098 ], [ 208419.783075165876653, 6717493.373473311774433 ], [ 199729.771097989694681, 6715828.948335642926395 ] ] ] ] } },
{ "type": "Feature", "properties": { "id": 248, "gml_id": 28021488, "natcode": "111", "namefin": "Heinola", "nameswe": "Heinola", "landarea": 675.95, "freshwarea": 163.33, "seawarea": null, "totalarea": 839.28 }, "geometry": { "type": "MultiPolygon", "coordinates": [ [ [ [ 458825.643999999796506, 6777491.652000200934708 ], [ 453782.166999999491964, 6780409.619000201113522 ], [ 448838.631999999284744, 6774406.166000198572874 ], [ 440997.912999998719897, 6772118.832000197842717 ], [ 438438.614999998186249, 6774759.93000019621104 ], [ 442401.750999998766929, 6788656.955000203102827 ], [ 435714.468999997712672, 6793683.553000204265118 ], [ 439761.548999998369254, 6803971.788000208325684 ], [ 454641.313999999605585, 6805644.725000211037695 ], [ 460772.694999999832362, 6810440.840000213123858 ], [ 463668.833999999857042, 6807388.991000210866332 ], [ 461804.101999999838881, 6803920.350000210106373 ], [ 467175.657, 6799117.762000209651887 ], [ 473576.84599999996135, 6800740.239000208675861 ], [ 473923.354000000108499, 6793440.713000207208097 ], [ 458825.643999999796506, 6777491.652000200934708 ] ] ] ] } },
{ "type": "Feature", "properties": { "id": 249, "gml_id": 28023126, "natcode": "595", "namefin": "Pielavesi", "nameswe": "Pielavesi", "landarea": 1153.22, "freshwarea": 253.29, "seawarea": null, "totalarea": 1406.51 }, "geometry": { "type": "MultiPolygon", "coordinates": [ [ [ [ 480114.213999999978114, 6990337.4640002688393 ], [ 474439.419, 6998182.904000272043049 ], [ 470846.144999999902211, 7014733.361000276170671 ], [ 457055.197999999625608, 7036862.779000280424953 ], [ 458422.281999999831896, 7039438.245000281371176 ], [ 464503.905999999900814, 7037306.546000282280147 ], [ 466856.128999999898952, 7039395.963000282645226 ], [ 475271.609999999927823, 7033777.776000280864537 ], [ 476281.203999999968801, 7037086.956000281497836 ], [ 484432.639000000257511, 7034935.415000280365348 ], [ 491270.490999999979977, 7043139.938000281341374 ], [ 502631.875999999931082, 7018936.614000275731087 ], [ 506916.343000000051688, 7021314.425000277347863 ], [ 506214.962, 7014024.351000275462866 ], [ 501662.603, 7014122.74400027282536 ], [ 501839.61199999996461, 7007339.948000274598598 ], [ 505586.539999999920838, 7003707.487000273540616 ], [ 497626.989000000059605, 7005035.554000274278224 ], [ 501070.521000000066124, 7001496.586000273004174 ], [ 495149.194999999948777, 6997962.121000272221863 ], [ 492120.689000000071246, 6999796.077000270597637 ], [ 493931.419, 6994587.588000271469355 ], [ 480114.213999999978114, 6990337.4640002688393 ] ] ] ] } },
{ "type": "Feature", "properties": { "id": 250, "gml_id": 28027906, "natcode": "583", "namefin": "Pelkosenniemi", "nameswe": "Pelkosenniemi", "landarea": 1836.41, "freshwarea": 45.41, "seawarea": null, "totalarea": 1881.82 }, "geometry": { "type": "MultiPolygon", "coordinates": [ [ [ [ 478933.385, 7425099.020000323653221 ], [ 489595.754000000015367, 7437233.431000323966146 ], [ 491481.728000000061002, 7434252.527000322937965 ], [ 490879.889000000082888, 7438648.928000327199697 ], [ 498506.943000000028405, 7447327.103000323288143 ], [ 500023.802000000025146, 7446138.956000323407352 ], [ 500506.347, 7446350.978000325150788 ], [ 498612.629000000073574, 7447447.748000324703753 ], [ 503763.118000000074971, 7469031.515000321902335 ], [ 510853.321999999927357, 7471890.308000325225294 ], [ 509513.785999999963678, 7478811.97800032235682 ], [ 533147.329000000143424, 7465521.062000322155654 ], [ 537908.841000000131316, 7451205.658000322058797 ], [ 559009.522000000695698, 7444076.555000316351652 ], [ 541652.829000000259839, 7434993.629000321961939 ], [ 538619.006000000168569, 7418935.01400032453239 ], [ 529899.707000000053085, 7429190.254000326618552 ], [ 517344.36199999996461, 7432222.519000326283276 ], [ 514602.317000000155531, 7436216.001000327058136 ], [ 510844.980000000039581, 7432805.538000324741006 ], [ 478933.385, 7425099.020000323653221 ] ] ] ] } },
{ "type": "Feature", "properties": { "id": 251, "gml_id": 28023352, "natcode": "230", "namefin": "Karvia", "nameswe": "Karvia", "landarea": 502.22, "freshwarea": 17.68, "seawarea": null, "totalarea": 519.9 }, "geometry": { "type": "MultiPolygon", "coordinates": [ [ [ [ 258966.253021522978088, 6898659.030829522758722 ], [ 267353.550015829503536, 6905639.51986968703568 ], [ 271595.655013780575246, 6916623.957884746603668 ], [ 283701.69600816629827, 6911326.951926516368985 ], [ 284575.913007604773156, 6900287.773930643685162 ], [ 279725.246009322814643, 6898573.054917356930673 ], [ 279531.322009111929219, 6888121.0049187252298 ], [ 270056.750013417680748, 6886111.287886520847678 ], [ 266470.516015314671677, 6882122.777872646227479 ], [ 261164.017018930433551, 6883395.734847010113299 ], [ 258270.598021315468941, 6885959.591830488294363 ], [ 262063.695018421421992, 6886068.221850677393377 ], [ 259078.379020747059258, 6887321.856834475882351 ], [ 261385.167018973530503, 6887173.902846836484969 ], [ 262437.17601861373987, 6894732.431849622167647 ], [ 260466.555020259111188, 6897648.970838231965899 ], [ 260107.03702045060345, 6896097.054836849682033 ], [ 260724.330019854038255, 6894071.175840926356614 ], [ 260465.938020020723343, 6893508.922839747741818 ], [ 258966.253021522978088, 6898659.030829522758722 ] ] ] ] } },
{ "type": "Feature", "properties": { "id": 252, "gml_id": 28020524, "natcode": "753", "namefin": "Sipoo", "nameswe": "Sibbo", "landarea": 339.67, "freshwarea": 3.0, "seawarea": 355.93, "totalarea": 698.6 }, "geometry": { "type": "MultiPolygon", "coordinates": [ [ [ [ 399460.691999982227571, 6709189.701000072993338 ], [ 418498.101999992388301, 6681862.819000143557787 ], [ 410558.998999988543801, 6671362.477000120095909 ], [ 406641.325999985798262, 6645584.167000097222626 ], [ 397119.090999978827313, 6646433.217000038363039 ], [ 403516.212999984330963, 6685567.211000096052885 ], [ 400258.36499998223735, 6684176.914000073447824 ], [ 395227.074999978998676, 6690255.974000030197203 ], [ 397994.292999980854802, 6690740.512000055983663 ], [ 399460.691999982227571, 6709189.701000072993338 ] ] ] ] } },
{ "type": "Feature", "properties": { "id": 253, "gml_id": 28023156, "natcode": "992", "namefin": "Äänekoski", "nameswe": "Äänekoski", "landarea": 884.61, "freshwarea": 253.7, "seawarea": null, "totalarea": 1138.31 }, "geometry": { "type": "MultiPolygon", "coordinates": [ [ [ [ 422020.073999995132908, 6936041.998000233434141 ], [ 422908.88999999553198, 6955970.966000239364803 ], [ 433491.843999997712672, 6962014.069000255316496 ], [ 427279.714999996591359, 6970716.390000251121819 ], [ 434356.669999997713603, 6977421.569000260904431 ], [ 448480.650999999488704, 6971329.057000263594091 ], [ 450349.237999999546446, 6975269.726000264286995 ], [ 450497.734999999345746, 6975270.096000266261399 ], [ 458719.053999999770895, 6970465.058000264689326 ], [ 450310.042999999364838, 6966508.130000260658562 ], [ 455815.177999999781605, 6959175.019000260159373 ], [ 457047.040999999677297, 6951136.807000258937478 ], [ 460762.36999999982072, 6949987.792000259272754 ], [ 445212.628999999025837, 6933094.676000252366066 ], [ 439677.477999998547602, 6935451.672000251710415 ], [ 440429.563999998499639, 6932978.7600002521649 ], [ 433727.948999997519422, 6928362.717000246047974 ], [ 429393.951999996847007, 6936732.126000244170427 ], [ 422020.073999995132908, 6936041.998000233434141 ] ] ] ] } },
{ "type": "Feature", "properties": { "id": 254, "gml_id": 28018709, "natcode": "170", "namefin": "Jomala", "nameswe": "Jomala", "landarea": 142.97, "freshwarea": 0.96, "seawarea": 543.07, "totalarea": 687.0 }, "geometry": { "type": "MultiPolygon", "coordinates": [ [ [ [ 106066.18605593231041, 6680406.297545960173011 ], [ 104620.611083424417302, 6677467.686418006196618 ], [ 88482.91445555788232, 6651043.882719705812633 ], [ 77469.837941089528613, 6670792.549611622467637 ], [ 108691.230033634987194, 6695873.270657761953771 ], [ 112324.419940990221221, 6692092.161083680577576 ], [ 115037.249885976081714, 6693379.015340721234679 ], [ 119119.776791985728778, 6687192.928779575042427 ], [ 113561.309891058597714, 6681973.048310798592865 ], [ 109606.966977203614078, 6682052.042910012416542 ], [ 109363.682994151953608, 6686625.613834286108613 ], [ 107055.337047599023208, 6686269.311587826348841 ], [ 106066.18605593231041, 6680406.297545960173011 ] ] ], [ [ [ 106299.848050948523451, 6680657.232569009996951 ], [ 106325.186050302640069, 6680644.21157197188586 ], [ 106299.589050872309599, 6680626.132569341920316 ], [ 106299.848050948523451, 6680657.232569009996951 ] ] ], [ [ [ 106252.261051510286052, 6680436.016566294245422 ], [ 106250.256051403586753, 6680377.574566747061908 ], [ 106219.242052379588131, 6680463.006562313996255 ], [ 106252.261051510286052, 6680436.016566294245422 ] ] ], [ [ [ 106279.955050945689436, 6680475.205568910576403 ], [ 106324.720049776893575, 6680441.595574261620641 ], [ 106290.051050548499916, 6680417.106570702977479 ], [ 106279.955050945689436, 6680475.205568910576403 ] ] ] ] } },
{ "type": "Feature", "properties": { "id": 255, "gml_id": 28025184, "natcode": "217", "namefin": "Kannus", "nameswe": "Kannus", "landarea": 468.02, "freshwarea": 2.32, "seawarea": null, "totalarea": 470.34 }, "geometry": { "type": "MultiPolygon", "coordinates": [ [ [ [ 342492.298000713868532, 7095255.625991362147033 ], [ 342455.490000729390886, 7100658.218991228379309 ], [ 350088.247000438859686, 7096884.496994261629879 ], [ 347177.587000543309841, 7102426.283993160352111 ], [ 349513.421000475995243, 7108116.751993905752897 ], [ 352930.657000375445932, 7106827.519994994625449 ], [ 354053.498000352585223, 7110689.859995263628662 ], [ 357922.837000264727976, 7108191.109996264800429 ], [ 359765.745000218506902, 7095384.066996774636209 ], [ 364807.017000140855089, 7086218.88499772362411 ], [ 357466.44400024972856, 7086120.600996369495988 ], [ 351777.655000365222804, 7079374.111995010636747 ], [ 351298.864000368630514, 7073363.561994948424399 ], [ 343890.377000627457164, 7083997.744992200285196 ], [ 338680.093000871129334, 7085265.265989729203284 ], [ 340931.61400076537393, 7087650.149990802630782 ], [ 343185.811000660760328, 7085914.114991863258183 ], [ 340249.405000809347257, 7091530.402990380302072 ], [ 339803.385000818641856, 7087014.821990266442299 ], [ 336031.86700104502961, 7092006.035988063551486 ], [ 342492.298000713868532, 7095255.625991362147033 ] ] ] ] } },
{ "type": "Feature", "properties": { "id": 256, "gml_id": 28020222, "natcode": "019", "namefin": "Aura", "nameswe": "Aura", "landarea": 95.01, "freshwarea": 0.57, "seawarea": null, "totalarea": 95.58 }, "geometry": { "type": "MultiPolygon", "coordinates": [ [ [ [ 263938.375010856194422, 6730398.526900697499514 ], [ 257178.400014030194143, 6726491.596876456402242 ], [ 257948.148013472731691, 6722921.68088049069047 ], [ 252771.279016483575106, 6723487.742858173325658 ], [ 254539.368015724496217, 6730559.366864058189094 ], [ 251038.068018012942048, 6731421.608847396448255 ], [ 250110.716019243351184, 6742255.862839040346444 ], [ 256046.233014957309933, 6733334.532869841903448 ], [ 263938.375010856194422, 6730398.526900697499514 ] ] ], [ [ [ 257718.182013687444851, 6725243.980878970585763 ], [ 258880.342013054556446, 6724644.910883708857 ], [ 258367.067013296094956, 6724021.726881863549352 ], [ 257718.182013687444851, 6725243.980878970585763 ] ] ] ] } },
{ "type": "Feature", "properties": { "id": 257, "gml_id": 28021738, "natcode": "416", "namefin": "Lemi", "nameswe": "Lemi", "landarea": 218.01, "freshwarea": 44.47, "seawarea": null, "totalarea": 262.48 }, "geometry": { "type": "MultiPolygon", "coordinates": [ [ [ [ 530962.24800000002142, 6764893.318000193685293 ], [ 535055.268000000156462, 6766688.631000195629895 ], [ 533313.246000000159256, 6770086.234000197611749 ], [ 538205.826000000350177, 6774451.848000200465322 ], [ 537395.109000000404194, 6779784.630000200122595 ], [ 545732.280000000493601, 6781988.686000200919807 ], [ 547172.666000000433996, 6777362.001000199466944 ], [ 548576.388000000733882, 6778859.300000200048089 ], [ 552854.388000001083128, 6774023.808000199496746 ], [ 553431.093000001041219, 6768100.925000196322799 ], [ 546857.680000000633299, 6766061.900000196881592 ], [ 546389.998000000487082, 6762395.088000196963549 ], [ 530962.24800000002142, 6764893.318000193685293 ] ] ] ] } },
{ "type": "Feature", "properties": { "id": 258, "gml_id": 28021628, "natcode": "489", "namefin": "Miehikkälä", "nameswe": "Miehikkälä", "landarea": 422.65, "freshwarea": 17.73, "seawarea": null, "totalarea": 440.38 }, "geometry": { "type": "MultiPolygon", "coordinates": [ [ [ [ 538858.650000000372529, 6740202.11700018402189 ], [ 540582.083000000100583, 6736172.77000018209219 ], [ 546306.809000000474043, 6737018.817000181414187 ], [ 549252.63500000082422, 6729295.48100018221885 ], [ 554172.439000001060776, 6726329.726000179536641 ], [ 547343.573000000673346, 6719586.021000176668167 ], [ 544832.553000000421889, 6724586.087000179104507 ], [ 537718.111000000266358, 6720741.720000174827874 ], [ 529472.152000000118278, 6724817.150000180117786 ], [ 527075.76, 6718457.09100017696619 ], [ 523027.418, 6729875.352000181563199 ], [ 523282.599999999976717, 6745336.095000186003745 ], [ 527469.947999999974854, 6740530.869000186212361 ], [ 538858.650000000372529, 6740202.11700018402189 ] ] ] ] } },
{ "type": "Feature", "properties": { "id": 259, "gml_id": 28021943, "natcode": "623", "namefin": "Puumala", "nameswe": "Puumala", "landarea": 794.12, "freshwarea": 443.63, "seawarea": null, "totalarea": 1237.75 }, "geometry": { "type": "MultiPolygon", "coordinates": [ [ [ [ 596327.952000012621284, 6823806.065000127069652 ], [ 595424.324000012478791, 6817314.914000132121146 ], [ 587853.116000009118579, 6815685.200000171549618 ], [ 576626.611000005155802, 6820614.718000204302371 ], [ 576045.059000005014241, 6814506.16900020185858 ], [ 567647.605000002891757, 6805338.011000204831362 ], [ 545802.959000000380911, 6802206.638000210747123 ], [ 536123.526000000187196, 6806988.541000210680068 ], [ 536252.352000000071712, 6810131.367000211961567 ], [ 540525.026000000187196, 6811494.845000212080777 ], [ 539166.627000000094995, 6818306.075000217184424 ], [ 549856.114000000525266, 6824725.140000219456851 ], [ 552723.774000000790693, 6830648.960000218823552 ], [ 551392.101000000722706, 6836202.721000221557915 ], [ 559415.230000001611188, 6832239.920000217854977 ], [ 562166.891000001924112, 6843209.650000222027302 ], [ 564076.847000002395362, 6839264.564000220037997 ], [ 573711.672000004444271, 6838091.161000211723149 ], [ 577349.447000005398877, 6831714.441000204533339 ], [ 583404.192000007256866, 6830603.967000189237297 ], [ 584182.876000007614493, 6826330.052000187337399 ], [ 584118.665000007720664, 6829798.836000189185143 ], [ 596327.952000012621284, 6823806.065000127069652 ] ] ] ] } },
{ "type": "Feature", "properties": { "id": 260, "gml_id": 28024156, "natcode": "272", "namefin": "Kokkola", "nameswe": "Karleby", "landarea": 1446.46, "freshwarea": 46.32, "seawarea": 1238.37, "totalarea": 2731.15 }, "geometry": { "type": "MultiPolygon", "coordinates": [ [ [ [ 348181.099000432644971, 7059859.884994178079069 ], [ 326421.512001718918327, 7077191.278981656767428 ], [ 324714.069001859053969, 7072647.811980354599655 ], [ 318721.936002582777292, 7075736.622973995283246 ], [ 314290.001003189128824, 7070565.494968768209219 ], [ 303549.675005549215712, 7079942.706949690356851 ], [ 299396.658006685611326, 7077480.273940801620483 ], [ 296048.421007841243409, 7079638.58793200366199 ], [ 297573.901007383305114, 7082651.379935524426401 ], [ 291806.796010018326342, 7098121.703916073776782 ], [ 269757.207025762763806, 7106576.567807553336024 ], [ 278585.305018518585712, 7115370.584856390021741 ], [ 294973.467009399784729, 7123760.035921019501984 ], [ 329149.773001667461358, 7113662.295982372015715 ], [ 342492.298000713868532, 7095255.625991362147033 ], [ 339185.470000864297617, 7091751.411989830434322 ], [ 336970.342000995296985, 7093984.855988556519151 ], [ 336265.842001037322916, 7093904.583988145925105 ], [ 338752.398000874265563, 7087506.376989712938666 ], [ 340249.405000809347257, 7091530.402990380302072 ], [ 343185.811000660760328, 7085914.114991863258183 ], [ 340931.61400076537393, 7087650.149990802630782 ], [ 338680.093000871129334, 7085265.265989729203284 ], [ 343890.377000627457164, 7083997.744992200285196 ], [ 347186.405000493046828, 7076561.718993591144681 ], [ 362726.709000147879124, 7060696.423997556790709 ], [ 363417.152000135625713, 7054469.744997705332935 ], [ 367615.541000094381161, 7055326.943998272530735 ], [ 375370.463000041199848, 7048084.477999065071344 ], [ 366662.923000096809119, 7043990.814998207613826 ], [ 363193.361000134958886, 7049847.634997697547078 ], [ 361992.935000147786923, 7048013.701997520402074 ], [ 353971.170000279904343, 7052391.165995893068612 ], [ 348181.099000432644971, 7059859.884994178079069 ] ] ], [ [ [ 294768.262008556281216, 7089453.454926771111786 ], [ 294244.961008766549639, 7089734.971925200894475 ], [ 294195.020008792984299, 7089992.175925008952618 ], [ 294768.262008556281216, 7089453.454926771111786 ] ] ], [ [ [ 352365.436000396963209, 7111141.975994772277772 ], [ 354264.214000346371904, 7109968.62999532930553 ], [ 352930.657000375445932, 7106827.519994994625449 ], [ 352365.436000396963209, 7111141.975994772277772 ] ] ] ] } },
{ "type": "Feature", "properties": { "id": 261, "gml_id": 28025587, "natcode": "844", "namefin": "Tervo", "nameswe": "Tervo", "landarea": 347.75, "freshwarea": 146.55, "seawarea": null, "totalarea": 494.3 }, "geometry": { "type": "MultiPolygon", "coordinates": [ [ [ [ 495364.254000000073574, 6968874.070000263862312 ], [ 489955.304, 6962907.059000260196626 ], [ 483246.755000000121072, 6968417.548000263981521 ], [ 482602.068000000086613, 6977316.11900026537478 ], [ 476160.236000000033528, 6984286.556000267155468 ], [ 481090.908000000112224, 6991324.026000270619988 ], [ 495453.407, 6995900.292000271379948 ], [ 493047.400000000081491, 7000267.701000272296369 ], [ 497811.368999999947846, 6998703.02200027089566 ], [ 507194.792999999946915, 6987224.764000268653035 ], [ 494704.849000000045635, 6984371.582000266760588 ], [ 495364.254000000073574, 6968874.070000263862312 ] ], [ [ 490024.766999999934342, 6963813.213000264018774 ], [ 490008.784999999916181, 6963823.123000261373818 ], [ 490024.73499999998603, 6963823.209000263363123 ], [ 490024.766999999934342, 6963813.213000264018774 ] ] ], [ [ [ 474013.790999999910127, 6989712.407000268809497 ], [ 474556.833999999973457, 6989275.345000270754099 ], [ 474007.314000000013039, 6989706.164000269025564 ], [ 474013.790999999910127, 6989712.407000268809497 ] ] ], [ [ [ 474366.65500000002794, 6989229.050000269897282 ], [ 473982.646000000066124, 6989684.083000268787146 ], [ 473998.752000000036787, 6989698.761000270023942 ], [ 474335.762999999977183, 6989436.750000270083547 ], [ 474366.65500000002794, 6989229.050000269897282 ] ] ] ] } },
{ "type": "Feature", "properties": { "id": 262, "gml_id": 28019338, "natcode": "766", "namefin": "Sottunga", "nameswe": "Sottunga", "landarea": 28.05, "freshwarea": 0.01, "seawarea": 314.29, "totalarea": 342.35 }, "geometry": { "type": "MultiPolygon", "coordinates": [ [ [ [ 170185.666209135728423, 6677823.727698688395321 ], [ 159977.107272037945222, 6672068.409357902593911 ], [ 154848.253312150540296, 6672553.743146150372922 ], [ 151992.14832389971707, 6657754.976080449298024 ], [ 146367.241383986955043, 6667244.377772225998342 ], [ 145735.020405252173077, 6681943.913668275810778 ], [ 138894.633492501394358, 6690310.58323201444 ], [ 142597.829452940379269, 6694122.722431188449264 ], [ 156305.629305782378651, 6679496.260181450285017 ], [ 159927.189277974888682, 6679907.965328328311443 ], [ 161907.247267386876047, 6685448.187385982833803 ], [ 170185.666209135728423, 6677823.727698688395321 ] ] ] ] } },
{ "type": "Feature", "properties": { "id": 263, "gml_id": 28026205, "natcode": "436", "namefin": "Lumijoki", "nameswe": "Lumijoki", "landarea": 214.14, "freshwarea": 0.24, "seawarea": 75.91, "totalarea": 290.29 }, "geometry": { "type": "MultiPolygon", "coordinates": [ [ [ [ 412780.844999996945262, 7180099.313000213354826 ], [ 402826.438000000780448, 7189072.135000073350966 ], [ 405158.020000000251457, 7206221.723000111058354 ], [ 407784.852999999013264, 7208121.521000150591135 ], [ 420929.534999997238629, 7196824.492000264115632 ], [ 412780.844999996945262, 7180099.313000213354826 ] ] ] ] } },
{ "type": "Feature", "properties": { "id": 264, "gml_id": 28025888, "natcode": "832", "namefin": "Taivalkoski", "nameswe": "Taivalkoski", "landarea": 2438.18, "freshwarea": 212.43, "seawarea": null, "totalarea": 2650.61 }, "geometry": { "type": "MultiPolygon", "coordinates": [ [ [ [ 569086.721000001532957, 7303600.875000299885869 ], [ 576108.408000001800247, 7290789.287000275216997 ], [ 576763.781000001938082, 7278715.842000274918973 ], [ 585250.240000001038425, 7276520.596000215038657 ], [ 588882.280999999609776, 7281899.838000175543129 ], [ 602702.723999986425042, 7265264.082999874837697 ], [ 599432.079999992158264, 7260238.059999979101121 ], [ 583134.771000001812354, 7257341.581000240519643 ], [ 576524.028000002144836, 7252846.658000276423991 ], [ 575034.50800000235904, 7241361.841000282205641 ], [ 554298.021000000648201, 7236856.128000310622156 ], [ 553051.591000000713393, 7246493.273000314831734 ], [ 538191.121000000159256, 7256729.063000317662954 ], [ 535943.053000000072643, 7265221.671000318601727 ], [ 537909.957000000169501, 7281546.950000317767262 ], [ 532616.564000000129454, 7295659.374000317417085 ], [ 534776.43100000009872, 7300873.37400031927973 ], [ 555960.828000000910833, 7298229.095000316388905 ], [ 569086.721000001532957, 7303600.875000299885869 ] ] ] ] } },
{ "type": "Feature", "properties": { "id": 265, "gml_id": 28027801, "natcode": "890", "namefin": "Utsjoki", "nameswe": "Utsjoki", "landarea": 5148.14, "freshwarea": 223.65, "seawarea": null, "totalarea": 5371.79 }, "geometry": { "type": "MultiPolygon", "coordinates": [ [ [ [ 551640.110000000218861, 7753153.180000283755362 ], [ 534552.516000000061467, 7717650.902000298723578 ], [ 512337.241999999969266, 7708583.356000299565494 ], [ 449598.279999999853317, 7671654.84000030066818 ], [ 448682.839999999734573, 7683229.570000297389925 ], [ 454707.209999999904539, 7698740.050000300630927 ], [ 452655.50999999983469, 7701763.420000297948718 ], [ 455568.13, 7707776.810000297613442 ], [ 454496.950000000011642, 7715700.300000296905637 ], [ 460214.019999999902211, 7722790.620000299997628 ], [ 457081.509999999892898, 7729152.450000293552876 ], [ 476362.710000000079162, 7749807.750000294297934 ], [ 479582.590000000083819, 7759293.260000293143094 ], [ 494249.849999999976717, 7761488.300000290386379 ], [ 501439.099999999976717, 7755866.550000290386379 ], [ 511287.320000000065193, 7760665.110000289976597 ], [ 511031.730000000039581, 7764172.730000291019678 ], [ 520054.910000000032596, 7768576.280000289902091 ], [ 523191.75, 7774307.690000290051103 ], [ 536457.840000000083819, 7776430.910000287927687 ], [ 537544.849999999976717, 7767734.190000290982425 ], [ 544471.240000000107102, 7757485.690000291913748 ], [ 551640.110000000218861, 7753153.180000283755362 ] ] ] ] } },
{ "type": "Feature", "properties": { "id": 266, "gml_id": 28018679, "natcode": "417", "namefin": "Lemland", "nameswe": "Lemland", "landarea": 113.3, "freshwarea": 0.8, "seawarea": 851.2, "totalarea": 965.3 }, "geometry": { "type": "MultiPolygon", "coordinates": [ [ [ [ 88482.91445555788232, 6651043.882719705812633 ], [ 104620.611083424417302, 6677467.686418006196618 ], [ 119119.776791985728778, 6687192.928779575042427 ], [ 123435.076701617741492, 6680100.691206749528646 ], [ 124322.871669459971599, 6670037.937356859445572 ], [ 121119.460714501445182, 6665375.060137975029647 ], [ 112854.468861394445412, 6662026.883438962511718 ], [ 113489.678818225977011, 6647529.092634695582092 ], [ 101937.062015990435611, 6627506.265696788206697 ], [ 88482.91445555788232, 6651043.882719705812633 ] ], [ [ 116749.292789368482772, 6663702.950780040584505 ], [ 116749.645790135371499, 6664090.589776600711048 ], [ 117206.258781872456893, 6664202.608815886080265 ], [ 116749.292789368482772, 6663702.950780040584505 ] ], [ [ 113520.998849944793619, 6662906.001493311487138 ], [ 113850.532843548571691, 6662972.960523474030197 ], [ 113789.448844375787303, 6662793.917519480921328 ], [ 113520.998849944793619, 6662906.001493311487138 ] ], [ [ 114051.088839268661104, 6662820.975543566048145 ], [ 114178.335837241087575, 6663045.612553245387971 ], [ 114284.248834812548012, 6662879.60456460993737 ], [ 114051.088839268661104, 6662820.975543566048145 ] ] ] ] } },
{ "type": "Feature", "properties": { "id": 267, "gml_id": 28025347, "natcode": "765", "namefin": "Sotkamo", "nameswe": "Sotkamo", "landarea": 2648.87, "freshwarea": 302.97, "seawarea": null, "totalarea": 2951.84 }, "geometry": { "type": "MultiPolygon", "coordinates": [ [ [ [ 584731.873000003979541, 7132752.879000234417617 ], [ 589724.054000004078262, 7124926.524000193923712 ], [ 592139.430000004475005, 7109360.110000170767307 ], [ 600218.014000002527609, 7098870.308000055141747 ], [ 608266.063999995589256, 7094962.421999853104353 ], [ 606127.873999999370426, 7081796.113999926485121 ], [ 592736.49800000526011, 7080090.684000168927014 ], [ 573709.114000003319234, 7084778.258000272326171 ], [ 563043.244000001694076, 7060737.936000281944871 ], [ 545558.664000000455417, 7080024.947000289335847 ], [ 552293.382000000681728, 7086698.125000289641321 ], [ 550754.070000000530854, 7092632.222000292502344 ], [ 540603.218000000109896, 7102212.077000294812024 ], [ 541463.446000000229105, 7114383.989000297151506 ], [ 538750.177000000141561, 7115350.007000295445323 ], [ 558687.687000001431443, 7135470.306000296957791 ], [ 564701.655000001890585, 7134983.803000293672085 ], [ 570595.409000002429821, 7139641.016000285744667 ], [ 584731.873000003979541, 7132752.879000234417617 ] ] ] ] } },
{ "type": "Feature", "properties": { "id": 268, "gml_id": 28021457, "natcode": "172", "namefin": "Joutsa", "nameswe": "Joutsa", "landarea": 867.08, "freshwarea": 199.34, "seawarea": null, "totalarea": 1066.42 }, "geometry": { "type": "MultiPolygon", "coordinates": [ [ [ [ 465037.533999999926891, 6878458.625000235624611 ], [ 469313.863999999943189, 6871316.53400023560971 ], [ 465072.045000000100117, 6868875.069000232964754 ], [ 464468.087999999930616, 6860960.471000229939818 ], [ 467301.631, 6861310.393000230193138 ], [ 466646.517, 6852939.704000229015946 ], [ 475332.609999999927823, 6839882.934000222943723 ], [ 474311.49800000002142, 6832730.575000219978392 ], [ 467013.912999999942258, 6836218.060000221244991 ], [ 463664.515999999886844, 6830753.345000218600035 ], [ 462028.368999999831431, 6836146.618000220507383 ], [ 454267.838999999512453, 6832099.924000220373273 ], [ 449947.340999999432825, 6845396.169000223278999 ], [ 446853.857999999192543, 6844372.174000224098563 ], [ 443239.060999998822808, 6851339.284000226296484 ], [ 439745.441999998292886, 6848204.736000223085284 ], [ 439060.581999998306856, 6852817.593000226654112 ], [ 443239.254999998724088, 6858883.810000228695571 ], [ 439563.109999998298008, 6862531.456000227481127 ], [ 446771.911999999021646, 6870783.003000231459737 ], [ 446454.09399999899324, 6878593.808000234887004 ], [ 451539.845999999437481, 6877972.79200023598969 ], [ 453699.46499999955995, 6874116.315000234171748 ], [ 456232.755999999702908, 6878749.175000235438347 ], [ 465037.533999999926891, 6878458.625000235624611 ] ] ], [ [ [ 447544.911999999254476, 6839540.324000221677125 ], [ 446889.4849999989965, 6840064.03900022059679 ], [ 448622.179999999410938, 6840140.641000222414732 ], [ 447544.911999999254476, 6839540.324000221677125 ] ] ], [ [ [ 444792.702999998873565, 6876906.444000233896077 ], [ 444752.036999998963438, 6875842.616000235080719 ], [ 443874.459999998856802, 6876241.509000234305859 ], [ 444792.702999998873565, 6876906.444000233896077 ] ] ] ] } },
{ "type": "Feature", "properties": { "id": 269, "gml_id": 28021768, "natcode": "260", "namefin": "Kitee", "nameswe": "Kitee", "landarea": 1253.86, "freshwarea": 470.52, "seawarea": null, "totalarea": 1724.38 }, "geometry": { "type": "MultiPolygon", "coordinates": [ [ [ [ 626271.813999991747551, 6902900.183999279513955 ], [ 636046.725999954156578, 6896449.608998513780534 ], [ 644860.204999881563708, 6899063.537997364997864 ], [ 653806.550999757484533, 6893961.431995638646185 ], [ 649534.598999820300378, 6901448.335996510460973 ], [ 659396.479999614064582, 6906675.445993937551975 ], [ 661289.916999566718005, 6903598.39099335949868 ], [ 665960.386999409995042, 6904144.48899157717824 ], [ 668116.831999352783896, 6893101.559990866109729 ], [ 671821.102999184397049, 6893908.313989055342972 ], [ 677853.242998868809082, 6886706.563985728658736 ], [ 681990.184998575947247, 6886181.691982809454203 ], [ 665420.368999522528611, 6861728.460992561653256 ], [ 635242.405999978189357, 6845880.072998753748834 ], [ 641081.446999942767434, 6853884.636998124420643 ], [ 641850.717999932705425, 6862018.777997994795442 ], [ 637321.820999959483743, 6867290.203998487442732 ], [ 639420.600999943329953, 6874464.817998231388628 ], [ 628458.239999989862554, 6885658.009999173693359 ], [ 626271.813999991747551, 6902900.183999279513955 ] ] ] ] } },
{ "type": "Feature", "properties": { "id": 270, "gml_id": 28025432, "natcode": "205", "namefin": "Kajaani", "nameswe": "Kajana", "landarea": 1835.09, "freshwarea": 428.73, "seawarea": null, "totalarea": 2263.82 }, "geometry": { "type": "MultiPolygon", "coordinates": [ [ [ [ 522017.636000000231434, 7090891.147000293247402 ], [ 489315.435999999986961, 7103395.36900029424578 ], [ 487816.577999999921303, 7128077.876000300049782 ], [ 490994.220000000030268, 7131145.336000301875174 ], [ 497180.609000000171363, 7133462.036000302061439 ], [ 502052.410000000032596, 7128720.126000300049782 ], [ 509082.060999999986961, 7131608.553000300191343 ], [ 520667.276000000245403, 7129721.824000301770866 ], [ 538276.348000000347383, 7137945.896000298671424 ], [ 556015.922000001068227, 7131849.309000297449529 ], [ 538737.685000000405125, 7115273.005000295117497 ], [ 541463.446000000229105, 7114383.989000297151506 ], [ 540603.218000000109896, 7102212.077000294812024 ], [ 550754.070000000530854, 7092632.222000292502344 ], [ 552293.382000000681728, 7086698.125000289641321 ], [ 549433.70000000053551, 7081994.306000290438533 ], [ 543902.662000000360422, 7080507.429000288248062 ], [ 526475.413999999989755, 7092278.192000295035541 ], [ 522017.636000000231434, 7090891.147000293247402 ] ], [ [ 492975.087999999930616, 7126811.191000297665596 ], [ 491516.462999999988824, 7125797.08100030105561 ], [ 490803.485999999917112, 7127856.331000300124288 ], [ 492975.087999999930616, 7126811.191000297665596 ] ] ], [ [ [ 501171.822999999974854, 7132055.472000300884247 ], [ 503550.865999999921769, 7131880.663000299595296 ], [ 502585.222000000067055, 7130441.555000301450491 ], [ 501171.822999999974854, 7132055.472000300884247 ] ] ] ] } },
{ "type": "Feature", "properties": { "id": 271, "gml_id": 28023986, "natcode": "747", "namefin": "Siikainen", "nameswe": "Siikainen", "landarea": 463.29, "freshwarea": 28.02, "seawarea": null, "totalarea": 491.31 }, "geometry": { "type": "MultiPolygon", "coordinates": [ [ [ [ 236801.933046090882272, 6882124.137667182832956 ], [ 238242.47404320462374, 6876938.868685244582593 ], [ 246466.18903162231436, 6870105.135760144330561 ], [ 238452.786041184590431, 6862380.126697363331914 ], [ 240817.593037529004505, 6858942.273720816709101 ], [ 238231.929040766874095, 6855934.344699686393142 ], [ 235043.787045876437332, 6858477.360667132772505 ], [ 221807.994071429420728, 6857383.968508877791464 ], [ 219842.281077801715583, 6865149.138471161946654 ], [ 225348.301068945263978, 6887071.5515261804685 ], [ 236801.933046090882272, 6882124.137667182832956 ] ] ] ] } },
{ "type": "Feature", "properties": { "id": 272, "gml_id": 28020864, "natcode": "543", "namefin": "Nurmijärvi", "nameswe": "Nurmijärvi", "landarea": 361.92, "freshwarea": 5.34, "seawarea": null, "totalarea": 367.26 }, "geometry": { "type": "MultiPolygon", "coordinates": [ [ [ [ 363954.34899998025503, 6707069.303999033756554 ], [ 374069.230999971739948, 6711386.240999558009207 ], [ 376652.382999972323887, 6719106.811999646015465 ], [ 379166.295999971742276, 6712317.585999731905758 ], [ 384018.351999973587226, 6717062.772999852895737 ], [ 386563.475999974412844, 6710972.222999908030033 ], [ 388824.185999975597952, 6711622.468999947421253 ], [ 386239.926999973657075, 6703320.321999900974333 ], [ 375773.953999968944117, 6691596.515999632887542 ], [ 369141.976999971084297, 6693762.931999358348548 ], [ 363954.34899998025503, 6707069.303999033756554 ] ] ] ] } },
{ "type": "Feature", "properties": { "id": 273, "gml_id": 28024383, "natcode": "152", "namefin": "Isokyrö", "nameswe": "Storkyro", "landarea": 354.15, "freshwarea": 2.76, "seawarea": null, "totalarea": 356.91 }, "geometry": { "type": "MultiPolygon", "coordinates": [ [ [ [ 281740.431011638138443, 7002279.760902426205575 ], [ 274362.05601573275635, 7000649.614873012527823 ], [ 267643.22701988753397, 6988541.675843747332692 ], [ 266521.786020209896378, 6978803.848841236904263 ], [ 260556.009024942206452, 6971497.368808846920729 ], [ 259059.772026381338947, 6971163.904799195937812 ], [ 254662.960033393814228, 6995871.730753999203444 ], [ 259699.805028087605024, 7001591.32578893750906 ], [ 272253.875017341692001, 7004745.731861831620336 ], [ 281740.431011638138443, 7002279.760902426205575 ] ] ] ] } },
{ "type": "Feature", "properties": { "id": 274, "gml_id": 28025377, "natcode": "762", "namefin": "Sonkajärvi", "nameswe": "Sonkajärvi", "landarea": 1466.06, "freshwarea": 110.73, "seawarea": null, "totalarea": 1576.79 }, "geometry": { "type": "MultiPolygon", "coordinates": [ [ [ [ 531121.15500000026077, 7041726.880000283010304 ], [ 526914.361000000266358, 7050970.423000284470618 ], [ 518261.549000000115484, 7054881.637000284157693 ], [ 510337.652, 7065882.989000288769603 ], [ 517597.695999999938067, 7077833.356000289320946 ], [ 512577.83399999991525, 7084447.80400029104203 ], [ 513924.868000000191387, 7089640.232000291347504 ], [ 511837.686999999918044, 7092402.951000292785466 ], [ 507904.116000000038184, 7090204.377000293694437 ], [ 506420.290000000037253, 7096759.492000293917954 ], [ 536558.014000000082888, 7087018.91200029104948 ], [ 557710.527000001166016, 7065881.285000283271074 ], [ 551747.102000000770204, 7055001.685000282712281 ], [ 551773.224000000744127, 7047305.505000281147659 ], [ 546904.842000000411645, 7043752.963000282645226 ], [ 543778.014000000315718, 7045507.40300028398633 ], [ 531121.15500000026077, 7041726.880000283010304 ] ] ] ] } },
{ "type": "Feature", "properties": { "id": 275, "gml_id": 28023713, "natcode": "702", "namefin": "Ruovesi", "nameswe": "Ruovesi", "landarea": 776.93, "freshwarea": 173.24, "seawarea": null, "totalarea": 950.17 }, "geometry": { "type": "MultiPolygon", "coordinates": [ [ [ [ 334465.339000477222726, 6859985.050992547534406 ], [ 334488.264000503113493, 6872577.905992340296507 ], [ 327262.561000823625363, 6882065.728988875634968 ], [ 326675.837000872590579, 6888024.826988403685391 ], [ 332137.935000624333043, 6888127.9489910826087 ], [ 336616.118000475573353, 6892493.468992795795202 ], [ 334884.316000546328723, 6898502.557992029003799 ], [ 350673.888000163075048, 6886533.412996669299901 ], [ 358179.303000080748461, 6885800.182997881434858 ], [ 359871.49400006380165, 6878875.814998130314052 ], [ 357710.708000080427155, 6878543.260997855104506 ], [ 366148.921000022848602, 6864709.745998818427324 ], [ 363795.749000032083131, 6861227.620998619124293 ], [ 346626.256000190391205, 6854536.216996112838387 ], [ 341807.048000276787207, 6854120.844994956627488 ], [ 334465.339000477222726, 6859985.050992547534406 ] ] ] ] } },
{ "type": "Feature", "properties": { "id": 276, "gml_id": 28020995, "natcode": "755", "namefin": "Siuntio", "nameswe": "Sjundeå", "landarea": 241.54, "freshwarea": 8.43, "seawarea": 16.15, "totalarea": 266.12 }, "geometry": { "type": "MultiPolygon", "coordinates": [ [ [ [ 340836.357000079355203, 6667267.678996478207409 ], [ 334085.902000177418813, 6675495.794994932599366 ], [ 338115.665000124135986, 6680332.115995827130973 ], [ 342377.771000075154006, 6679799.212996664457023 ], [ 351084.259000015677884, 6687267.980997912585735 ], [ 352899.517000003834255, 6681792.723998145200312 ], [ 349893.021000015432946, 6675625.878997816704214 ], [ 353211.195999993593432, 6663179.235998247750103 ], [ 350437.539000002201647, 6656951.447997963987291 ], [ 344754.121000045211986, 6668792.134997133165598 ], [ 340836.357000079355203, 6667267.678996478207409 ] ] ] ] } },
{ "type": "Feature", "properties": { "id": 277, "gml_id": 28023774, "natcode": "108", "namefin": "Hämeenkyrö", "nameswe": "Tavastkyro", "landarea": 464.04, "freshwarea": 41.07, "seawarea": null, "totalarea": 505.11 }, "geometry": { "type": "MultiPolygon", "coordinates": [ [ [ [ 299858.417003223963547, 6850425.949965758249164 ], [ 299241.303003228036687, 6841629.022965580224991 ], [ 304643.43500247830525, 6842528.452972332015634 ], [ 305853.626002305012662, 6839216.357973882928491 ], [ 314955.883001456852071, 6845506.111982049420476 ], [ 313875.130001478013583, 6833059.909981698729098 ], [ 307565.912002016615588, 6825931.484976401552558 ], [ 291406.997004502278287, 6829691.78195436578244 ], [ 291273.225004605599679, 6834911.683953589759767 ], [ 284530.93200624466408, 6834895.085940050892532 ], [ 279177.963008055696264, 6842016.274925792589784 ], [ 279903.755007929517888, 6847102.768926902674139 ], [ 290205.675005004159175, 6845736.343950459733605 ], [ 294468.505004168429878, 6850346.001957576721907 ], [ 299858.417003223963547, 6850425.949965758249164 ] ] ] ] } },
{ "type": "Feature", "properties": { "id": 278, "gml_id": 28021432, "natcode": "081", "namefin": "Hartola", "nameswe": "Hartola", "landarea": 542.93, "freshwarea": 132.56, "seawarea": null, "totalarea": 675.49 }, "geometry": { "type": "MultiPolygon", "coordinates": [ [ [ [ 462028.368999999831431, 6836146.618000220507383 ], [ 461087.749999999883585, 6821383.39400021545589 ], [ 465301.355999999912456, 6819144.388000216335058 ], [ 459318.497999999846797, 6819942.512000215239823 ], [ 462261.700999999826308, 6815685.32700021378696 ], [ 460772.694999999832362, 6810440.840000213123858 ], [ 455356.11799999960931, 6807001.882000211626291 ], [ 456292.125999999698251, 6809970.686000213958323 ], [ 451539.06399999948917, 6811077.390000212006271 ], [ 449373.913999999524094, 6816396.364000214263797 ], [ 447553.474999999045394, 6812614.62500021327287 ], [ 445367.864999998884741, 6811212.990000211633742 ], [ 442709.861999998684041, 6811812.010000213049352 ], [ 439418.583999998285435, 6816055.265000211074948 ], [ 444814.71899999876041, 6823663.430000215768814 ], [ 441359.998999998671934, 6826192.352000216953456 ], [ 443435.380999998713378, 6828265.231000215746462 ], [ 439342.65399999829242, 6827387.981000217609107 ], [ 440827.618999998492654, 6834521.882000220008194 ], [ 435743.156999997794628, 6835908.319000218994915 ], [ 434958.424999997601844, 6839646.079000218771398 ], [ 439110.804999998246785, 6852598.036000225692987 ], [ 439745.441999998292886, 6848204.736000223085284 ], [ 443239.060999998822808, 6851339.284000226296484 ], [ 446853.857999999192543, 6844372.174000224098563 ], [ 449947.340999999432825, 6845396.169000223278999 ], [ 454267.838999999512453, 6832099.924000220373273 ], [ 462028.368999999831431, 6836146.618000220507383 ] ], [ [ 447544.911999999254476, 6839540.324000221677125 ], [ 446889.4849999989965, 6840064.03900022059679 ], [ 448622.179999999410938, 6840140.641000222414732 ], [ 447544.911999999254476, 6839540.324000221677125 ] ], [ [ 452686.134999999543652, 6812510.057000213302672 ], [ 452184.30099999968661, 6811062.002000210806727 ], [ 452164.404999999387655, 6812141.664000212214887 ], [ 452686.134999999543652, 6812510.057000213302672 ] ], [ [ 445982.530999998911284, 6812502.125000212341547 ], [ 446299.633999999088701, 6812403.466000212356448 ], [ 446276.721999999077525, 6812206.433000213466585 ], [ 445982.530999998911284, 6812502.125000212341547 ] ] ] ] } },
{ "type": "Feature", "properties": { "id": 279, "gml_id": 28021250, "natcode": "020", "namefin": "Akaa", "nameswe": "Akaa", "landarea": 293.29, "freshwarea": 21.09, "seawarea": null, "totalarea": 314.38 }, "geometry": { "type": "MultiPolygon", "coordinates": [ [ [ [ 324952.5590006087441, 6773513.091990273445845 ], [ 311369.044001427711919, 6786031.511981624178588 ], [ 314246.202001238008961, 6790569.478983616456389 ], [ 322247.307000777218491, 6791190.064988533966243 ], [ 325014.538000668166205, 6796004.594989807344973 ], [ 336485.552000292344019, 6787105.196994283236563 ], [ 334088.473000338650309, 6781157.496993634849787 ], [ 336054.713000287534669, 6777951.999994276091456 ], [ 324952.5590006087441, 6773513.091990273445845 ] ] ] ] } },
{ "type": "Feature", "properties": { "id": 280, "gml_id": 28028028, "natcode": "698", "namefin": "Rovaniemi", "nameswe": "Rovaniemi", "landarea": 7581.78, "freshwarea": 434.84, "seawarea": null, "totalarea": 8016.62 }, "geometry": { "type": "MultiPolygon", "coordinates": [ [ [ [ 478933.385, 7425099.020000323653221 ], [ 476747.712000000057742, 7424183.039000324904919 ], [ 484923.430999999982305, 7411614.628000323660672 ], [ 486582.211999999941327, 7383990.811000324785709 ], [ 511192.146999999938998, 7356938.071000325493515 ], [ 511734.922000000195112, 7348523.660000320523977 ], [ 514687.481000000028871, 7346415.994000323116779 ], [ 511710.473000000056345, 7342032.767000324092805 ], [ 504368.778000000223983, 7342356.769000323489308 ], [ 500109.423000000067987, 7347538.638000326231122 ], [ 497084.710000000020955, 7347121.873000326566398 ], [ 495535.940000000118744, 7353564.172000324353576 ], [ 487771.299000000115484, 7353224.598000325262547 ], [ 481133.189000000071246, 7351742.129000321030617 ], [ 482855.507999999972526, 7344139.762000325135887 ], [ 476092.017000000167172, 7340941.369000322185457 ], [ 471563.753999999898952, 7344903.170000322163105 ], [ 458819.567999999853782, 7337531.496000324375927 ], [ 444853.569999999366701, 7344279.765000319108367 ], [ 424987.055999998701736, 7344373.170000279322267 ], [ 401561.363000015146099, 7359275.277999918907881 ], [ 413178.062000002362765, 7374305.669000170193613 ], [ 410693.208000005804934, 7411639.079000113531947 ], [ 401954.234000024094712, 7450078.201999823562801 ], [ 407471.426000012783334, 7452716.507000011391938 ], [ 439783.760999999300111, 7447292.233000312931836 ], [ 441904.732999999367166, 7443241.659000317566097 ], [ 442375.083999999333173, 7446880.740000315010548 ], [ 452469.738999999652151, 7445168.699000324122608 ], [ 472586.06900000013411, 7426381.02400032337755 ], [ 478933.385, 7425099.020000323653221 ] ] ] ] } },
{ "type": "Feature", "properties": { "id": 281, "gml_id": 28019022, "natcode": "941", "namefin": "Vårdö", "nameswe": "Vårdö", "landarea": 101.8, "freshwarea": 0.38, "seawarea": 470.37, "totalarea": 572.55 }, "geometry": { "type": "MultiPolygon", "coordinates": [ [ [ [ 128537.155651171400677, 6699324.000458124093711 ], [ 131638.59761205984978, 6704799.216649820096791 ], [ 127678.869674169342034, 6704739.91534966789186 ], [ 126239.218707196298055, 6709795.609193563461304 ], [ 128327.533676142804325, 6712066.537343360483646 ], [ 128529.177666569419671, 6708406.069387810304761 ], [ 130182.637643216236029, 6710252.609501166269183 ], [ 128236.965688102005515, 6718063.929288585670292 ], [ 132141.584625170216896, 6717921.411591581068933 ], [ 132244.932619690778665, 6715476.274617129936814 ], [ 136118.410572022083215, 6721648.381851489655674 ], [ 140496.266512120026164, 6721257.998145707882941 ], [ 144820.222451864625327, 6715222.73544361628592 ], [ 142803.740469213109463, 6709913.104355022311211 ], [ 147210.369419329508673, 6709978.724605760537088 ], [ 148689.254396120028105, 6702665.073721271008253 ], [ 144951.169424148218241, 6691887.870575597509742 ], [ 142597.829452940379269, 6694122.722431188449264 ], [ 138894.633492501394358, 6690310.58323201444 ], [ 139853.144472369458526, 6683419.99733005464077 ], [ 134448.190544914512429, 6686461.155970972031355 ], [ 133870.645545853185467, 6681525.409964423626661 ], [ 129346.124611812352668, 6682604.673641808331013 ], [ 124977.390693839115556, 6690337.92524877935648 ], [ 128537.155651171400677, 6699324.000458124093711 ] ], [ [ 129118.206672936445102, 6717746.270361196249723 ], [ 129068.330673828779254, 6717788.380356933921576 ], [ 129110.376673225604463, 6717839.400359849445522 ], [ 129118.206672936445102, 6717746.270361196249723 ] ], [ [ 129741.232662618334871, 6717652.988410756923258 ], [ 129679.983663700637408, 6717705.754405573941767 ], [ 129767.143662189075258, 6717647.330412817187607 ], [ 129741.232662618334871, 6717652.988410756923258 ] ], [ [ 131270.226609628822189, 6699697.12165954709053 ], [ 129313.392640942940488, 6700542.594508065842092 ], [ 131123.170614100876264, 6701145.299638410098851 ], [ 131270.226609628822189, 6699697.12165954709053 ] ] ], [ [ [ 129487.913644073763862, 6704122.529494447633624 ], [ 129922.022637976857368, 6704554.429524101316929 ], [ 129702.739640466752462, 6703979.539511819370091 ], [ 129487.913644073763862, 6704122.529494447633624 ] ] ] ] } },
{ "type": "Feature", "properties": { "id": 282, "gml_id": 28021235, "natcode": "908", "namefin": "Valkeakoski", "nameswe": "Valkeakoski", "landarea": 272.08, "freshwarea": 99.95, "seawarea": null, "totalarea": 372.03 }, "geometry": { "type": "MultiPolygon", "coordinates": [ [ [ [ 336054.713000287534669, 6777951.999994276091456 ], [ 334088.473000338650309, 6781157.496993634849787 ], [ 336485.552000292344019, 6787105.196994283236563 ], [ 328128.002000538341235, 6792265.337991278618574 ], [ 337216.918000301462598, 6803488.790994289331138 ], [ 340639.778000229271129, 6801594.19799523614347 ], [ 342967.388000193284824, 6804616.671995763666928 ], [ 344003.072000170708634, 6798693.029996045865119 ], [ 354164.609000056923833, 6792565.666997812688351 ], [ 354722.346000049612485, 6787120.110997910611331 ], [ 346053.63600012450479, 6779868.107996608130634 ], [ 336054.713000287534669, 6777951.999994276091456 ] ] ] ] } },
{ "type": "Feature", "properties": { "id": 283, "gml_id": 28026898, "natcode": "535", "namefin": "Nivala", "nameswe": "Nivala", "landarea": 527.35, "freshwarea": 9.05, "seawarea": null, "totalarea": 536.4 }, "geometry": { "type": "MultiPolygon", "coordinates": [ [ [ [ 404692.971999994944781, 7074409.913000138476491 ], [ 404034.217999994871207, 7070882.136000131256878 ], [ 403479.644999995129183, 7072899.507000123150647 ], [ 404692.971999994944781, 7074409.913000138476491 ] ] ], [ [ [ 401009.896999997203238, 7103005.703000076115131 ], [ 400555.613999997323845, 7101950.904000068083405 ], [ 399425.487999997974839, 7102095.82100004516542 ], [ 401009.896999997203238, 7103005.703000076115131 ] ] ], [ [ [ 390374.342000006872695, 7097886.688999805599451 ], [ 389304.926000008534174, 7097841.144999763928354 ], [ 389716.897000007913448, 7098262.90499977953732 ], [ 390374.342000006872695, 7097886.688999805599451 ] ] ], [ [ [ 394238.368000002054032, 7099033.585999926552176 ], [ 395828.189000000187661, 7098459.91299996804446 ], [ 394578.457000001333654, 7097307.990999937057495 ], [ 394238.368000002054032, 7099033.585999926552176 ] ] ], [ [ [ 388606.910000009520445, 7095609.761999737471342 ], [ 387710.907000011240598, 7095199.305999699980021 ], [ 387868.059000011126045, 7095824.825999706983566 ], [ 388606.910000009520445, 7095609.761999737471342 ] ] ], [ [ [ 396662.180999999982305, 7102235.150999985635281 ], [ 397184.67499999946449, 7101376.504999998956919 ], [ 396173.685000000055879, 7101474.056999973021448 ], [ 396662.180999999982305, 7102235.150999985635281 ] ] ], [ [ [ 398099.106999998446554, 7097617.951000020839274 ], [ 396385.278999999805819, 7098245.481999983079731 ], [ 398613.525999998208135, 7098767.643000032752752 ], [ 398099.106999998446554, 7097617.951000020839274 ] ] ], [ [ [ 391418.548000003560446, 7082027.916999855078757 ], [ 392768.538000001804903, 7081736.292999894358218 ], [ 392254.044000002439134, 7081103.544999879784882 ], [ 391418.548000003560446, 7082027.916999855078757 ] ] ], [ [ [ 419895.480999995954335, 7090245.127000253647566 ], [ 415019.831999995512888, 7090620.610000228509307 ], [ 414213.274999995250255, 7084367.630000226199627 ], [ 409072.496999994735233, 7078605.931000185199082 ], [ 408075.268999994674232, 7079247.592000176198781 ], [ 407485.220999995013699, 7079524.016000170260668 ], [ 406231.201999994926155, 7079313.792000154964626 ], [ 407115.930999994801823, 7080870.821000165306032 ], [ 404604.531999995233491, 7081756.333000135608017 ], [ 405937.90699999500066, 7079142.823000152595341 ], [ 409055.998999994772021, 7078580.611000186763704 ], [ 407226.612999994773418, 7075934.780000167898834 ], [ 407364.324999994598329, 7073595.675000168383121 ], [ 410496.983999994641636, 7075102.166000198572874 ], [ 408457.58399999467656, 7072019.47200017888099 ], [ 405022.437999994959682, 7076854.284000142477453 ], [ 401863.754999995522667, 7072879.357000098563731 ], [ 400614.934999996039551, 7074278.792000077664852 ], [ 402630.84799999545794, 7079703.481000108644366 ], [ 399588.595999996527098, 7076413.702000059187412 ], [ 384342.985000019427389, 7095390.185999542474747 ], [ 389369.786000008112751, 7093275.876999771222472 ], [ 390940.21800000598887, 7098015.821999821811914 ], [ 395084.879000000772066, 7095889.30299994815141 ], [ 397877.096999998611864, 7096811.589000017382205 ], [ 403461.735999996424653, 7106084.120000115595758 ], [ 409240.663999995274935, 7101260.909000185318291 ], [ 411704.106999995419756, 7104038.678000209853053 ], [ 411527.059999995166436, 7099937.786000206135213 ], [ 419895.480999995954335, 7090245.127000253647566 ] ], [ [ 410341.191999995498918, 7101708.530000195838511 ], [ 410630.008999995363411, 7102073.336000199429691 ], [ 410822.880999995395541, 7102364.466000199317932 ], [ 410717.064999995462131, 7102037.290000198408961 ], [ 410341.191999995498918, 7101708.530000195838511 ] ], [ [ 416321.614999995566905, 7091791.595000237226486 ], [ 416455.319999995466787, 7091976.01200023945421 ], [ 416502.711999995459337, 7091839.733000237494707 ], [ 416321.614999995566905, 7091791.595000237226486 ] ], [ [ 416684.105999995721504, 7091866.989000239409506 ], [ 416739.162999995518476, 7091368.3390002399683 ], [ 416575.15599999553524, 7091589.842000240460038 ], [ 416684.105999995721504, 7091866.989000239409506 ] ], [ [ 402330.885999995574821, 7077805.690000103786588 ], [ 403209.838999995321501, 7078738.269000118598342 ], [ 403658.122999995248392, 7077210.211000124923885 ], [ 402330.885999995574821, 7077805.690000103786588 ] ], [ [ 406946.90399999479996, 7077387.194000164046884 ], [ 406257.099999994738027, 7077285.905000157654285 ], [ 406605.43299999483861, 7077889.912000158801675 ], [ 406946.90399999479996, 7077387.194000164046884 ] ], [ [ 407191.023999994795304, 7077427.342000166885555 ], [ 407226.739999994810205, 7077664.494000167585909 ], [ 407310.901999994763173, 7077625.721000167541206 ], [ 407191.023999994795304, 7077427.342000166885555 ] ], [ [ 406953.315999994927552, 7078165.665000163950026 ], [ 406723.50599999492988, 7078101.618000163696706 ], [ 406819.179999994870741, 7078261.984000163152814 ], [ 406953.315999994927552, 7078165.665000163950026 ] ], [ [ 406461.291999994777143, 7077187.607000160031021 ], [ 406540.30999999481719, 7077102.433000162243843 ], [ 406414.384999995003454, 7077184.01000015810132 ], [ 406461.291999994777143, 7077187.607000160031021 ] ], [ [ 388094.639000010036398, 7091843.215999722480774 ], [ 388768.797000008984469, 7092571.895999748259783 ], [ 388474.414000009128358, 7090828.529999738559127 ], [ 388094.639000010036398, 7091843.215999722480774 ] ] ] ] } },
{ "type": "Feature", "properties": { "id": 284, "gml_id": 28022048, "natcode": "850", "namefin": "Toivakka", "nameswe": "Toivakka", "landarea": 361.48, "freshwarea": 52.46, "seawarea": null, "totalarea": 413.94 }, "geometry": { "type": "MultiPolygon", "coordinates": [ [ [ [ 435607.854999997885898, 6881871.840000233612955 ], [ 440149.757999998400919, 6889748.782000238075852 ], [ 445709.657999998948071, 6882931.777000238187611 ], [ 444774.033999998879153, 6889891.149000239558518 ], [ 446758.547999999194872, 6893501.598000240512192 ], [ 450544.32399999932386, 6893507.959000239148736 ], [ 448633.744999999296851, 6897156.442000241950154 ], [ 452088.645999999600463, 6895557.833000239916146 ], [ 455003.943999999552034, 6900756.906000243499875 ], [ 465203.293999999877997, 6898115.267000243067741 ], [ 459342.96799999976065, 6887632.550000239163637 ], [ 465037.533999999926891, 6878458.625000235624611 ], [ 456232.755999999702908, 6878749.175000235438347 ], [ 453699.46499999955995, 6874116.315000234171748 ], [ 451539.845999999437481, 6877972.79200023598969 ], [ 446454.09399999899324, 6878593.808000234887004 ], [ 445076.777999999176245, 6874341.848000233992934 ], [ 435607.854999997885898, 6881871.840000233612955 ] ], [ [ 444792.702999998873565, 6876906.444000233896077 ], [ 444752.036999998963438, 6875842.616000235080719 ], [ 443874.459999998856802, 6876241.509000234305859 ], [ 444792.702999998873565, 6876906.444000233896077 ] ] ] ] } },
{ "type": "Feature", "properties": { "id": 285, "gml_id": 28023136, "natcode": "931", "namefin": "Viitasaari", "nameswe": "Viitasaari", "landarea": 1248.53, "freshwarea": 340.65, "seawarea": null, "totalarea": 1589.18 }, "geometry": { "type": "MultiPolygon", "coordinates": [ [ [ [ 434356.669999997713603, 6977421.569000260904431 ], [ 433189.567999997700099, 6981207.47900026012212 ], [ 429551.942999997001607, 6979689.338000254705548 ], [ 424278.330999995989259, 6985005.111000248230994 ], [ 425653.565999996499158, 6990167.015000252053142 ], [ 417896.593999994685873, 6997336.918000232428312 ], [ 415409.530999994371086, 7013715.616000226698816 ], [ 418598.15899999497924, 7013933.236000237055123 ], [ 415187.248999994364567, 7017754.470000222325325 ], [ 432061.843999997596256, 7013673.334000267088413 ], [ 437003.736999998276588, 7018165.753000271506608 ], [ 456944.476999999722466, 7016484.555000273510814 ], [ 457843.938999999780208, 7002246.838000272400677 ], [ 466320.211000000010245, 6989673.18700027000159 ], [ 460656.912999999767635, 6988709.902000267989933 ], [ 466173.741999999852851, 6983933.961000266484916 ], [ 464890.852000000013504, 6980567.306000267155468 ], [ 463064.891000000061467, 6977448.452000265941024 ], [ 460537.808999999775551, 6980747.209000266157091 ], [ 451260.40999999945052, 6978834.55200026743114 ], [ 452648.364999999641441, 6973536.87800026498735 ], [ 450349.237999999546446, 6975269.726000264286995 ], [ 448480.650999999488704, 6971329.057000263594091 ], [ 434356.669999997713603, 6977421.569000260904431 ] ] ] ] } },
{ "type": "Feature", "properties": { "id": 286, "gml_id": 28023101, "natcode": "601", "namefin": "Pihtipudas", "nameswe": "Pihtipudas", "landarea": 1074.99, "freshwarea": 172.53, "seawarea": null, "totalarea": 1247.52 }, "geometry": { "type": "MultiPolygon", "coordinates": [ [ [ [ 456944.476999999722466, 7016484.555000273510814 ], [ 437003.736999998276588, 7018165.753000271506608 ], [ 432061.843999997596256, 7013673.334000267088413 ], [ 416416.413999994576443, 7018339.552000232040882 ], [ 404408.485999993572477, 7039073.207000140100718 ], [ 407657.21699999406701, 7050922.609000174328685 ], [ 413282.132999994559214, 7054997.821000217460096 ], [ 424479.197999996307772, 7045853.195000261999667 ], [ 439004.418999998539221, 7042516.975000278092921 ], [ 444765.299999999289867, 7035052.776000279001892 ], [ 457055.197999999625608, 7036862.779000280424953 ], [ 458926.459999999729916, 7034751.371000281535089 ], [ 453486.774999999615829, 7025455.932000279426575 ], [ 456944.476999999722466, 7016484.555000273510814 ] ] ] ] } },
{ "type": "Feature", "properties": { "id": 287, "gml_id": 28023991, "natcode": "608", "namefin": "Pomarkku", "nameswe": "Påmark", "landarea": 301.54, "freshwarea": 30.5, "seawarea": null, "totalarea": 332.04 }, "geometry": { "type": "MultiPolygon", "coordinates": [ [ [ [ 221807.994071429420728, 6857383.968508877791464 ], [ 235043.787045876437332, 6858477.360667132772505 ], [ 238231.929040766874095, 6855934.344699686393142 ], [ 241042.142037316429196, 6859759.094722243025899 ], [ 244964.638032298884355, 6858301.889755086041987 ], [ 246557.785029712540563, 6849132.827771846204996 ], [ 248231.580028520635096, 6856285.65978017449379 ], [ 256002.203020998014836, 6850467.680831322446465 ], [ 247921.282028300804086, 6849511.875781334936619 ], [ 244808.115031150780851, 6843391.424761964008212 ], [ 236817.157041131576989, 6841335.923696489073336 ], [ 221807.994071429420728, 6857383.968508877791464 ] ] ] ] } },
{ "type": "Feature", "properties": { "id": 288, "gml_id": 28019150, "natcode": "438", "namefin": "Lumparland", "nameswe": "Lumparland", "landarea": 36.4, "freshwarea": 0.05, "seawarea": 50.5, "totalarea": 86.95 }, "geometry": { "type": "MultiPolygon", "coordinates": [ [ [ [ 124583.150674087635707, 6675227.702336904592812 ], [ 119119.776791985728778, 6687192.928779575042427 ], [ 124977.390693839115556, 6690337.92524877935648 ], [ 130347.166598702722695, 6683722.627706167288125 ], [ 126749.403648253937718, 6680482.749464033171535 ], [ 127372.356630237656645, 6675348.360549114644527 ], [ 124583.150674087635707, 6675227.702336904592812 ] ] ] ] } },
{ "type": "Feature", "properties": { "id": 289, "gml_id": 28019936, "natcode": "444", "namefin": "Lohja", "nameswe": "Lojo", "landarea": 940.25, "freshwarea": 169.49, "seawarea": null, "totalarea": 1109.74 }, "geometry": { "type": "MultiPolygon", "coordinates": [ [ [ [ 320774.234000598371495, 6710467.029989712871611 ], [ 328244.54900036030449, 6712063.461992714554071 ], [ 327002.247000405797735, 6717531.524992178194225 ], [ 329370.406000341987237, 6717651.274993013590574 ], [ 331428.894000301253982, 6722861.158993607386947 ], [ 328533.194000376970507, 6724398.217992620542645 ], [ 331522.018000308424234, 6728179.331993565894663 ], [ 336719.739000198896974, 6724930.642995069734752 ], [ 335363.09700021869503, 6721763.575994754210114 ], [ 337309.779000186710618, 6723104.075995234772563 ], [ 343830.319000088609755, 6711946.474996698088944 ], [ 341660.282000100996811, 6699836.044996385462582 ], [ 345838.783000056049787, 6694970.510997144505382 ], [ 345713.071000051917508, 6687943.614997168071568 ], [ 351084.259000015677884, 6687267.980997912585735 ], [ 342377.771000075154006, 6679799.212996664457023 ], [ 338115.665000124135986, 6680332.115995827130973 ], [ 334085.902000177418813, 6675495.794994932599366 ], [ 334911.524000157602131, 6670348.347995191812515 ], [ 330163.396000240463763, 6669757.322993928566575 ], [ 328151.941000299237203, 6678390.65599318780005 ], [ 318863.26300057140179, 6674785.150989605113864 ], [ 311679.742000902420841, 6675768.826985711231828 ], [ 314298.047000792925246, 6682451.862987065687776 ], [ 311186.002000967506319, 6685044.949985113926232 ], [ 311577.62000094918767, 6686032.545985332690179 ], [ 319231.63200060086092, 6690169.648989434354007 ], [ 319314.378000617434736, 6696972.812989320605993 ], [ 323127.585000483551994, 6698912.219990990124643 ], [ 323117.104000500927214, 6705869.090990852564573 ], [ 318062.995000697730575, 6706087.887988482601941 ], [ 320774.234000598371495, 6710467.029989712871611 ] ] ] ] } },
{ "type": "Feature", "properties": { "id": 290, "gml_id": 28019731, "natcode": "981", "namefin": "Ypäjä", "nameswe": "Ypäjä", "landarea": 182.76, "freshwarea": 0.49, "seawarea": null, "totalarea": 183.25 }, "geometry": { "type": "MultiPolygon", "coordinates": [ [ [ [ 290626.557003535679542, 6743768.628961066715419 ], [ 295059.644002909888513, 6749230.719966847449541 ], [ 290386.608003660861868, 6750853.005960097536445 ], [ 290311.612003736547194, 6755994.396959532983601 ], [ 297451.456002649385482, 6756204.327969381585717 ], [ 304237.406001763243694, 6739157.850977596826851 ], [ 296901.866002542432398, 6736363.868970026262105 ], [ 290626.557003535679542, 6743768.628961066715419 ] ] ] ] } },
{ "type": "Feature", "properties": { "id": 291, "gml_id": 28026215, "natcode": "072", "namefin": "Hailuoto", "nameswe": "Karlö", "landarea": 205.61, "freshwarea": 1.69, "seawarea": 875.4, "totalarea": 1082.7 }, "geometry": { "type": "MultiPolygon", "coordinates": [ [ [ [ 405158.020000000251457, 7206221.723000111058354 ], [ 393701.714000013074838, 7199025.714999817311764 ], [ 360431.317000333103351, 7212610.456995787099004 ], [ 364871.816000259015709, 7230928.852996654808521 ], [ 403898.34000000206288, 7225741.843000079505146 ], [ 412254.652999998186715, 7216585.946000203490257 ], [ 405158.020000000251457, 7206221.723000111058354 ] ] ] ] } },
{ "type": "Feature", "properties": { "id": 292, "gml_id": 28023146, "natcode": "275", "namefin": "Konnevesi", "nameswe": "Konnevesi", "landarea": 512.94, "freshwarea": 167.91, "seawarea": null, "totalarea": 680.85 }, "geometry": { "type": "MultiPolygon", "coordinates": [ [ [ [ 450476.004999999306165, 6939564.802000256255269 ], [ 460762.36999999982072, 6949987.792000259272754 ], [ 457047.040999999677297, 6951136.807000258937478 ], [ 455815.177999999781605, 6959175.019000260159373 ], [ 450310.042999999364838, 6966508.130000260658562 ], [ 457015.923999999649823, 6968958.402000264264643 ], [ 467138.506999999983236, 6957567.47700026165694 ], [ 471765.145000000076834, 6962221.130000262521207 ], [ 479045.266999999934342, 6945730.463000259362161 ], [ 475184.148999999975786, 6934035.833000254817307 ], [ 469100.488000000012107, 6930714.68000025395304 ], [ 459600.362999999779277, 6938835.848000255413353 ], [ 457583.072999999625608, 6927759.006000251509249 ], [ 450476.004999999306165, 6939564.802000256255269 ] ] ] ] } },
{ "type": "Feature", "properties": { "id": 293, "gml_id": 28019265, "natcode": "304", "namefin": "Kustavi", "nameswe": "Gustavs", "landarea": 166.76, "freshwarea": 1.67, "seawarea": 601.5, "totalarea": 769.93 }, "geometry": { "type": "MultiPolygon", "coordinates": [ [ [ [ 185267.85016222455306, 6743788.022970392368734 ], [ 198495.737104616069701, 6726271.093297777697444 ], [ 199883.428096566174645, 6712104.533343641087413 ], [ 194846.442113825585693, 6716583.816242534667253 ], [ 186604.751145177695435, 6716432.424062096513808 ], [ 178985.103183050989173, 6721226.617850730195642 ], [ 171234.45124264084734, 6745918.459531648084521 ], [ 158291.350346635910682, 6748278.864987377077341 ], [ 140852.987571380857844, 6767208.245871307328343 ], [ 144381.636525917856488, 6769674.180094326846302 ], [ 185267.85016222455306, 6743788.022970392368734 ] ], [ [ 177185.85120224423008, 6739825.216748675331473 ], [ 181868.716176942107268, 6739598.616887778043747 ], [ 181199.112178987183142, 6736686.354875950142741 ], [ 177185.85120224423008, 6739825.216748675331473 ] ] ] ] } },
{ "type": "Feature", "properties": { "id": 294, "gml_id": 28024492, "natcode": "280", "namefin": "Korsnäs", "nameswe": "Korsnäs", "landarea": 236.25, "freshwarea": 3.77, "seawarea": 1184.69, "totalarea": 1424.71 }, "geometry": { "type": "MultiPolygon", "coordinates": [ [ [ [ 160279.89163375942735, 6995506.377643481828272 ], [ 207929.756160689459648, 6991941.096011457964778 ], [ 213576.610130262968596, 6979833.747178494930267 ], [ 211383.637140619917773, 6982558.179121031425893 ], [ 209812.415145560749806, 6977271.998093123547733 ], [ 212899.69712876342237, 6967883.504185762256384 ], [ 208119.840146969130728, 6961636.345083711668849 ], [ 201572.233181101037189, 6964639.081897362135351 ], [ 165571.979505473806057, 6964247.652249711565673 ], [ 160279.89163375942735, 6995506.377643481828272 ] ] ], [ [ [ 213553.551126321370248, 6968424.528199528343976 ], [ 213667.325125456263777, 6967234.610204282216728 ], [ 212932.021128359832801, 6967112.908187954686582 ], [ 213553.551126321370248, 6968424.528199528343976 ] ] ], [ [ [ 214356.705122043320443, 6965143.610223318450153 ], [ 213203.731126420898363, 6964697.032198618166149 ], [ 213453.069125672802329, 6965400.78820289298892 ], [ 214356.705122043320443, 6965143.610223318450153 ] ] ] ] } },
{ "type": "Feature", "properties": { "id": 295, "gml_id": 28019881, "natcode": "480", "namefin": "Marttila", "nameswe": "Marttila", "landarea": 195.31, "freshwarea": 0.68, "seawarea": null, "totalarea": 195.99 }, "geometry": { "type": "MultiPolygon", "coordinates": [ [ [ [ 270007.357008321792819, 6724879.303920407779515 ], [ 279891.022005657432601, 6737345.309942570514977 ], [ 286367.939004011568613, 6721621.731956353411078 ], [ 271984.469007439911366, 6715508.800927230156958 ], [ 270007.357008321792819, 6724879.303920407779515 ] ] ] ] } },
{ "type": "Feature", "properties": { "id": 296, "gml_id": 28027831, "natcode": "148", "namefin": "Inari", "nameswe": "Enare", "landarea": 15099.73, "freshwarea": 2233.99, "seawarea": null, "totalarea": 17333.72 }, "geometry": { "type": "MultiPolygon", "coordinates": [ [ [ [ 449883.729999999806751, 7671333.780000301077962 ], [ 512337.241999999969266, 7708583.356000299565494 ], [ 534552.516000000061467, 7717650.902000298723578 ], [ 551149.250000000116415, 7749613.18000028654933 ], [ 582627.389999984065071, 7733342.150000006891787 ], [ 591393.419999961508438, 7709444.309999697841704 ], [ 572494.579999997047707, 7680463.280000218190253 ], [ 571833.15999999770429, 7667814.080000228248537 ], [ 576967.999999994761311, 7661361.30000017490238 ], [ 556836.500000000232831, 7645589.800000296905637 ], [ 559012.800000000279397, 7642293.000000294297934 ], [ 572439.799999997834675, 7640848.700000233016908 ], [ 569068.399999999208376, 7625464.40000026114285 ], [ 558541.900000000256114, 7603716.60000029951334 ], [ 560577.549000000231899, 7595568.968000298365951 ], [ 551793.382000000332482, 7594867.065000313334167 ], [ 520679.44700000010198, 7581259.141000316478312 ], [ 466815.733, 7578112.381000316701829 ], [ 457685.758999999961816, 7574160.881000315770507 ], [ 439158.616999999678228, 7578243.864000299945474 ], [ 418939.25000000622822, 7588218.87700015399605 ], [ 415210.800000011455268, 7611782.160000066272914 ], [ 423352.410000003525056, 7615172.310000200755894 ], [ 424874.400000003166497, 7631368.380000211298466 ], [ 429480.260000001406297, 7637948.880000250414014 ], [ 438741.780000000086147, 7644476.150000289082527 ], [ 443238.649999999906868, 7641997.59000029694289 ], [ 445950.589999999909196, 7644458.990000302903354 ], [ 451148.059999999764841, 7656887.130000303499401 ], [ 449883.729999999806751, 7671333.780000301077962 ] ] ] ] } },
{ "type": "Feature", "properties": { "id": 297, "gml_id": 28027349, "natcode": "563", "namefin": "Oulainen", "nameswe": "Oulainen", "landarea": 586.63, "freshwarea": 9.73, "seawarea": null, "totalarea": 596.36 }, "geometry": { "type": "MultiPolygon", "coordinates": [ [ [ [ 385966.615000022575259, 7138920.90499955508858 ], [ 386947.93500002019573, 7139683.348999605514109 ], [ 386849.447000020591076, 7141294.417999596334994 ], [ 388806.173000015376601, 7139966.392999690026045 ], [ 385966.615000022575259, 7138920.90499955508858 ] ] ], [ [ [ 386300.932000022148713, 7141178.317999569699168 ], [ 386537.036000021500513, 7141021.227999581955373 ], [ 386326.581000022008084, 7141001.147999570704997 ], [ 386300.932000022148713, 7141178.317999569699168 ] ] ], [ [ [ 385627.081000023463275, 7138163.304999536834657 ], [ 386858.238000020035543, 7138570.53699960000813 ], [ 387161.170000019250438, 7137962.567999619990587 ], [ 385627.081000023463275, 7138163.304999536834657 ] ] ], [ [ [ 385525.362000023946166, 7138210.720999531447887 ], [ 385657.952000023506116, 7138078.821999540552497 ], [ 385437.714000024017878, 7138120.26199952699244 ], [ 385525.362000023946166, 7138210.720999531447887 ] ] ], [ [ [ 385745.831000022822991, 7135719.743999551981688 ], [ 385434.479000023566186, 7135666.024999533779919 ], [ 385727.011000022874214, 7135799.530999548733234 ], [ 385745.831000022822991, 7135719.743999551981688 ] ] ], [ [ [ 385619.736000022967346, 7135241.57399954367429 ], [ 385939.559000022185501, 7135304.073999562300742 ], [ 385652.813000022957567, 7135166.237999546341598 ], [ 385619.736000022967346, 7135241.57399954367429 ] ] ], [ [ [ 385742.031000022543594, 7134989.342999549582601 ], [ 386047.764000021852553, 7135204.247999565675855 ], [ 386102.329000021680258, 7135160.309999569319189 ], [ 385742.031000022543594, 7134989.342999549582601 ] ] ], [ [ [ 397308.227000000071712, 7111227.546999996528029 ], [ 382543.364000030094758, 7120022.975999395363033 ], [ 380391.303000040934421, 7128512.531999234110117 ], [ 387111.716000018292107, 7131206.024999625980854 ], [ 388579.490000015532132, 7137242.56899968534708 ], [ 395589.136000003898516, 7140143.868999931961298 ], [ 393682.799000006518327, 7140827.443999878130853 ], [ 395348.72200000466546, 7142588.981999926269054 ], [ 412986.623999995994382, 7134009.983000217936933 ], [ 415758.455999995989259, 7129465.787000236101449 ], [ 412800.270999996049795, 7130590.981000217609107 ], [ 410560.637999996077269, 7124034.393000198528171 ], [ 400352.008999998099171, 7113773.540000059641898 ], [ 396150.592000001401175, 7115313.271999964490533 ], [ 397308.227000000071712, 7111227.546999996528029 ] ], [ [ 409936.539999995846301, 7125447.631000190973282 ], [ 409324.600999996066093, 7126284.029000186361372 ], [ 409914.305999995965976, 7125834.950000189244747 ], [ 410634.783999995910563, 7126794.056000197306275 ], [ 409936.539999995846301, 7125447.631000190973282 ] ], [ [ 382986.133000030124094, 7127147.296999409794807 ], [ 382857.150000030640513, 7127037.196999399922788 ], [ 381943.561000034096651, 7127981.203999338671565 ], [ 382848.59600003081141, 7127940.132999398745596 ], [ 382986.133000030124094, 7127147.296999409794807 ] ], [ [ 386789.545000017795246, 7123909.574999618344009 ], [ 388288.334000014176127, 7123824.355999689549208 ], [ 387683.684000015608035, 7123366.241999664343894 ], [ 386789.545000017795246, 7123909.574999618344009 ] ] ] ] } },
{ "type": "Feature", "properties": { "id": 298, "gml_id": 28020844, "natcode": "927", "namefin": "Vihti", "nameswe": "Vichtis", "landarea": 522.23, "freshwarea": 44.83, "seawarea": null, "totalarea": 567.06 }, "geometry": { "type": "MultiPolygon", "coordinates": [ [ [ [ 369141.976999971084297, 6693762.931999358348548 ], [ 365352.955999973346479, 6688888.045999157242477 ], [ 361962.720999979181215, 6690366.854998934082687 ], [ 362624.090999976382591, 6685325.89699899032712 ], [ 357274.659999989788048, 6686963.922998561523855 ], [ 352899.517000003834255, 6681792.723998145200312 ], [ 349518.904000025591813, 6689020.529997708275914 ], [ 345713.071000051917508, 6687943.614997168071568 ], [ 345838.783000056049787, 6694970.510997144505382 ], [ 342067.039000095333904, 6698486.550996473059058 ], [ 344565.088000078452751, 6708737.327996846288443 ], [ 348708.2160000448348, 6710739.591997485607862 ], [ 350498.19000003032852, 6706890.934997748583555 ], [ 360778.208999988157302, 6710231.500998795032501 ], [ 358726.218999996199273, 6715710.044998607598245 ], [ 365623.962999980081804, 6716265.580999126657844 ], [ 367281.817999978433363, 6719099.390999220311642 ], [ 370966.097999973106198, 6711301.044999424368143 ], [ 363954.34899998025503, 6707069.303999033756554 ], [ 369141.976999971084297, 6693762.931999358348548 ] ] ] ] } },
{ "type": "Feature", "properties": { "id": 299, "gml_id": 28021863, "natcode": "580", "namefin": "Parikkala", "nameswe": "Parikkala", "landarea": 592.16, "freshwarea": 168.55, "seawarea": null, "totalarea": 760.71 }, "geometry": { "type": "MultiPolygon", "coordinates": [ [ [ [ 665420.368999522528611, 6861728.460992561653256 ], [ 640696.999999960418791, 6823582.399998295120895 ], [ 632895.899999995017424, 6820123.89999900944531 ], [ 630413.280000003403984, 6812512.265999196097255 ], [ 622639.586000013398007, 6822660.991999579593539 ], [ 618959.170000016107224, 6822774.404999719932675 ], [ 621766.329000012949109, 6831432.380999606102705 ], [ 634302.974999983445741, 6841586.112998845055699 ], [ 635242.405999978189357, 6845880.072998753748834 ], [ 665420.368999522528611, 6861728.460992561653256 ] ] ] ] } },
{ "type": "Feature", "properties": { "id": 300, "gml_id": 28021583, "natcode": "739", "namefin": "Savitaipale", "nameswe": "Savitaipale", "landarea": 539.64, "freshwarea": 150.91, "seawarea": null, "totalarea": 690.55 }, "geometry": { "type": "MultiPolygon", "coordinates": [ [ [ [ 519122.690000000060536, 6782170.068000201135874 ], [ 523073.983, 6793120.781000207178295 ], [ 530951.386000000056811, 6792241.171000205911696 ], [ 529091.23499999998603, 6795122.902000205591321 ], [ 533116.689999999944121, 6798225.568000208586454 ], [ 531862.06900000013411, 6801157.26200021058321 ], [ 549805.424000000930391, 6802171.894000210799277 ], [ 544770.409000000334345, 6797203.270000207237899 ], [ 545251.054000000352971, 6790795.500000203959644 ], [ 540436.791000000201166, 6792450.386000204831362 ], [ 544140.248000000487082, 6784059.841000203043222 ], [ 537395.109000000404194, 6779784.630000200122595 ], [ 538205.826000000350177, 6774451.848000200465322 ], [ 533313.246000000159256, 6770086.234000197611749 ], [ 535055.268000000156462, 6766688.631000195629895 ], [ 524672.179000000120141, 6765093.692000196315348 ], [ 519645.12699999997858, 6774135.688000198453665 ], [ 509524.512999999918975, 6774712.099000200629234 ], [ 511075.037000000011176, 6780901.79500020109117 ], [ 519122.690000000060536, 6782170.068000201135874 ] ] ] ] } },
{ "type": "Feature", "properties": { "id": 301, "gml_id": 28020934, "natcode": "049", "namefin": "Espoo", "nameswe": "Esbo", "landarea": 312.88, "freshwarea": 17.99, "seawarea": 197.16, "totalarea": 528.03 }, "geometry": { "type": "MultiPolygon", "coordinates": [ [ [ [ 379983.812999968940858, 6681677.658999769948423 ], [ 379768.801999967487063, 6667904.737999768927693 ], [ 376718.773999965866096, 6664611.854999684728682 ], [ 384970.196999969019089, 6644567.215999888256192 ], [ 378695.873999964445829, 6642417.391999750398099 ], [ 368240.933999966946431, 6670417.410999343730509 ], [ 362309.922999974223785, 6675776.084998988546431 ], [ 361962.720999979181215, 6690366.854998934082687 ], [ 365352.955999973346479, 6688888.045999157242477 ], [ 371269.295999969821423, 6694218.49399945512414 ], [ 375773.953999968944117, 6691596.515999632887542 ], [ 377355.889999967883341, 6680366.227999694645405 ], [ 379983.812999968940858, 6681677.658999769948423 ] ], [ [ 375297.416999967186712, 6678163.547999628819525 ], [ 371987.127999966905918, 6676674.53899950440973 ], [ 371177.531999967060983, 6677182.197999470867217 ], [ 375297.416999967186712, 6678163.547999628819525 ] ] ] ] } },
{ "type": "Feature", "properties": { "id": 302, "gml_id": 28021948, "natcode": "831", "namefin": "Taipalsaari", "nameswe": "Taipalsaari", "landarea": 345.01, "freshwarea": 416.94, "seawarea": null, "totalarea": 761.95 }, "geometry": { "type": "MultiPolygon", "coordinates": [ [ [ [ 574927.383000004687347, 6795299.456000197678804 ], [ 569894.086000003502704, 6790281.106000198982656 ], [ 575790.737000004970469, 6783230.944000190123916 ], [ 570421.647000003606081, 6777173.266000194475055 ], [ 564436.789000002434477, 6774667.932000195607543 ], [ 561143.706000001984648, 6777767.144000198692083 ], [ 562685.247000002069399, 6773929.590000196360052 ], [ 557613.948000001488253, 6775794.622000199742615 ], [ 553500.636000001220964, 6770046.189000197686255 ], [ 550332.88500000082422, 6777705.285000199452043 ], [ 547492.639000000548549, 6777028.839000198058784 ], [ 545732.280000000493601, 6781988.686000200919807 ], [ 542196.954000000376254, 6781271.564000202342868 ], [ 544209.293000000296161, 6788087.497000204399228 ], [ 540436.791000000201166, 6792450.386000204831362 ], [ 545251.054000000352971, 6790795.500000203959644 ], [ 544770.409000000334345, 6797203.270000207237899 ], [ 549842.56600000069011, 6802204.08000020775944 ], [ 566913.401000002748333, 6805721.64700020570308 ], [ 574927.383000004687347, 6795299.456000197678804 ] ] ] ] } },
{ "type": "Feature", "properties": { "id": 303, "gml_id": 28018549, "natcode": "062", "namefin": "Föglö", "nameswe": "Föglö", "landarea": 135.37, "freshwarea": 0.2, "seawarea": 1733.5, "totalarea": 1869.07 }, "geometry": { "type": "MultiPolygon", "coordinates": [ [ [ [ 124583.150674087635707, 6675227.702336904592812 ], [ 127372.356630237656645, 6675348.360549114644527 ], [ 129346.124611812352668, 6682604.673641808331013 ], [ 133870.645545853185467, 6681525.409964423626661 ], [ 133969.078551008307841, 6686166.071940849535167 ], [ 139853.144472369458526, 6683419.99733005464077 ], [ 140587.388466130534653, 6685460.72336202301085 ], [ 145735.020405252173077, 6681943.913668275810778 ], [ 146367.241383986955043, 6667244.377772225998342 ], [ 151992.14832389971707, 6657754.976080449298024 ], [ 119818.864642861299217, 6611177.205458050593734 ], [ 101937.062015990435611, 6627506.265696788206697 ], [ 113489.678818225977011, 6647529.092634695582092 ], [ 112854.468861394445412, 6662026.883438962511718 ], [ 117473.088776133896317, 6663786.529842941090465 ], [ 118628.556758141610771, 6665346.357929359190166 ], [ 121962.610701874189544, 6666304.182199027389288 ], [ 124583.150674087635707, 6675227.702336904592812 ] ] ], [ [ [ 116749.292789368482772, 6663702.950780040584505 ], [ 116749.645790135371499, 6664090.589776600711048 ], [ 117206.258781872456893, 6664202.608815886080265 ], [ 116749.292789368482772, 6663702.950780040584505 ] ] ], [ [ [ 113520.998849944793619, 6662906.001493311487138 ], [ 113850.532843548571691, 6662972.960523474030197 ], [ 113789.448844375787303, 6662793.917519480921328 ], [ 113520.998849944793619, 6662906.001493311487138 ] ] ], [ [ [ 114051.088839268661104, 6662820.975543566048145 ], [ 114178.335837241087575, 6663045.612553245387971 ], [ 114284.248834812548012, 6662879.60456460993737 ], [ 114051.088839268661104, 6662820.975543566048145 ] ] ] ] } },
{ "type": "Feature", "properties": { "id": 304, "gml_id": 28024522, "natcode": "846", "namefin": "Teuva", "nameswe": "Östermark", "landarea": 554.73, "freshwarea": 1.32, "seawarea": null, "totalarea": 556.05 }, "geometry": { "type": "MultiPolygon", "coordinates": [ [ [ [ 234990.134055280941539, 6925005.507612252607942 ], [ 217058.599103545304388, 6936696.916326203383505 ], [ 226075.376081522321329, 6956548.454456123523414 ], [ 228945.746074161317665, 6956914.415499811060727 ], [ 228214.846075447567273, 6954296.579491965472698 ], [ 226610.175079683365766, 6954715.783466859720647 ], [ 226635.59907930821646, 6953318.099468979053199 ], [ 234180.916061779600568, 6954971.017574233934283 ], [ 233138.451063340646215, 6951147.611564510501921 ], [ 237720.265054292103741, 6952385.598619961179793 ], [ 240070.363049652980408, 6949760.420648599043489 ], [ 242107.261046727653593, 6953682.276667104102671 ], [ 248616.0720367457252, 6951180.017730447463691 ], [ 248866.222035935294116, 6946499.034735471941531 ], [ 243283.455043713736814, 6944773.556685641407967 ], [ 234990.134055280941539, 6925005.507612252607942 ] ], [ [ 239138.612050976895262, 6947511.134640230797231 ], [ 238242.674052812653827, 6948994.858628918416798 ], [ 239408.294050618977053, 6948362.581642503850162 ], [ 239138.612050976895262, 6947511.134640230797231 ] ], [ [ 238092.076053302414948, 6950423.431625965982676 ], [ 237639.022054285742342, 6951333.534619938582182 ], [ 237915.371053743176162, 6951173.406623283401132 ], [ 238092.076053302414948, 6950423.431625965982676 ] ] ] ] } },
{ "type": "Feature", "properties": { "id": 305, "gml_id": 28022023, "natcode": "077", "namefin": "Hankasalmi", "nameswe": "Hankasalmi", "landarea": 571.7, "freshwarea": 116.05, "seawarea": null, "totalarea": 687.75 }, "geometry": { "type": "MultiPolygon", "coordinates": [ [ [ [ 465137.751000000047497, 6895843.056000241078436 ], [ 463422.467999999877065, 6907808.206000246107578 ], [ 458473.225999999733176, 6914024.762000247836113 ], [ 462645.141999999876134, 6912836.26900024805218 ], [ 464391.665999999968335, 6919315.179000249132514 ], [ 461653.485999999917112, 6919843.631000249646604 ], [ 459600.362999999779277, 6938835.848000255413353 ], [ 469100.488000000012107, 6930714.68000025395304 ], [ 472419.130999999935739, 6934178.027000254020095 ], [ 481068.066000000166241, 6924451.701000248081982 ], [ 484429.694000000075903, 6925353.860000250861049 ], [ 483489.125999999931082, 6919208.534000250510871 ], [ 488625.39000000001397, 6913268.467000246979296 ], [ 482860.031999999948312, 6912308.661000246182084 ], [ 483572.479999999923166, 6908502.157000243663788 ], [ 479807.431999999913387, 6907101.252000246196985 ], [ 481935.341999999945983, 6898394.919000241905451 ], [ 476326.768999999912921, 6903855.307000244967639 ], [ 471298.36099999997532, 6897778.593000244349241 ], [ 465137.751000000047497, 6895843.056000241078436 ] ] ] ] } },
{ "type": "Feature", "properties": { "id": 306, "gml_id": 28022770, "natcode": "759", "namefin": "Soini", "nameswe": "Soini", "landarea": 551.95, "freshwarea": 22.27, "seawarea": null, "totalarea": 574.22 }, "geometry": { "type": "MultiPolygon", "coordinates": [ [ [ [ 365541.960000075632706, 6984316.806998340412974 ], [ 365064.470000076689757, 6979207.829998306930065 ], [ 370238.793000043020584, 6976578.84799884352833 ], [ 370211.515000042039901, 6973788.009998846799135 ], [ 365587.729000070481561, 6974440.919998387806118 ], [ 364378.617000078083947, 6971320.846998260356486 ], [ 371530.387000031070784, 6959152.230998998507857 ], [ 373036.312000023259316, 6953044.960999126546085 ], [ 370577.486000032979064, 6951977.748998942784965 ], [ 360582.188000103691593, 6958944.794997830875218 ], [ 361105.043000100413337, 6961695.985997887328267 ], [ 357636.362000135122798, 6959575.280997381545603 ], [ 360798.298000100534409, 6957289.043997867964208 ], [ 358224.611000124306884, 6953625.811997515149415 ], [ 356963.607000142394099, 6958464.124997278675437 ], [ 352602.632000199519098, 6954959.729996495880187 ], [ 348292.9790002835216, 6960258.529995461925864 ], [ 351453.587000233354047, 6969143.693996126763523 ], [ 354507.804000184871256, 6970011.718996752984822 ], [ 346951.941000331193209, 6973669.695994951762259 ], [ 349569.289000290678814, 6986827.817995496094227 ], [ 352599.116000230249483, 6984860.201996232382953 ], [ 357374.742000162252225, 6990194.168997132219374 ], [ 365541.960000075632706, 6984316.806998340412974 ] ], [ [ 371959.728000028349925, 6955676.456999042071402 ], [ 370738.506000033521559, 6955848.869998944923282 ], [ 371782.07100002921652, 6956250.463999027386308 ], [ 371959.728000028349925, 6955676.456999042071402 ] ], [ [ 350201.857000246178359, 6960216.283995925448835 ], [ 349219.313000267953612, 6962761.730995665304363 ], [ 350749.549000238883309, 6962519.42299603112042 ], [ 350201.857000246178359, 6960216.283995925448835 ] ] ] ] } },
{ "type": "Feature", "properties": { "id": 307, "gml_id": 28024818, "natcode": "233", "namefin": "Kauhava", "nameswe": "Kauhava", "landarea": 1313.89, "freshwarea": 14.5, "seawarea": null, "totalarea": 1328.39 }, "geometry": { "type": "MultiPolygon", "coordinates": [ [ [ [ 321659.111001855460927, 7021930.731979988515377 ], [ 318782.601002103998326, 7013433.828977666795254 ], [ 313550.681002775207162, 7015078.658971762284636 ], [ 312991.227002844505478, 7013892.553971150889993 ], [ 318668.162002095836215, 7010423.031977714970708 ], [ 321588.5440017330111, 7000270.934980933554471 ], [ 315546.152002338320017, 6993859.163975386880338 ], [ 300323.821004976402037, 6995032.927953146398067 ], [ 292909.036007123533636, 7000919.236936268396676 ], [ 286846.473009198554792, 6996800.668920375406742 ], [ 282628.384011212736368, 7002418.515905540436506 ], [ 277397.567013983614743, 7002957.870885490439832 ], [ 281203.037012101267464, 7007823.639899167232215 ], [ 280852.19901244493667, 7012317.486896771006286 ], [ 277228.533014513202943, 7013258.263881960883737 ], [ 280292.406012897612527, 7016464.128893596120179 ], [ 277252.011014914547559, 7022908.175879338756204 ], [ 283166.664011752989609, 7026079.555902083404362 ], [ 281940.235012460849248, 7028295.517897001467645 ], [ 287502.620009899954312, 7031033.183915784582496 ], [ 281448.327012761554215, 7029351.512894853018224 ], [ 286823.700010246946476, 7032714.967913249507546 ], [ 293423.040007662493736, 7032753.486932640895247 ], [ 298813.974005920696072, 7028712.223946087062359 ], [ 298653.251006050384603, 7033398.21394512988627 ], [ 305543.670004327781498, 7030183.998958881013095 ], [ 310586.421003439289052, 7035650.361966309137642 ], [ 311141.073003279860131, 7029353.935967589728534 ], [ 321659.111001855460927, 7021930.731979988515377 ] ] ], [ [ [ 312541.250003092980478, 7033022.729969213716686 ], [ 312368.225003095518332, 7030521.872969167307019 ], [ 312044.813003167917486, 7032679.139968572184443 ], [ 312541.250003092980478, 7033022.729969213716686 ] ] ], [ [ [ 320997.219001902965829, 7018794.326979530975223 ], [ 321446.858001841465011, 7016187.521980069577694 ], [ 320393.231001960812137, 7018050.094979000277817 ], [ 320997.219001902965829, 7018794.326979530975223 ] ] ], [ [ [ 321787.523001796740573, 7014321.750980463810265 ], [ 321244.573001860058866, 7015908.618979899212718 ], [ 322156.85600175120635, 7012609.993980867788196 ], [ 321787.523001796740573, 7014321.750980463810265 ] ] ] ] } },
{ "type": "Feature", "properties": { "id": 308, "gml_id": 28020764, "natcode": "433", "namefin": "Loppi", "nameswe": "Loppi", "landarea": 597.93, "freshwarea": 58.03, "seawarea": null, "totalarea": 655.96 }, "geometry": { "type": "MultiPolygon", "coordinates": [ [ [ [ 340169.431000166281592, 6743358.367995705455542 ], [ 346414.115000091143884, 6746083.371996914036572 ], [ 363224.206999990507029, 6736950.399998920038342 ], [ 373106.609999976761173, 6739765.300999487750232 ], [ 373874.842999975488055, 6734442.785999526269734 ], [ 369268.590999978361651, 6730947.994999312795699 ], [ 365623.962999980081804, 6716265.580999126657844 ], [ 358726.218999996199273, 6715710.044998607598245 ], [ 354830.591000014799647, 6722516.942998199723661 ], [ 351205.054000032250769, 6717453.113997790962458 ], [ 348814.749000052863266, 6723424.07099743373692 ], [ 338539.595000171335414, 6726518.760995493270457 ], [ 340169.431000166281592, 6743358.367995705455542 ] ] ] ] } }
]
}
